trip_id,date,day_of_week,is_weekend,time_period,scheduled_time,actual_time,route_id,vehicle_id,stage_id,delay_minutes,on_time,cancelled,occupancy_level,weather,incident_type,fare_kes,passenger_rating
TRP00111,2025-07-10,Thursday,No,Evening Peak (4-7pm),18:43,18:52,9,85,6,9.4,False,FALSE,Low (<50%),Heavy Rain,None,137,3.1
TRP02848,2025-07-12,Saturday,yes,Midday (9am-4pm),11:01,11:08,5,89,2,7.6,0,No,Low (<50%),Heavy Rain,None,87,2.1
TRP00764,07-03-2025,Thursday,No,Night (7-10pm),20:14,20:17,3,21,2,3.6,true,0,Moderate (50-80%),,None,120,3.4
TRP00565,2025-02-15,Saturday,true,Early Morning (5-7am),05:32,05:26,7,8,6,-6.0,N,false,Moderate (50-80%),Clear,None,150,3.8
TRP02687,2025-01-11,Saturday,True,Midday (9am-4pm),10:37,10:36,8,47,1,-1.0,True,no,Moderate (50-80%),Light Rain,Overloading Delay,68,4.4
TRP00260,2025-04-17,Thursday,no,Early Morning (5-7am),05:59,05:57,11,84,8,-1.8,true,N,,Clear,None,110,3.2
TRP03274,2025-01-06,Monday,N,Evening Peak (4-7pm),16:49,16:54,1,15,7,5.3,false,FALSE,Full (80-100%),,None,157,2.4
TRP02351,2025-04-24,Thursday,False,MIDDAY (9AM-4PM),10:30,10:29,2,66,8,-0.7,Y,N,Full (80-100%),clear,None,90,5.0
TRP01348,2025/08/19,Tuesday,No,Evening Peak (4-7pm),18:56,19:04,5,24,5,8.4,False,False,Overloaded (>100%),Clear,Road Construction,102,3.1
TRP00269,2025-05-23,Friday,false,Evening Peak (4-7pm),17:28,17:59,6,81,7,31.5,0,False,Moderate (50-80%),Overcast,  Vehicle Breakdown  ,128,2.0
TRP02516,2025-02-15,Saturday,1,Midday (9am-4pm),09:09,09:03,10,99,7,-6.0,false,N,Low (<50%),Clear,NONE,70,
TRP03175,2025-04-01,Tuesday,no,Night (7-10pm),21:41,21:44,10,60,5,3.8,yes,No,Moderate (50-80%),Clear,Overloading Delay,70,4.8
TRP00556,2025-06-25,Wednesday,False,Night (7-10pm),20:37,20:41,2,33,2,4.9,True,false,Moderate (50-80%),,None,109,4.6
TRP01815,2025-04-28,Monday,False,Morning Peak (7-9am),07:54,07:54,12,84,9,0.5,TRUE,no,,Clear,None,220,4.0
TRP02312,2025-05-23,  Friday  ,False,Night (7-10pm),19:49,19:46,5,13,6,-2.7,1,False,Low (<50%),Clear,None,70,2.5
TRP03016,2025-01-03,Friday,False,Morning Peak (7-9am),08:29,08:44,10,50,1,15.1,no,no,Moderate (50-80%),Clear,Road Accident Nearby,103,1.5
TRP01651,2025-04-23,Wednesday,False,Midday (9am-4pm),11:59,12:19,3,96,7,20.2,FALSE,False,low (<50%),Clear,Vehicle Breakdown,120,2.9
TRP00461,2025-07-11,Friday,False,Early Morning (5-7am),05:09,05:25,6,86,4,16.3,False,no,Low (<50%),n/a,Road Accident Nearby,120,4.7
TRP02401,03/02/2025,monday,0,Evening Peak (4-7pm),16:20,16:38,11,60,4,18.0 min,no,FALSE,Full (80-100%),Clear,Road Accident Nearby,140,1.7
TRP02056,2025-02-09,Sunday,yes,Midday (9am-4pm),11:42,11:39,2,114,2,-2.7 min,Yes,FALSE,Low (<50%),Heavy Rain,None,109,3.5
TRP03449,2025-03-10,Monday,No,Evening Peak (4-7pm),16:57,17:24,4,88,8,27.2,False,False,Low (<50%),Clear,Vehicle Breakdown,97,3.5
TRP00636,2025-06-01,Sunday,TRUE,Morning Peak (7-9am),08:26,08:26,11,9,4,0.4,TRUE,False,,Overcast,None,148,3.8
TRP00632,2025-07-11,Friday,FALSE,Morning Peak (7-9am),08:27,08:50,4,96,11,23.2,N,N,Moderate (50-80%),Light Rain,Vehicle Breakdown,129,3.7
TRP03233,2025-06-21,Saturday,TRUE,Night (7-10pm),21:18,21:27,5,83,5,9.8,false,No,Moderate (50-80%),Overcast,Road Accident Nearby,70,2.2
TRP01666,2025-03-10,Monday,no,Evening Peak (4-7pm),16:05,16:35,10,42,9,30.5 min,no,No,Moderate (50-80%),Clear,Road Accident Nearby,101,2.6
TRP00220,2025-01-06,Monday,0,Morning Peak (7-9am),07:22,07:32,2,78,3,10.8,no,False,Low (<50%),Clear,Traffic Jam,99,2.5
TRP00177,2025-05-25,Sunday,Y,Midday (9am-4pm),11:31,11:36,9,88,3,5.4,False,False,Moderate (50-80%),Clear,Police Checkpoint,80,2.0
TRP02826,2025-03-12,WEDNESDAY,false,Morning Peak (7-9am),07:46,08:03,5,42,1,17.5,false,false,Low (<50%),Heavy Rain,None,137,1.4
TRP01180,15/07/2025,Tuesday,No,Morning Peak (7-9am),07:58,08:07,3,64,7,9.1,no,false,Moderate (50-80%),Light Rain,Road Construction,168,2.2
TRP01906,2025-06-21,Saturday,True,Midday (9am-4pm),14:02,13:56,9,10,11,-6.0,False,No,Low (<50%),Clear,None,80,2.7
TRP01855,2025-08-27,Wednesday,no,Evening Peak (4-7pm),18:56,18:59,5,24,4,3.6,False,Y,Moderate (50-80%),Clear,None,90,2.7
TRP01967,2025-02-08,Saturday,Yes,Morning Peak (7-9am),08:42,08:45,12,81,6,3.9,Yes,false,Full (80-100%),clear,None,249,4.0
TRP01683,2025-03-23,  Sunday  ,Yes,night (7-10pm),19:38,19:49,5,10,1,11.2,no,FALSE,NA,Clear,Traffic Jam,70,1.4
TRP03225,2025-05-01,Thursday,FALSE,Night (7-10pm),21:07,21:07,10,91,8,0.8,yes,No,-,Clear,None,70,4.8
TRP00113,2025-03-16,Sunday,Yes,Early Morning (5-7am),05:12,05:09,4,42,8,-2.3,True,no,Low (<50%),Clear,None,Ksh80,2.2
TRP01173,2025-01-10,Friday,no,Morning Peak (7-9am),08:31,08:33,10,18,2,2.9,TRUE,0,Moderate (50-80%),Clear,None,Ksh84,4.7
TRP00902,2025-04-07,Monday,No,Midday (9am-4pm),13:16,13:24,4,7,6,8.9 min,false,false,Low (<50%),Clear,Traffic Jam,80,1.1
TRP00230,2025-07-05,Saturday,yes,Night (7-10pm),20:09,20:08,6,99,3,-0.6 min,Y,FALSE,Moderate (50-80%),Light Rain,None,114,3.6
TRP03463,2025-03-18,Tuesday,no,Night (7-10pm),21:15,21:13,7,110,3,-1.6,yes,no,Moderate (50-80%),Light Rain,None,160,2.1
TRP02308,04/08/2025,Monday,N,Morning Peak (7-9am),07:13,07:21,5,4,7,8.9,false,false,Overloaded (>100%),Heavy Rain,None,112,3.0
TRP02267,2025-03-27,Thursday,False,EVENING PEAK (4-7PM),17:17,17:25,8,16,8,8.7,0,false,,Clear,Police Checkpoint,88,1.5
TRP02763,2025-06-14,Saturday,True,Evening Peak (4-7pm),16:36,16:44,5,96,3,8.4,no,False,OVERLOADED (>100%),Clear,Police Checkpoint,80,4.1
TRP01606,2025-02-16,Sunday,Yes,Evening Peak (4-7pm),17:09,17:25,1,110,8,16.7,False,N,Overloaded (>100%),Heavy Rain,NONE,158,2.1
TRP01999,2025-08-14,Thursday,No,Midday (9am-4pm),09:00,08:58,2,110,,-1.9,true,no,MODERATE (50-80%),,None,100,5.0
TRP03263,2025-07-26,Saturday,true,Midday (9am-4pm),13:23,13:33,3,46,1,10.2,False,False,Full (80-100%),Clear,Overloading Delay,120,1.0
TRP00488,07-19-2025,Saturday,1,  Morning Peak (7-9am)  ,07:40,07:36,5,42,11,-3.9,Y,False,Full (80-100%),Clear,None,95,
TRP01972,2025-08-08,Friday,False,Midday (9am-4pm),14:57,14:59,6,92,4,2.0,yes,false,Full (80-100%),Overcast,None,100,3.6
TRP02036,2025-01-22,  Wednesday  ,N,Early Morning (5-7am),06:41,06:38,6,62,7,-2.4,True,No,Full (80-100%),Clear,none,100,3.1
TRP01339,2025-01-25,Saturday,Y,Midday (9am-4pm),13:37,13:33,7,33,8,-3.1,yes,False,Moderate (50-80%),LIGHT RAIN,None,161,4.4
TRP03004,2025-02-17,Monday,False,Night (7-10pm),19:10,19:18,4,60,4,8.6,False,false,Low (<50%),,Overloading Delay,80,3.6
TRP01089,2025-06-29,Sunday,Y,Night (7-10pm),19:46,19:54,10,18,10,8.3,No,false,Low (<50%),Clear,Traffic Jam,70,1.1
TRP01380,2025-04-03,Thursday,False,Morning Peak (7-9am),08:56,09:00,8,44,3,4.5,True,FALSE,Full (80-100%),Overcast,Overloading Delay,85.00,3.9
TRP02912,2025-03-05,Wednesday,FALSE,Morning Peak (7-9am),07:20,07:33,2,109,3,13.3,FALSE,false,Moderate (50-80%),Clear,Road Construction,118,2.0
TRP00996,2025-04-06,Sunday,1,Midday (9am-4pm),11:30,11:31,10,37,10,1.0,Yes,FALSE,Low (<50%),  Light Rain  ,Road Construction,88,3.6
TRP01308,2025-08-22,Friday,False,MORNING PEAK (7-9AM),07:06,07:19,12,102,10,13.7,N,no,full (80-100%),  Clear  ,None,223,1.8
TRP00452,2025-02-20,Thursday,No,Night (7-10pm),21:06,21:31,8,35,3,25.3,N,No,Low (<50%),Clear,Vehicle Breakdown,Ksh60,3.3
TRP03104,2025-05-22,Thursday,0,Night (7-10pm),19:04,19:04,1,59,8,0.0,1,FALSE,Moderate (50-80%),Clear,Police Checkpoint,100,3.3
TRP01733,2025-05-23,Friday,no,midday (9am-4pm),10:00,10:05,2,8,4,5.2,0,No,Low (<50%),Clear,Traffic Jam,90,2.2
TRP00511,2025-05-31,Saturday,TRUE,Midday (9am-4pm),10:42,10:42,6,78,1,-0.0,true,False,Full (80-100%),Clear,Police Checkpoint,100,3.6
TRP01622,2025-08-15,FRIDAY,No,Evening Peak (4-7pm),17:33,17:44,5,41,4,11.2,No,No,Full (80-100%),Clear,Road Construction,97,
TRP02410,2025-07-22,Tuesday,FALSE,night (7-10pm),19:54,19:56,12,54,10,2.1,true,N,Low (<50%),Clear,None,160,3.0
TRP02287,2025-06-24,Tuesday,FALSE,Morning Peak (7-9am),07:51,08:02,3,35,9,11.3,No,0,Low (<50%),Clear,Police Checkpoint,172,2.3
TRP02842,2025-06-13,Friday,false,  Early Morning (5-7am)  ,06:35,06:40,11,35,4,5.2 min,N,false,FULL (80-100%),LIGHT RAIN,Road Construction,142,2.5
TRP03209,2025-02-11,Tuesday,No,EARLY MORNING (5-7AM),06:47,06:55,2,65,8,8.9,no,False,Low (<50%),Light Rain,Road Construction,102,3.1
TRP00239,2025-01-04,saturday,Yes,Night (7-10pm),20:59,20:59,2,11,10,0.6,yes,no,Moderate (50-80%),Overcast,Road Accident Nearby,90.00,4.3
TRP02221,2025-08-19,Tuesday,false,Morning Peak (7-9am),08:09,08:33,11,117,6,24.1 min,false,False,Moderate (50-80%),Clear,Vehicle Breakdown,,2.8
TRP02954,2025-08-11,Monday,N,Midday (9am-4pm),09:05,09:04,5,41,9,-0.2 min,true,No,Full (80-100%),Overcast,None,70,3.8
TRP00798,2025-07-04,Friday,FALSE,Early Morning (5-7am),05:56,06:12,12,72,1,16.1,0,N,Overloaded (>100%),Clear,Road Accident Nearby,Ksh160,3.7
TRP01902,2025-03-18,tuesday,No,Night (7-10pm),21:57,21:57,10,30,5,-0.0,TRUE,false,Full (80-100%),Clear,Overloading Delay,70,
TRP03082,2025-01-28,Tuesday,N,Midday (9am-4pm),12:43,12:40,4,119,8,-2.4,1,no,Full (80-100%),Clear,Overloading Delay,80,4.2
TRP02565,2025-03-24,Monday,No,Early Morning (5-7am),05:42,05:51,5,13,5,9.5,false,N,Low (<50%),Clear,Traffic Jam,70,2.7
TRP02042,2025-05-14,Wednesday,N,Early Morning (5-7am),05:31,05:29,11,87,3,-1.9,TRUE,N,Low (<50%),Clear,  None  ,110,4.2
TRP02685,2025-01-01,  Wednesday  ,0,  Evening Peak (4-7pm)  ,18:24,18:33,9,19,8,9.0,FALSE,no,FULL (80-100%),Light Rain,None,148,
TRP00136,2025-04-21,Monday,no,MORNING PEAK (7-9AM),07:57,08:08,3,104,,11.1,false,False,Low (<50%),Overcast,Overloading Delay,172,2.0
TRP02315,2025-08-21,Thursday,False,Morning Peak (7-9am),07:38,07:51,9,102,3,13.6,0,No,Moderate (50-80%),Heavy Rain,None,127,2.9
TRP02786,2025-01-02,Thursday,no,Night (7-10pm),19:54,19:57,3,35,6,3.8,Yes,No,Moderate (50-80%),Clear,None,120,3.8
TRP02100,2025-05-29,Thursday,false,morning peak (7-9am),07:26,07:47,10,26,6,21.2,FALSE,No,Full (80-100%),Heavy Rain,Road Construction,130,2.7
TRP00934,2025-08-05,Tuesday,FALSE,Evening Peak (4-7pm),16:57,17:02,1,116,2,5.7,false,No,Overloaded (>100%),Light Rain,NONE,175,3.5
TRP00039,2025-06-03,Tuesday,0,Evening Peak (4-7pm),17:12,17:24,6,16,4,12.1,FALSE,False,Low (<50%),clear,Police Checkpoint,129,3.4
TRP00158,2025-08-06,Wednesday,No,Morning Peak (7-9am),08:02,08:02,2,44,6,396.0,Y,0,Moderate (50-80%),Clear,None,125,2.7
TRP00666,2025-01-15,Wednesday,FALSE,Early Morning (5-7am),06:52,06:48,7,35,1,-3.1,True,N,Full (80-100%),Clear,NONE,150,5.0
TRP02128,2025-06-03,Tuesday,False,Early Morning (5-7am),05:47,05:51,2,82,9,4.3,1,N,Low (<50%),Clear,Road Construction,90,4.1
TRP01548,2025-01-09,Thursday,N,Night (7-10pm),21:56,21:54,5,9,1,-1.9,yes,False,Overloaded (>100%),Clear,None,70,3.6
TRP02470,2025-02-06,Thursday,FALSE,Morning Peak (7-9am),07:23,07:31,12,17,4,8.5,no,FALSE,Full (80-100%),Clear,None,186,3.5
TRP03142,2025-07-07,Monday,no,Evening Peak (4-7pm),18:20,18:44,12,22,5,24.1,No,false,Moderate (50-80%),Clear,Vehicle Breakdown,244,3.6
TRP01200,2025-02-25,tuesday,0,Early Morning (5-7am),05:58,05:53,6,30,11,-4.4,1,false,Moderate (50-80%),Clear,None,100,3.4
TRP01249,2025-08-20,Wednesday,false,Early Morning (5-7am),06:29,06:44,2,102,5,15.0,False,false,Full (80-100%),Clear,ROAD ACCIDENT NEARBY,90,
TRP01838,2025-06-14,Saturday,TRUE,Evening Peak (4-7pm),16:48,17:07,9,104,5,19.6,False,N,Moderate (50-80%),Overcast,Road Accident Nearby,120,1.4
TRP00749,2025-07-09,Wednesday,N,MIDDAY (9AM-4PM),14:40,14:35,5,80,5,-4.2,yes,0,Full (80-100%),Clear,Police Checkpoint,70,3.9
TRP01479,2025-05-02,Friday,No,Midday (9am-4pm),09:39,09:41,8,33,4,2.0,True,No,Overloaded (>100%),Light Rain,None,65,3.4
TRP03112,2025-04-07,Monday,No,Evening Peak (4-7pm),17:12,17:11,5,67,5,-0.1 min,TRUE,no,Full (80-100%),Clear,None,98,3.3
TRP00403,2025-08-08,Friday,no,Morning Peak (7-9am),07:21,07:35,4,85,7,14.6,N,N,  Moderate (50-80%)  ,Overcast,road construction,102,2.0
TRP00582,2025-06-05,Thursday,N,evening peak (4-7pm),18:33,18:56,1,87,3,23.1,FALSE,no,Low (<50%),Clear,Road Accident Nearby,119,4.0
TRP00166,2025-05-11,Sunday,true,Morning Peak (7-9am),08:52,09:13,6,104,7,21.8,0,0,Overloaded (>100%),Heavy Rain,Police Checkpoint,150,4.3
TRP02270,2025-06-11,Wednesday,false,Midday (9am-4pm),12:07,12:05,1,88,6,-1.9,Y,No,Moderate (50-80%),CLEAR,None,100,3.6
TRP02533,2025-06-17,Tuesday,FALSE,Midday (9am-4pm),15:07,15:11,4,53,6,4.6,Yes,No,,Overcast,Road Accident Nearby,80,2.8
TRP00992,2025-03-09,Sunday,1,Evening Peak (4-7pm),16:39,16:48,2,77,4,9.5,0,False,Full (80-100%),Light Rain,Road Construction,130,2.7
TRP03372,2025-07-17,Thursday,no,Morning Peak (7-9am),08:55,09:10,3,1,8,15.8,false,0,Full (80-100%),Clear,None,137,3.3
TRP02015,2025-06-27,Friday,false,Night (7-10pm),20:29,20:33,6,75,4,4.9,yes,False,Full (80-100%),OVERCAST,None,100,4.2
TRP02529,2025-08-18,Monday,False,Morning Peak (7-9am),07:25,07:32,8,3,3,7.3,no,FALSE,,Clear,None,75,3.8
TRP00559,2025-03-21,friday,False,Midday (9am-4pm),12:49,12:43,10,12,4,-5.2,FALSE,false,Overloaded (>100%),Clear,None,70,2.9
   ,2025-03-16,Sunday,1,Early Morning (5-7am),06:33,06:31,8,1,3,-1.9,TRUE,FALSE,Low (<50%),Light Rain,Overloading Delay,71,4.5
TRP02563,2025-06-20,Friday,false,Evening Peak (4-7pm),17:34,17:28,6,39,1,-5.1,FALSE,no,moderate (50-80%),Clear,None,157,3.9
TRP01778,2025-08-26,Tuesday,0,Night (7-10pm),20:34,20:45,3,37,1,11.6 min,no,false,Low (<50%),Clear,,,2.8
TRP01498,09-Jan-2025,Thursday,False,Morning Peak (7-9am),08:42,08:57,10,16,8,15.0,no,FALSE,Moderate (50-80%),Heavy Rain,Police Checkpoint,104,2.4
TRP00261,2025-02-08,Saturday,Yes,Midday (9am-4pm),13:57,14:14,4,2,7,17.6,False,no,Low (<50%),Heavy Rain,Police Checkpoint,103,3.3
TRP02975,2025-04-24,Thursday,false,Early Morning (5-7am),06:50,06:55,7,84,3,5.9,N,False,Moderate (50-80%),Clear,Police Checkpoint,150,3.1
TRP02106,2025-06-30,Monday,0,Morning Peak (7-9am),07:42,07:50,4,77,9,8.5,0,FALSE,Moderate (50-80%),Clear,Overloading Delay,111,1.9
TRP03411,2025-03-31,Monday,No,Morning Peak (7-9am),07:18,07:18,5,120,7,0.1,yes,false,Low (<50%),Overcast,None,110,3.5
TRP01952,08-13-2025,Wednesday,N,  Midday (9am-4pm)  ,11:43,11:59,2,36,4,16.4,false,False,Low (<50%),Clear,Vehicle Breakdown,90,3.0
TRP00258,2025-03-09,  Sunday  ,true,Midday (9am-4pm),14:41,14:40,9,51,11,-1.0,1,false,Low (<50%),Clear,None,80,4.0
TRP03351,2025-05-13,Tuesday,FALSE,NIGHT (7-10PM),20:26,20:24,11,102,5,-1.1 min,yes,False,Moderate (50-80%),CLEAR,None,110,
TRP02799,2025-08-14,Thursday,0,Evening Peak (4-7pm),16:03,16:36,10,82,8,33.3,False,FALSE,Overloaded (>100%),Heavy Rain,Traffic Jam,98,1.9
TRP00865,2025-02-09,SUNDAY,1,Night (7-10pm),19:30,19:28,7,108,4,-1.3,True,N,Low (<50%),Light Rain,Overloading Delay,158,2.3
TRP00298,2025-04-04,Friday,false,  Evening Peak (4-7pm)  ,18:32,18:35,8,27,3,3.7,TRUE,N,Moderate (50-80%),,None,77,5.0
TRP03342,2025-06-12,Thursday,false,Early Morning (5-7am),06:43,06:40,4,33,11,-2.9,TRUE,false,Moderate (50-80%),Clear,None,80,4.4
TRP03225,2025-05-01,Thursday,FALSE,Night (7-10pm),21:07,21:07,10,91,8,0.8,yes,No,-,Clear,None,70,4.8
TRP02624,2025-01-18,Saturday,Y,Night (7-10pm),21:12,21:06,12,9,6,-6.0,N,0,Full (80-100%),Clear,None,160,2.4
TRP01202,2025-03-09,Sunday,yes,Midday (9am-4pm),13:10,13:12,12,94,7,2.7,true,False,Low (<50%),Clear,None,160,3.2
TRP02496,2025-01-12,Sunday,1,Morning Peak (7-9am),08:41,08:50,2,29,9,9.1,False,FALSE,Moderate (50-80%),Light Rain,Police Checkpoint,161,2.2
TRP00297,2025-08-12,Tuesday,N,Midday (9am-4pm),09:23,09:26,10,18,11,3.9,TRUE,FALSE,Moderate (50-80%),Clear,Road Construction,70,
TRP00185,2025-04-21,monday,No,Morning Peak (7-9am),08:53,08:58,6,20,3,5.5,False,false,NA,Clear,None,146,2.7
TRP00688,2025-08-06,Wednesday,FALSE,midday (9am-4pm),14:25,14:52,3,36,2,27.9,False,N,Moderate (50-80%),Clear,  Vehicle Breakdown  ,KES 120,3.7
TRP00355,2025-06-15,Sunday,True,Midday (9am-4pm),15:35,15:30,12,109,7,-4.2,yes,FALSE,  Moderate (50-80%)  ,overcast,None,160,5.0
TRP00156,2025-04-14,Monday,0,Morning Peak (7-9am),07:18,07:24,3,44,8,6.9,False,False,Full (80-100%),Overcast,Overloading Delay,162,3.3
TRP00047,2025-02-15,saturday,True,Morning Peak (7-9am),08:19,08:29,4,82,10,10.5,no,FALSE,Full (80-100%),Heavy Rain,None,134,3.6
TRP00759,2025-02-28,Friday,FALSE,Evening Peak (4-7pm),17:35,17:45,2,54,5,10.8,False,no,Full (80-100%),Clear,Traffic Jam,127,4.0
TRP00698,2025-01-10,Friday,No,Midday (9am-4pm),13:51,13:50,1,25,5,-0.4,yes,No,Overloaded (>100%),Clear,Traffic Jam,100,5.0
TRP02393,2025-02-07,Friday,0,Morning Peak (7-9am),08:15,08:24,10,88,8,9.7,false,No,Moderate (50-80%),Light Rain,Police Checkpoint,95,3.1
TRP03303,2025-07-05,Saturday,Y,Midday (9am-4pm),12:05,12:06,9,98,2,1.1,True,False,,Heavy Rain,Police Checkpoint,84,1.9
   ,05-10-2025,Saturday,yes,Midday (9am-4pm),11:15,11:09,6,12,7,-5.7,False,False,Full (80-100%),Clear,None,100,2.5
TRP02888,2025-05-19,Monday,false,Midday (9am-4pm),14:04,14:10,9,68,6,6.9,FALSE,False,Full (80-100%),Heavy Rain,None,89,1.1
TRP00703,2025-07-12,Saturday,True,midday (9am-4pm),09:10,09:13,10,51,1,3.6,TRUE,N,Full (80-100%),Clear,OVERLOADING DELAY,70,3.2
TRP03385,2025-06-07,Saturday,yes,Evening Peak (4-7pm),16:49,16:59,11,38,1,10.8,False,0,Moderate (50-80%),Clear,Road Accident Nearby,162,2.9
TRP01005,2025-05-14,Wednesday,no,  Morning Peak (7-9am)  ,07:54,07:57,4,50,7,3.9,True,0,Overloaded (>100%),Overcast,None,105,2.8
TRP02641,2025-08-07,Thursday,False,Evening Peak (4-7pm),18:15,18:22,9,14,2,7.1,False,FALSE,Moderate (50-80%),LIGHT RAIN,Police Checkpoint,139,3.0
TRP02323,2025-06-21,SATURDAY,1,Morning Peak (7-9am),07:53,08:07,3,72,1,14.8,false,False,Overloaded (>100%),Clear,Traffic Jam,185,3.7
TRP01361,2025-03-01,Saturday,Y,Morning Peak (7-9am),08:37,08:44,3,86,6,7.3,False,no,Moderate (50-80%),Light Rain,Overloading Delay,195,1.6
TRP00341,2025-01-20,Monday,false,Night (7-10pm),21:12,21:08,12,22,6,-4.0,TRUE,0,Low (<50%),Clear,None,160,4.8
TRP03301,2025-01-10,Friday,false,Midday (9am-4pm),13:06,13:24,9,93,10,18.5,no,no,Full (80-100%),Clear,Vehicle Breakdown,80,2.1
TRP01002,2025-05-15,Thursday,0,Evening Peak (4-7pm),17:10,17:17,3,53,6,7.8,False,no,,Clear,OVERLOADING DELAY,188,2.6
TRP02387,2025-06-15,Sunday,True,Evening Peak (4-7pm),18:39,19:12,4,73,11,33.4,False,No,Overloaded (>100%),,Vehicle Breakdown,,2.0
TRP02478,2025-08-26,Tuesday,N,Evening Peak (4-7pm),18:54,19:05,12,50,6,11.9,False,No,Full (80-100%),Clear,Road Construction,247,2.3
TRP01664,2025-03-03,Monday,False,Evening Peak (4-7pm),17:24,17:37,1,4,3,13.7,FALSE,False,Full (80-100%),Clear,Overloading Delay,136,2.7
TRP02367,2025-01-01,Wednesday,False,Midday (9am-4pm),15:47,15:59,5,13,4,12.1,False,FALSE,Low (<50%),Heavy Rain,None,80,3.4
TRP00956,2025-07-09,Wednesday,N,Midday (9am-4pm),10:10,10:12,12,109,11,2.2,True,N,,  Clear  ,None,160,2.4
TRP03480,2025-08-28,Thursday,False,Midday (9am-4pm),11:26,11:37,12,9,11,11.0,0,FALSE,Moderate (50-80%),Clear,Overloading Delay,160,2.6
TRP02740,2025-04-22,Tuesday,no,Early Morning (5-7am),05:38,06:04,7,37,5,26.8,0,No,Full (80-100%),Light Rain,Road Accident Nearby,KES 158,3.9
TRP00793,2025-06-21,saturday,true,Midday (9am-4pm),10:03,10:04,5,52,5,1.6,yes,No,Low (<50%),Clear,Traffic Jam,70,3.1
TRP01000,2025-04-02,Wednesday,No,Midday (9am-4pm),14:27,14:40,4,87,10,13.5,no,No,Full (80-100%),clear,Road Construction,80,2.5
TRP01576,2025-01-08,Wednesday,0,MIDDAY (9AM-4PM),09:57,10:20,8,99,1,23.0 min,false,N,LOW (<50%),Clear,Vehicle Breakdown,60,3.3
TRP01936,2025-05-09,Friday,False,Morning Peak (7-9am),08:53,08:53,5,15,9,0.8,true,No,Full (80-100%),  Clear  ,None,97,3.1
TRP00251,2025-06-25,Wednesday,FALSE,Early Morning (5-7am),05:02,05:05,8,52,2,3.9,true,No,Low (<50%),null,,64,3.2
TRP02680,2025-05-07,Wednesday,no,Night (7-10pm),20:37,20:41,5,99,1,4.9,true,no,Low (<50%),Clear,  Police Checkpoint  ,70,
TRP00549,2025-01-29,Wednesday,No,Evening Peak (4-7pm),18:57,19:16,3,19,2,19.2,no,False,Full (80-100%),Clear,Road Accident Nearby,159,
TRP01412,2025-04-03,Thursday,False,Evening Peak (4-7pm),18:41,18:57,10,60,1,16.4,N,False,Moderate (50-80%),Light Rain,Police Checkpoint,KES 120,2.5
TRP01295,2025-04-21,Monday,False,  Night (7-10pm)  ,21:25,21:39,6,63,4,14.5,No,false,Moderate (50-80%),Heavy Rain,Traffic Jam,124,1.8
TRP02243,2025-06-22,sunday,1,Early Morning (5-7am),06:51,06:57,9,48,2,6.1,False,No,Low (<50%),Clear,Traffic Jam,KES 80,2.7
TRP03109,2025-05-27,Tuesday,False,Midday (9am-4pm),11:31,11:33,3,62,,2.6,Yes,N,Full (80-100%),Clear,OVERLOADING DELAY,120,
TRP01263,2025-02-28,Friday,No,Early Morning (5-7am),06:25,06:34,9,30,8,9.1 min,false,false,999,LIGHT RAIN,Traffic Jam,97,2.6
TRP03357,2025-08-07,Thursday,FALSE,Morning Peak (7-9am),07:33,07:56,2,31,8,23.1,No,no,Moderate (50-80%),Light Rain,Road Construction,162,2.2
TRP02633,2025-07-03,Thursday,false,Evening Peak (4-7pm),17:42,18:08,1,73,10,26.0,False,FALSE,Moderate (50-80%),Clear,Road Accident Nearby,137,2.1
TRP02450,2025-03-27,Thursday,No,NIGHT (7-10PM),20:22,20:54,8,66,7,32.4,false,false,Moderate (50-80%),Heavy Rain,Road Accident Nearby,,2.8
TRP02188,2025-05-01,Thursday,FALSE,Evening Peak (4-7pm),16:40,16:43,11,103,7,3.9,Y,FALSE,Moderate (50-80%),Clear,None,170,4.9
TRP00813,2025-02-10,Monday,False,Early Morning (5-7am),06:37,06:37,8,33,5,0.7,TRUE,no,Full (80-100%),Clear,Overloading Delay,60,3.2
TRP00330,2025-01-21,Tuesday,no,Evening Peak (4-7pm),17:17,17:17,2,62,10,0.7,Yes,False,Moderate (50-80%),unknown,None,139,3.5
TRP01964,2025-08-02,Saturday,True,Evening Peak (4-7pm),16:39,16:33,6,44,1,-6.0,no,false,Moderate (50-80%),Clear,None,110,3.0
TRP00216,2025-06-20,Friday,N,Early Morning (5-7am),06:10,06:28,8,112,8,18.4,0,False,Moderate (50-80%),Light Rain,Vehicle Breakdown,71,2.1
TRP01237,2025-02-05,Wednesday,no,Midday (9am-4pm),09:13,09:14,9,101,5,1.8,1,no,Full (80-100%),Clear,  Overloading Delay  ,126,5.0
TRP01121,14/04/2025,Monday,False,Night (7-10pm),19:35,19:29,1,98,10,-6.0,0,False,Moderate (50-80%),Clear,None,100,
TRP02683,2025-06-22,  Sunday  ,yes,Morning Peak (7-9am),08:14,08:18,9,9,2,4.3,Yes,0,Low (<50%),Light Rain,None,133,3.7
TRP02607,2025-04-20,Sunday,1,Evening Peak (4-7pm),16:48,16:59,12,107,8,11.1,FALSE,No,N/A,Clear,None,188,1.8
TRP00953,2025-05-20,Tuesday,N,MORNING PEAK (7-9AM),08:17,08:26,10,56,7,9.6,No,No,Full (80-100%),Overcast,Police Checkpoint,111,2.3
TRP02067,2025-02-12,Wednesday,0,Morning Peak (7-9am),07:49,07:55,3,43,8,6.8,False,false,Moderate (50-80%),Light Rain,None,176,3.1
TRP03062,2025-02-26,Wednesday,0,Evening Peak (4-7pm),16:18,16:31,4,68,5,13.0,0,false,Moderate (50-80%),Clear,TRAFFIC JAM,111,2.8
TRP00620,2025-02-25,Tuesday,no,Night (7-10pm),21:10,21:25,7,86,7,15.3 min,False,False,low (<50%),Heavy Rain,Overloading Delay,158,1.0
TRP01735,2025-08-09,Saturday,1,Morning Peak (7-9am),08:55,08:57,9,7,2,2.2,yes,0,Full (80-100%),Clear,None,109,3.5
TRP00201,2025-07-06,Sunday,yes,Evening Peak (4-7pm),18:06,18:13,9,105,9,7.3,No,0,Moderate (50-80%),Overcast,POLICE CHECKPOINT,120,
TRP01016,2025-02-09,Sunday,true,MIDDAY (9AM-4PM),11:46,11:46,8,86,11,0.6,true,No,Low (<50%),Clear,Road Construction,60,4.0
TRP03022,30-Mar-2025,Sunday,Yes,NIGHT (7-10PM),21:09,21:04,6,37,11,-4.6,1,no,Full (80-100%),Clear,None,KES 100,4.1
TRP00741,2025-03-11,Tuesday,FALSE,Early Morning (5-7am),05:50,05:48,6,33,6,-1.9,Y,no,Low (<50%),Clear,None,100,
TRP00007,2025-07-29,Tuesday,FALSE,Midday (9am-4pm),15:18,15:29,7,50,8,11.4,No,N,Moderate (50-80%),Clear,Vehicle Breakdown,150,2.3
TRP00085,2025-08-09,Saturday,1,Midday (9am-4pm),14:57,14:56,8,58,10,-0.1 min,Yes,False,MODERATE (50-80%),CLEAR,None,60,3.5
TRP00263,2025-08-01,Friday,false,Early Morning (5-7am),06:40,06:38,5,31,5,-1.5,1,false,Full (80-100%),overcast,None,70,3.0
TRP00215,2025-06-12,Thursday,False,Early Morning (5-7am),05:47,06:04,10,115,1,17.1,0,false,Low (<50%),Clear,Road Accident Nearby,70,1.9
TRP01641,2025-07-18,Friday,0,Early Morning (5-7am),05:28,05:27,2,99,2,-0.8,TRUE,no,Low (<50%),Overcast,None,90,3.0
TRP02274,2025-03-16,Sunday,1,Morning Peak (7-9am),07:00,07:15,3,5,,15.7,false,False,n/a,Clear,Road Construction,169,3.0
TRP01943,2025-01-31,Friday,0,Morning Peak (7-9am),07:46,07:50,9,30,8,4.0,yes,False,Full (80-100%),Clear,None,106,2.3
TRP00223,2025-01-19,Sunday,Y,Morning Peak (7-9am),08:45,08:51,3,19,5,6.2,False,False,FULL (80-100%),Clear,overloading delay,164,3.1
TRP01181,2025-01-16,Thursday,FALSE,Evening Peak (4-7pm),16:37,16:42,2,89,7,5.1,False,Y,Moderate (50-80%),Clear,None,135,3.4
TRP03152,2025-05-04,Sunday,yes,morning peak (7-9am),08:54,09:00,6,7,7,6.1,No,False,MODERATE (50-80%),clear,Overloading Delay,116,2.4
TRP03261,2025-01-21,Tuesday,no,Morning Peak (7-9am),08:39,08:49,5,117,5,10.7,False,N,Low (<50%),LIGHT RAIN,Overloading Delay,111,
TRP03145,2025-05-14,Wednesday,False,Early Morning (5-7am),05:15,05:31,4,111,2,16.3,False,no,,Light Rain,Road Accident Nearby,98,1.3
TRP02671,2025-04-14,Monday,No,Midday (9am-4pm),15:40,16:05,1,34,4,25.2,FALSE,0,Low (<50%),Clear,Vehicle Breakdown,100,1.7
TRP00568,2025-06-09,Monday,N,Evening Peak (4-7pm),16:01,16:04,1,60,7,3.2,yes,False,Overloaded (>100%),  Heavy Rain  ,None,159,4.9
TRP01528,2025-01-09,Thursday,False,Morning Peak (7-9am),08:47,08:57,11,64,4,10.4,False,No,Low (<50%),Overcast,Road Construction,144,3.3
TRP02586,2025-02-01,Saturday,Y,Evening Peak (4-7pm),18:03,18:02,9,9,8,-0.8,true,False,Full (80-100%),Clear,none,88,
TRP02487,2025-08-17,Sunday,true,Midday (9am-4pm),10:27,10:26,7,55,6,-0.8,1,FALSE,Full (80-100%),Overcast,Police Checkpoint,150,3.8
TRP00167,2025-05-20,Tuesday,False,Night (7-10pm),21:03,21:17,9,107,2,14.7,False,False,Full (80-100%),Light Rain,,94,2.9
TRP02972,2025-05-28,Wednesday,FALSE,Evening Peak (4-7pm),18:43,18:56,9,10,2,13.8,0,False,Moderate (50-80%),Light Rain,,133,2.4
TRP00293,2025-04-28,monday,False,MIDDAY (9AM-4PM),12:37,12:35,3,16,7,-1.4,Yes,false,n/a,CLEAR,None,120,4.7
TRP00135,2025-04-21,Monday,0,Evening Peak (4-7pm),18:13,18:38,7,113,5,25.7,0,false,Full (80-100%),Clear,  Vehicle Breakdown  ,230,1.7
TRP00266,2025-02-12,Wednesday,No,Midday (9am-4pm),13:07,13:09,2,110,4,2.1,1,no,LOW (<50%),CLEAR,None,90,3.7
TRP02446,2025-05-06,Tuesday,No,Early Morning (5-7am),06:31,06:27,7,74,5,-3.6,Yes,False,Full (80-100%),,None,150,5.0
TRP00092,2025-08-06,Wednesday,False,NIGHT (7-10PM),20:15,20:29,9,42,5,14.1,false,False,Moderate (50-80%),Heavy Rain,,89,2.8
TRP01294,2025-07-18,Friday,false,Night (7-10pm),21:34,21:51,10,54,3,17.1,0,no,Low (<50%),Clear,Road Accident Nearby,70,2.8
TRP01191,2025-04-20,Sunday,1,Midday (9am-4pm),09:57,09:58,11,103,9,1.5,1,no,Overloaded (>100%),Light Rain,None,121,5.0
TRP03126,2025-02-18,Tuesday,False,Midday (9am-4pm),12:00,12:17,1,58,11,17.7,0,No,Low (<50%),Clear,Vehicle Breakdown,100,3.1
TRP03479,2025-01-30,THURSDAY,0,Midday (9am-4pm),11:52,11:57,7,2,11,5.4,N,N,Low (<50%),  Overcast  ,None,150,1.0
TRP01311,2025-03-08,Saturday,True,Evening Peak (4-7pm),18:33,18:41,8,41,3,8.6 min,False,No,Moderate (50-80%),Clear,Overloading Delay,84,3.4
TRP02876,20/01/2025,Monday,N,Morning Peak (7-9am),07:32,07:38,3,80,9,6.3,no,false,Low (<50%),Clear,None,,1.4
TRP02060,2025-08-11,Monday,FALSE,evening peak (4-7pm),17:55,18:25,12,24,10,30.7,no,No,Full (80-100%),Clear,Vehicle Breakdown,223,
TRP01306,2025-08-05,Tuesday,FALSE,Midday (9am-4pm),15:35,15:32,9,120,1,-2.1,true,false,,Clear,none,,3.1
TRP03465,2025-05-03,Saturday,True,Morning Peak (7-9am),08:17,08:20,8,59,1,3.6,True,False,Low (<50%),clear,None,73,2.8
TRP00165,2025-02-09,Sunday,Y,Midday (9am-4pm),15:46,16:08,9,45,1,22.1,No,False,Low (<50%),Clear,Vehicle Breakdown,80,3.3
TRP02084,2025-04-12,saturday,1,Evening Peak (4-7pm),16:51,17:02,7,66,9,11.1 min,False,no,Low (<50%),Light Rain,Road Construction,,2.5
TRP02051,2025-07-29,Tuesday,false,Early Morning (5-7am),06:50,07:00,8,94,,10.1,false,False,Full (80-100%),Light Rain,Police Checkpoint,68,3.6
TRP03364,2025-07-06,Sunday,1,Midday (9am-4pm),15:09,15:03,4,58,9,-6.0,false,0,Moderate (50-80%),clear,None,80,2.2
TRP00702,05-Feb-2025,Wednesday,0,  Early Morning (5-7am)  ,06:45,06:49,5,1,9,4.4,True,FALSE,Low (<50%),Overcast,Traffic Jam,70,4.4
TRP03394,2025-05-11,Sunday,Y,Midday (9am-4pm),15:36,15:31,12,118,10,-4.8,1,0,,Clear,None,160,4.6
TRP02745,2025-03-16,Sunday,True,Midday (9am-4pm),10:05,10:00,8,64,,-5.0,Y,No,Full (80-100%),Clear,None,60,3.5
TRP00151,2025-06-28,Saturday,True,Morning Peak (7-9am),08:22,08:38,4,19,2,16.0,FALSE,0,Low (<50%),Clear,Vehicle Breakdown,113,1.0
TRP02922,2025-01-01,Wednesday,FALSE,Evening Peak (4-7pm),17:43,17:52,11,30,1,9.3,FALSE,N,Moderate (50-80%),Clear,Road Construction,,
TRP03352,2025-08-20,Wednesday,False,Morning Peak (7-9am),07:02,07:29,9,88,10,27.3,N,false,  Moderate (50-80%)  ,Light Rain,Traffic Jam,,2.7
TRP02489,2025-04-23,Wednesday,FALSE,Midday (9am-4pm),11:47,11:51,1,116,9,4.9,TRUE,FALSE,Full (80-100%),,Overloading Delay,100,4.6
TRP02839,2025-08-08,Friday,No,Morning Peak (7-9am),07:24,07:41,10,62,,17.1,No,False,  Overloaded (>100%)  ,Clear,Road Accident Nearby,105,3.3
TRP01730,2025-02-15,Saturday,True,Midday (9am-4pm),12:13,12:15,7,28,6,2.3 min,yes,false,Moderate (50-80%),Overcast,None,150,3.2
TRP03212,2025-06-18,Wednesday,0,Evening Peak (4-7pm),17:24,17:21,2,23,11,-2.5,true,no,Full (80-100%),Clear,None,126,3.3
TRP03008,2025-08-09,Saturday,Yes,Midday (9am-4pm),10:28,10:27,1,71,5,-0.6,yes,false,Moderate (50-80%),NA,None,KES 100,3.1
TRP01171,2025-07-20,Sunday,1,Midday (9am-4pm),11:27,11:24,10,13,7,-2.7,Yes,no,full (80-100%),Clear,None,70,4.1
TRP00497,2025-07-03,Thursday,No,Morning Peak (7-9am),07:16,07:21,8,56,4,5.2,False,no,Moderate (50-80%),Clear,None,91,1.5
TRP01811,2025-04-01,Tuesday,No,Midday (9am-4pm),09:27,09:40,10,9,8,13.1,0,FALSE,Overloaded (>100%),  Light Rain  ,traffic jam,Ksh79,2.6
TRP01415,2025-02-12,  Wednesday  ,False,Evening Peak (4-7pm),17:52,18:19,7,4,8,27.2,False,False,Full (80-100%),Clear,vehicle breakdown,176.00,2.4
TRP03002,2025-06-07,Saturday,yes,Midday (9am-4pm),14:06,14:23,1,87,8,17.1,False,False,Moderate (50-80%),Clear,Road Accident Nearby,100,2.1
TRP02880,2025-02-13,Thursday,FALSE,Morning Peak (7-9am),08:03,08:35,12,58,5,32.3,No,FALSE,Overloaded (>100%),Heavy Rain,Traffic Jam,232,1.4
TRP01557,31/03/2025,Monday,False,Evening Peak (4-7pm),18:51,18:48,5,44,1,-2.4,1,false,Overloaded (>100%),Clear,Traffic Jam,,3.3
TRP03055,31/07/2025,Thursday,false,Night (7-10pm),19:53,20:07,6,81,2,14.3,N,FALSE,Low (<50%),Clear,Traffic Jam,100,2.8
TRP02413,2025-08-08,Friday,false,Midday (9am-4pm),09:28,09:30,6,86,10,2.6,true,0,Moderate (50-80%),Clear,None,,4.5
TRP00917,08/05/2025,Thursday,FALSE,Evening Peak (4-7pm),18:06,18:16,4,34,2,10.9,False,false,Overloaded (>100%),Clear,None,KES 120,
TRP02817,08-20-2025,Wednesday,N,Morning Peak (7-9am),08:36,08:40,3,96,4,4.8,yes,False,Moderate (50-80%),Clear,Police Checkpoint,171,4.2
TRP02867,2025-04-23,Wednesday,No,Morning Peak (7-9am),08:20,08:34,2,80,4,14.4,False,No,Moderate (50-80%),Clear,Road Accident Nearby,125,1.9
TRP01725,2025-02-25,Tuesday,No,Morning Peak (7-9am),07:40,08:01,11,23,,21.1,N,0,Full (80-100%),Heavy Rain,Road Accident Nearby,182,2.7
TRP03186,2025-04-05,Saturday,true,Night (7-10pm),20:01,20:02,3,47,10,1.2,True,no,LOW (<50%),Overcast,None,120,2.8
TRP01632,2025-05-29,Thursday,False,Midday (9am-4pm),12:02,12:19,2,114,11,17.3,no,false,,Clear,Road Accident Nearby,90,1.5
TRP01592,08-07-2025,Thursday,N,Early Morning (5-7am),06:34,06:40,7,74,4,6.1,False,No,low (<50%),Clear,None,150,2.0
TRP02808,2025-02-15,Saturday,yes,Midday (9am-4pm),14:30,14:52,8,111,10,22.1,False,No,Low (<50%),Heavy Rain,Road Accident Nearby,69,2.5
TRP02791,2025-03-01,Saturday,True,Midday (9am-4pm),09:08,09:10,6,45,5,2.2,TRUE,N,Full (80-100%),Clear,OVERLOADING DELAY,100,4.5
TRP03133,2025-05-24,Saturday,TRUE,Midday (9am-4pm),11:38,11:37,6,95,10,-0.4,1,no,Overloaded (>100%),,Overloading Delay,127,3.6
TRP01809,2025-03-28,Friday,N,Night (7-10pm),21:52,21:53,2,76,1,1.1,1,no,Full (80-100%),Clear,None,90,3.9
TRP02733,2025-08-21,Thursday,False,Morning Peak (7-9am),08:49,09:07,12,65,8,18.7,False,False,Full (80-100%),Clear,None,178,2.7
TRP03066,2025-05-15,Thursday,0,Evening Peak (4-7pm),18:02,18:15,11,69,11,13.1,No,no,Moderate (50-80%),Clear,None,145,3.7
TRP02965,2025-08-15,Friday,False,Morning Peak (7-9am),08:29,08:52,3,54,4,23.1,false,no,Moderate (50-80%),Overcast,Road Accident Nearby,145,2.7
TRP02368,2025-02-16,Sunday,TRUE,  Evening Peak (4-7pm)  ,18:08,18:18,3,16,2,10.7,False,0,overloaded (>100%),,Road Construction,161,2.0
TRP02612,2025-03-22,Saturday,Yes,Morning Peak (7-9am),07:22,07:16,10,61,8,-5.5,no,FALSE,Moderate (50-80%),Overcast,NONE,93,3.1
TRP02043,2025-02-09,Sunday,Yes,Midday (9am-4pm),14:05,14:11,5,57,3,6.9,no,False,Low (<50%),Clear,Road Construction,Ksh70,3.1
TRP02845,03-17-2025,monday,No,Midday (9am-4pm),09:54,10:07,8,31,1,13.2,N,false,MODERATE (50-80%),Clear,Traffic Jam,60,2.2
TRP00860,2025-03-20,Thursday,no,Evening Peak (4-7pm),16:21,16:28,12,56,1,7.7,no,No,Full (80-100%),Overcast,None,188,2.6
TRP01001,2025-08-02,Saturday,True,Midday (9am-4pm),15:14,15:10,10,32,1,-3.9,TRUE,False,Moderate (50-80%),Overcast,None,70,
TRP01615,2025-01-30,THURSDAY,No,  Midday (9am-4pm)  ,12:52,12:57,5,33,1,5.1,False,0,Moderate (50-80%),Overcast,None,70,
TRP00041,2025-04-20,Sunday,yes,MIDDAY (9AM-4PM),14:47,14:43,2,46,9,-3.5,true,0,Full (80-100%),Clear,None,90,4.3
TRP01029,2025-04-05,Saturday,1,Morning Peak (7-9am),07:56,08:14,10,60,11,18.9,FALSE,False,Low (<50%),Clear,Traffic Jam,95,2.7
TRP01359,2025-06-24,Tuesday,no,Evening Peak (4-7pm),17:36,17:39,8,54,9,3.3,1,False,Full (80-100%),  Clear  ,None,95,1.9
TRP02591,2025-06-18,Wednesday,false,Midday (9am-4pm),12:45,12:55,1,103,10,10.6,N,0,Full (80-100%),Clear,vehicle breakdown,100,2.5
TRP01236,2025-05-12,Monday,false,Early Morning (5-7am),06:52,07:09,12,47,2,17.5,0,false,Low (<50%),Light Rain,Road Accident Nearby,204,2.4
TRP01205,2025-03-31,Monday,0,Midday (9am-4pm),10:29,10:39,12,103,5,10.3,False,false,Moderate (50-80%),Clear,Traffic Jam,160,1.7
TRP02224,2025-04-17,Thursday,False,Midday (9am-4pm),14:03,14:06,9,109,9,3.1,yes,N,Moderate (50-80%),Overcast,None,80,
TRP01404,2025-02-02,Sunday,yes,Evening Peak (4-7pm),16:59,17:32,8,98,11,33.3,0,FALSE,Full (80-100%),Light Rain,Road Accident Nearby,110,2.1
TRP00291,2025-06-22,Sunday,True,Midday (9am-4pm),13:30,13:24,4,13,4,-5.7,0,False,,Clear,Police Checkpoint,80,2.4
TRP03087,2025-06-24,Tuesday,False,Evening Peak (4-7pm),18:05,18:33,12,101,9,28.8,FALSE,False,full (80-100%),Light Rain,Vehicle Breakdown,323,3.1
TRP02434,2025-04-05,Saturday,True,Morning Peak (7-9am),08:49,08:49,8,63,10,0.8 min,yes,False,Full (80-100%),Clear,Police Checkpoint,71,4.4
TRP02979,2025-04-26,Saturday,Y,Evening Peak (4-7pm),16:33,16:37,5,106,10,4.8,1,0,Moderate (50-80%),Clear,Overloading Delay,110,5.0
TRP01161,2025-05-19,Monday,FALSE,Evening Peak (4-7pm),17:37,17:58,12,115,2,21.8,False,false,Full (80-100%),Heavy Rain,None,235,
TRP03112,2025-04-07,Monday,No,Evening Peak (4-7pm),17:12,17:11,5,67,5,-0.1 min,TRUE,no,Full (80-100%),Clear,None,98,3.3
TRP02577,2025-05-09,Friday,False,Morning Peak (7-9am),08:16,08:26,11,29,9,10.5,no,false,Moderate (50-80%),Heavy Rain,None,132,1.0
TRP02311,2025-06-02,Monday,false,Midday (9am-4pm),13:43,13:57,12,84,8,14.8,False,False,Low (<50%),Overcast,Road Accident Nearby,160,
TRP01038,28-Feb-2025,Friday,N,Midday (9am-4pm),11:08,11:17,11,84,10,9.1,No,False,,Clear,,110,1.0
TRP01502,2025-07-14,Monday,0,night (7-10pm),20:13,20:09,5,44,8,-3.4 min,TRUE,no,Low (<50%),,None,70,3.9
TRP00827,2025-05-03,SATURDAY,true,Early Morning (5-7am),06:53,07:03,5,9,6,10.2,FALSE,FALSE,Moderate (50-80%),Clear,Vehicle Breakdown,70,2.0
TRP01655,2025-02-26,Wednesday,False,Midday (9am-4pm),15:16,15:31,3,108,11,15.4,no,false,Moderate (50-80%),HEAVY RAIN,None,,2.5
TRP02103,2025-02-12,Wednesday,0,Evening Peak (4-7pm),18:52,19:06,9,78,4,14.4,N,false,Overloaded (>100%),Clear,Traffic Jam,114,4.0
TRP01661,2025-06-11,Wednesday,no,Morning Peak (7-9am),07:27,07:34,5,91,11,7.4,no,False,Moderate (50-80%),Clear,None,99,3.0
TRP02041,2025-07-22,Tuesday,0,Morning Peak (7-9am),07:02,07:08,4,69,2,6.8,false,False,Moderate (50-80%),clear,Vehicle Breakdown,91,
TRP01008,2025-05-18,Sunday,Yes,Midday (9am-4pm),10:34,10:28,1,14,9,-6.0,False,FALSE,Moderate (50-80%),Clear,None,100,2.4
TRP00553,21-May-2025,Wednesday,false,Midday (9am-4pm),09:40,09:41,8,5,11,1.1,Yes,No,Full (80-100%),Clear,None,KES 60,3.4
TRP02981,2025-01-12,Sunday,1,Morning Peak (7-9am),07:54,08:00,4,116,9,6.5,N,False,Moderate (50-80%),Overcast,Traffic Jam,88,2.2
TRP02377,2025-06-04,Wednesday,False,Evening Peak (4-7pm),17:18,17:24,1,68,10,6.7,N,0,Overloaded (>100%),Clear,Police Checkpoint,123,2.7
TRP03390,2025-08-16,Saturday,True,Evening Peak (4-7pm),16:42,17:02,2,93,6,20.2,N,No,Moderate (50-80%),Clear,Road Accident Nearby,130,3.3
TRP03407,2025-06-22,Sunday,yes,Night (7-10pm),19:02,18:57,4,80,7,-4.5,TRUE,N,Low (<50%),Clear,Overloading Delay,80,4.4
TRP02460,2025-08-15,Friday,No,Morning Peak (7-9am),07:03,07:28,6,110,9,25.4,false,N,overloaded (>100%),Clear,Vehicle Breakdown,123,2.3
TRP03003,07-16-2025,Wednesday,No,Evening Peak (4-7pm),18:53,19:01,7,6,6,8.7,N,No,Overloaded (>100%),Overcast,None,202,4.0
TRP00804,2025-03-14,Friday,False,Evening Peak (4-7pm),17:20,17:29,5,18,4,9.3,False,N,Full (80-100%),Clear,Road Construction,84,3.0
TRP02606,2025-05-28,Wednesday,FALSE,MIDDAY (9AM-4PM),11:29,11:29,10,63,3,0.7,True,false,Moderate (50-80%),Clear,Police Checkpoint,70,4.7
TRP01271,2025-07-28,Monday,false,Midday (9am-4pm),12:31,12:57,12,10,9,26.2,false,FALSE,n/a,Light Rain,VEHICLE BREAKDOWN,171,1.3
TRP01122,2025-01-15,wednesday,no,Evening Peak (4-7pm),17:38,17:42,6,8,,4.2,Y,no,Full (80-100%),Light Rain,None,160,4.8
TRP01955,2025-03-25,TUESDAY,FALSE,Evening Peak (4-7pm),16:27,16:23,6,35,8,-3.4,Y,False,Overloaded (>100%),Clear,none,110,2.9
TRP03136,2025-04-05,Saturday,Y,Night (7-10pm),20:12,20:49,4,43,9,37.9,No,no,,Heavy Rain,Road Accident Nearby,KES 84,3.1
TRP01684,2025-06-29,Sunday,true,Night (7-10pm),21:42,21:40,11,39,9,-2.0,yes,N,OVERLOADED (>100%),Clear,Overloading Delay,110,4.6
TRP00049,2025-06-18,Wednesday,N,Midday (9am-4pm),09:58,10:05,3,47,9,7.4,N,N,Moderate (50-80%),Clear,Police Checkpoint,120,4.0
TRP00971,2025-06-08,Sunday,TRUE,Night (7-10pm),21:08,21:08,12,112,5,0.6,Y,False,Moderate (50-80%),Light Rain,Police Checkpoint,198,4.1
TRP00421,2025-06-24,Tuesday,N,Midday (9am-4pm),10:21,10:38,11,57,8,17.2,No,False,Moderate (50-80%),Clear,Vehicle Breakdown,110,3.0
TRP02950,2025-06-15,Sunday,True,Evening Peak (4-7pm),17:45,17:58,1,23,5,13.4,N,false,Moderate (50-80%),Clear,Road Construction,141,2.1
TRP02185,2025-05-24,Saturday,True,Morning Peak (7-9am),08:15,08:26,3,81,10,11.6,no,False,overloaded (>100%),  Light Rain  ,Traffic Jam,205,2.4
TRP01700,2025-02-24,Monday,False,MORNING PEAK (7-9AM),07:43,08:00,2,82,1,17.5,False,false,Overloaded (>100%),Light Rain,Road Construction,137,1.4
TRP02793,2025-07-12,Saturday,TRUE,Morning Peak (7-9am),07:01,07:03,4,57,4,2.3,yes,False,Moderate (50-80%),Clear,None,114,4.1
TRP02650,2025-02-06,Thursday,FALSE,Early Morning (5-7am),05:33,05:29,8,3,4,-3.8,Y,False,Low (<50%),null,None,60,3.6
TRP01367,2025-05-06,Tuesday,False,MIDDAY (9AM-4PM),10:37,11:07,10,44,4,30.1,No,FALSE,Moderate (50-80%),Light Rain,Vehicle Breakdown,76,2.9
TRP00466,2025-01-22,Wednesday,False,Evening Peak (4-7pm),18:44,18:57,3,118,9,13.4,False,No,Full (80-100%),,none,184,2.9
TRP00283,2025-03-17,Monday,false,Morning Peak (7-9am),07:31,07:36,7,19,10,5.3,no,N,Moderate (50-80%),Clear,None,KES 214,1.7
TRP00813,2025-02-10,Monday,False,Early Morning (5-7am),06:37,06:37,8,33,5,0.7,TRUE,no,Full (80-100%),Clear,Overloading Delay,60,3.2
TRP00596,15-Apr-2025,Tuesday,False,Midday (9am-4pm),11:50,11:53,11,47,1,3.2,Y,FALSE,Full (80-100%),Clear,None,110,4.9
TRP03376,2025-02-13,Thursday,N,Morning Peak (7-9am),08:13,08:35,6,114,4,22.3 min,false,0,Full (80-100%),Clear,Vehicle Breakdown,111,2.4
TRP02314,2025-07-27,Sunday,True,Evening Peak (4-7pm),17:02,17:17,10,65,7,15.1,False,N,Moderate (50-80%),Clear,Road Accident Nearby,77,2.7
TRP00719,2025-02-18,Tuesday,FALSE,Morning Peak (7-9am),07:52,08:19,12,38,6,27.3,false,0,Moderate (50-80%),Heavy Rain,Traffic Jam,313,3.9
TRP02727,2025-04-29,Tuesday,FALSE,Early Morning (5-7am),06:13,06:23,2,75,11,10.5,N,no,Low (<50%),n/a,Traffic Jam,,1.8
TRP01621,2025-04-03,thursday,N,Night (7-10pm),19:40,19:43,4,58,7,3.4,yes,0,Low (<50%),Clear,Police Checkpoint,80,5.0
TRP00944,11/01/2025,Saturday,True,Midday (9am-4pm),10:37,10:32,4,50,1,-4.7,True,0,Low (<50%),Clear,None,80,2.6
TRP02878,2025-02-22,Saturday,1,Midday (9am-4pm),10:14,10:08,8,1,6,-6.0,False,no,Moderate (50-80%),Clear,,60,
TRP02216,2025-07-08,Tuesday,0,Midday (9am-4pm),13:53,13:50,8,16,6,-2.1,True,False,Low (<50%),Clear,None,Ksh60,3.7
TRP01134,02-22-2025,SATURDAY,1,EARLY MORNING (5-7AM),05:28,05:22,3,11,7,-6.0,False,FALSE,Moderate (50-80%),OVERCAST,None,120,
TRP00211,2025-05-11,Sunday,True,Evening Peak (4-7pm),17:20,17:27,3,68,9,7.1,FALSE,False,Moderate (50-80%),Clear,Road Construction,162,
TRP02794,2025-06-28,Saturday,True,Night (7-10pm),19:39,19:33,8,27,8,-6.0,FALSE,FALSE,Low (<50%),Clear,None,60,1.6
TRP02871,2025-03-14,Friday,0,Morning Peak (7-9am),08:06,08:10,1,32,1,4.0,Y,No,Low (<50%),clear,None,128,4.5
TRP00979,2025-05-30,Friday,0,Evening Peak (4-7pm),18:39,18:45,1,65,2,6.4,0,False,Overloaded (>100%),,Traffic Jam,140,2.5
TRP01868,2025-02-26,Wednesday,no,Morning Peak (7-9am),08:24,08:35,5,7,2,11.2,false,False,Full (80-100%),CLEAR,None,103,
TRP01701,2025-08-23,Saturday,yes,Midday (9am-4pm),10:30,10:24,6,95,4,-5.7,no,N,Low (<50%),Clear,None,100,1.7
TRP00833,2025-05-11,Sunday,1,Midday (9am-4pm),13:54,13:58,1,106,11,4.0,True,no,Moderate (50-80%),Clear,Overloading Delay,100,3.7
TRP00318,2025-04-02,Wednesday,no,MIDDAY (9AM-4PM),09:23,09:21,3,116,5,-1.8,True,No,Moderate (50-80%),Clear,None,120,3.1
TRP01805,2025-02-16,SUNDAY,true,Midday (9am-4pm),11:56,11:53,11,97,,-2.5,True,false,,Overcast,None,110,3.0
TRP01986,2025-05-19,Monday,0,Morning Peak (7-9am),07:28,07:34,4,21,11,6.3,false,FALSE,Moderate (50-80%),Clear,None,98,2.5
TRP01011,28/01/2025,Tuesday,0,Morning Peak (7-9am),07:32,07:45,10,12,6,13.3,0,False,FULL (80-100%),Clear,Road Accident Nearby,102,2.7
TRP00898,2025/08/11,Monday,false,Morning Peak (7-9am),07:46,07:56,4,68,11,10.0,false,FALSE,Low (<50%),Overcast,Road Construction,92,1.0
TRP02958,2025-01-27,Monday,False,Evening Peak (4-7pm),18:20,18:25,2,99,9,5.8,no,No,Moderate (50-80%),Clear,None,108,1.0
TRP02587,2025-07-26,Saturday,True,Morning Peak (7-9am),08:41,08:52,11,72,4,11.8,no,False,Moderate (50-80%),Clear,Traffic Jam,165,2.0
TRP00125,2025-04-19,Saturday,1,Early Morning (5-7am),05:52,05:58,11,87,7,6.0,false,false,Moderate (50-80%),,Traffic Jam,110,1.9
TRP01523,2025-04-28,Monday,No,Evening Peak (4-7pm),16:03,16:14,7,119,8,11.7,false,no,Full (80-100%),Clear,Traffic Jam,182,2.9
TRP00861,2025-02-28,Friday,N,Evening Peak (4-7pm),16:28,16:45,6,2,7,17.5 min,false,N,,Clear,Traffic Jam,155,3.8
TRP00302,2025-03-29,saturday,yes,Midday (9am-4pm),10:18,10:17,5,80,1,-0.9,TRUE,N,Low (<50%),CLEAR,Overloading Delay,70,3.2
TRP00063,2025-01-15,Wednesday,False,Night (7-10pm),19:14,19:30,11,25,4,16.5,no,False,Full (80-100%),Clear,,110,3.1
TRP02755,2025-02-10,Monday,false,Morning Peak (7-9am),08:25,08:28,3,87,9,3.2,TRUE,No,Overloaded (>100%),Light Rain,Overloading Delay,240,4.0
TRP00593,2025-08-09,Saturday,True,Early Morning (5-7am),05:34,05:56,4,73,11,22.9,N,N,Low (<50%),Heavy Rain,Road Accident Nearby,102,3.5
TRP01812,2025-07-28,Monday,No,Morning Peak (7-9am),07:21,07:31,4,96,4,10.1,0,0,Full (80-100%),Light Rain,Police Checkpoint,116,2.1
TRP01650,2025-06-09,Monday,FALSE,Morning Peak (7-9am),07:20,07:34,7,39,4,14.0,False,N,Moderate (50-80%),Light Rain,Vehicle Breakdown,243,3.4
TRP02600,2025-01-15,Wednesday,false,Midday (9am-4pm),11:46,11:59,3,39,8,13.6,False,False,MODERATE (50-80%),Light Rain,Road Construction,154,4.3
TRP00583,2025-06-02,Monday,false,Night (7-10pm),21:30,21:42,8,111,8,12.2,No,False,Full (80-100%),Clear,Traffic Jam,60,2.6
TRP00762,2025-01-31,Friday,False,Evening Peak (4-7pm),16:42,16:51,2,120,11,9.1,False,False,,Overcast,  None  ,KES 129,1.4
TRP00454,2025-07-28,Monday,False,midday (9am-4pm),09:06,09:28,9,65,11,22.1,FALSE,false,Full (80-100%),Heavy Rain,Road Construction,84,3.5
TRP02462,2025-02-01,Saturday,true,Midday (9am-4pm),10:57,11:22,9,90,9,25.9,0,No,Moderate (50-80%),Heavy Rain,Vehicle Breakdown,100,1.5
TRP01611,2025-07-02,Wednesday,0,Morning Peak (7-9am),08:14,08:38,4,29,9,24.6,no,FALSE,Moderate (50-80%),Clear,Vehicle Breakdown,117,3.0
TRP00697,2025-01-08,  Wednesday  ,false,Morning Peak (7-9am),08:17,08:52,1,20,10,35.0,false,False,,Light Rain,Vehicle Breakdown,142,2.1
TRP00470,2025-04-07,monday,False,Morning Peak (7-9am),07:30,07:33,7,76,5,3.9,true,false,Full (80-100%),Clear,None,182,3.5
TRP02148,08-01-2025,Friday,no,Evening Peak (4-7pm),16:31,16:34,5,60,10,3.1,True,no,Moderate (50-80%),Clear,Police Checkpoint,96,7.0
TRP01117,2025-08-08,Friday,False,Night (7-10pm),21:57,21:56,6,47,10,-0.5,true,FALSE,Full (80-100%),Clear,None,100,2.7
TRP03054,2025-01-16,Thursday,no,Evening Peak (4-7pm),18:09,18:14,10,93,1,5.9,no,no,overloaded (>100%),Clear,None,110,3.0
TRP03338,2025-08-08,Friday,0,Morning Peak (7-9am),07:07,07:19,10,59,3,12.2,False,1,Low (<50%),Light Rain,TRAFFIC JAM,110,3.5
TRP02944,2025-06-11,Wednesday,0,Midday (9am-4pm),13:55,13:59,11,37,4,4.9,true,False,Low (<50%),Clear,Police Checkpoint,110,2.6
TRP02956,2025-06-12,Thursday,0,Night (7-10pm),21:36,21:35,5,55,10,-0.4,TRUE,no,Overloaded (>100%),Clear,none,70,4.0
TRP01710,2025-04-05,Saturday,TRUE,Morning Peak (7-9am),08:18,08:24,1,90,6,6.5,No,no,Low (<50%),,Police Checkpoint,141,2.8
TRP01296,2025-08-24,Sunday,True,Midday (9am-4pm),13:57,14:05,2,11,8,8.9,No,False,Moderate (50-80%),Clear,Road Accident Nearby,90,2.3
TRP00572,2025-05-01,Thursday,False,Evening Peak (4-7pm),18:42,19:07,12,28,7,25.8,0,no,full (80-100%),Clear,Vehicle Breakdown,215,2.5
TRP03309,2025-06-09,Monday,N,Evening Peak (4-7pm),18:17,18:47,1,75,4,30.4,false,No,Full (80-100%),Light Rain,Road Accident Nearby,134,2.5
TRP00338,2025-04-28,  Monday  ,FALSE,Morning Peak (7-9am),07:35,07:32,2,70,9,-2.7,True,0,Moderate (50-80%),Light Rain,None,133,4.0
TRP01583,2025-05-29,Thursday,no,Midday (9am-4pm),09:26,09:25,11,59,1,-0.2,True,No,Low (<50%),Light Rain,  None  ,121,4.4
TRP03117,2025-02-16,Sunday,True,Midday (9am-4pm),14:25,14:21,4,50,5,-3.6,TRUE,0,Moderate (50-80%),Clear,none,80,5.0
TRP02984,2025-03-05,Wednesday,False,Night (7-10pm),19:34,19:34,11,29,8,0.5,True,No,Full (80-100%),,None,116,3.5
TRP00054,2025-04-30,Wednesday,False,Evening Peak (4-7pm),18:05,18:27,8,115,,22.3,FALSE,No,FULL (80-100%),clear,Road Accident Nearby,71,2.4
TRP01707,2025-06-22,Sunday,Yes,Midday (9am-4pm),10:22,10:32,5,111,6,10.7,FALSE,False,Full (80-100%),Heavy Rain,Road Accident Nearby,90,2.8
TRP03105,2025/04/04,Friday,False,Morning Peak (7-9am),07:27,07:30,4,87,9,3.7,True,No,Moderate (50-80%),Light Rain,None,110,5.0
TRP02759,2025-08-24,Sunday,TRUE,Night (7-10pm),21:42,21:37,4,111,11,-4.2,yes,false,Moderate (50-80%),Clear,Police Checkpoint,KES 80,3.2
TRP03451,2025-07-18,Friday,FALSE,midday (9am-4pm),12:17,12:11,7,16,9,-6.0,FALSE,false,moderate (50-80%),Clear,None,150,1.9
TRP03494,2025-02-17,MONDAY,0,Morning Peak (7-9am),07:09,07:13,4,17,2,4.5,Y,false,Full (80-100%),Clear,Overloading Delay,92,3.9
TRP00546,2025-02-24,Monday,false,Night (7-10pm),21:57,22:00,5,67,1,3.0,Yes,False,Moderate (50-80%),Clear,OVERLOADING DELAY,70,3.8
TRP02033,2025-06-17,Tuesday,false,Night (7-10pm),21:50,21:54,5,78,9,4.0,Yes,FALSE,Full (80-100%),Clear,Traffic Jam,70,2.2
TRP02695,2025-01-13,Monday,No,Evening Peak (4-7pm),16:36,16:53,12,49,10,17.3,false,1,,Light Rain,Police Checkpoint,260,2.4
TRP02175,2025-03-26,Wednesday,False,Night (7-10pm),20:35,20:38,10,96,10,3.6,Y,0,Low (<50%),,Road Construction,,3.9
TRP02561,2025-04-14,Monday,no,early morning (5-7am),06:15,06:26,12,29,2,11.2,False,FALSE,Low (<50%),Light Rain,Traffic Jam,185,1.6
TRP02576,2025-01-29,Wednesday,No,Evening Peak (4-7pm),18:28,18:37,12,109,5,9.9,no,N,Full (80-100%),Clear,None,191,3.2
TRP02555,2025-02-20,Thursday,no,Evening Peak (4-7pm),18:42,19:12,7,113,6,30.4 min,0,FALSE,Moderate (50-80%),Clear,Road Accident Nearby,182,2.7
TRP00313,2025-05-18,Sunday,1,Midday (9am-4pm),15:49,16:17,12,27,9,28.7,False,no,Low (<50%),,Vehicle Breakdown,,2.5
TRP01125,2025-08-04,Monday,False,Evening Peak (4-7pm),16:25,16:39,5,98,6,14.2,N,False,Moderate (50-80%),Light Rain,Overloading Delay,89,3.2
TRP01832,2025-08-04,Monday,FALSE,Midday (9am-4pm),09:03,09:03,6,5,3,0.5,yes,N,Moderate (50-80%),Clear,NONE,100,
TRP01878,2025-05-03,Saturday,Yes,Midday (9am-4pm),15:01,14:59,1,99,11,-1.1,TRUE,No,,LIGHT RAIN,None,125,3.5
TRP02342,2025-05-08,Thursday,false,Early Morning (5-7am),06:20,06:22,5,22,2,2.5 min,1,False,Low (<50%),Overcast,Overloading Delay,,2.7
TRP03276,2025-04-13,  Sunday  ,True,Midday (9am-4pm),10:02,10:05,3,39,10,3.5,true,no,Moderate (50-80%),Light Rain,Police Checkpoint,139,
TRP01499,2025-05-12,  Monday  ,False,Evening Peak (4-7pm),17:20,17:47,4,39,4,27.8,False,1,Full (80-100%),Overcast,Vehicle Breakdown,127,2.5
TRP00783,2025-08-15,Friday,N,Morning Peak (7-9am),07:53,07:55,4,57,3,2.5,Yes,0,Low (<50%),Overcast,None,100,3.5
TRP01654,2025-06-15,Sunday,Yes,Evening Peak (4-7pm),18:01,18:22,4,106,4,21.5,FALSE,false,Full (80-100%),Light Rain,Police Checkpoint,137,1.9
TRP02632,2025-04-07,Monday,no,  Morning Peak (7-9am)  ,08:43,08:53,6,102,2,10.5,No,False,Full (80-100%),Clear,Police Checkpoint,157,2.4
TRP01355,2025-03-12,Wednesday,N,Night (7-10pm),20:57,21:00,8,11,11,3.5,True,false,Moderate (50-80%),Light Rain,None,70,
TRP03167,07-26-2025,Saturday,True,Midday (9am-4pm),14:07,14:12,2,41,1,5.7,FALSE,False,Full (80-100%),Clear,road construction,KES 90,1.4
TRP00449,2025-06-29,Sunday,yes,MIDDAY (9AM-4PM),10:22,10:17,4,22,4,-4.1,Y,FALSE,Moderate (50-80%),Clear,Police Checkpoint,80,
TRP02854,2025-03-20,Thursday,FALSE,Midday (9am-4pm),14:49,14:47,9,26,9,-1.8,Y,False,Moderate (50-80%),Clear,None,80,3.4
TRP03499,2025-03-31,Monday,No,Midday (9am-4pm),11:31,11:38,10,80,7,7.2,FALSE,0,moderate (50-80%),Light Rain,Police Checkpoint,90,2.4
TRP00424,2025-04-30,Wednesday,N,Midday (9am-4pm),12:58,13:10,10,46,10,12.7,N,N,Low (<50%),,Overloading Delay,70,1.8
TRP01619,2025-02-06,THURSDAY,FALSE,Morning Peak (7-9am),07:01,07:14,1,47,11,13.5,no,No,Overloaded (>100%),Clear,None,117,1.1
TRP00881,2025-03-18,Tuesday,False,Midday (9am-4pm),15:19,15:22,6,85,7,3.6,True,no,  Low (<50%)  ,Clear,None,100,2.2
TRP01614,2025-08-01,Friday,false,Midday (9am-4pm),15:40,15:42,10,112,4,2.7,1,False,Low (<50%),Overcast,None,,2.7
TRP02027,2025-02-10,Monday,false,Midday (9am-4pm),09:07,09:04,4,35,1,-2.9,True,no,Low (<50%),Clear,,80,4.6
TRP02039,2025-01-12,Sunday,Y,Evening Peak (4-7pm),16:15,16:19,10,11,2,4.1,True,N,Moderate (50-80%),Light Rain,None,122,5.0
TRP02336,2025-02-01,SATURDAY,Yes,Midday (9am-4pm),14:37,14:34,5,91,8,-2.1,True,No,Low (<50%),LIGHT RAIN,Overloading Delay,86,5.0
TRP03079,2025-08-14,Thursday,N,Midday (9am-4pm),14:04,14:05,1,87,9,1.3,true,N,,Clear,None,100,3.0
TRP00964,2025-02-22,Saturday,1,Early Morning (5-7am),05:31,05:31,8,15,5,0.3,true,N,Moderate (50-80%),Clear,police checkpoint,60,6.4
TRP00708,2025-04-07,Monday,False,Morning Peak (7-9am),08:25,08:31,4,106,9,6.0,no,false,Low (<50%),Clear,Overloading Delay,95,2.9
TRP03340,2025-05-19,Monday,0,Morning Peak (7-9am),07:46,08:19,6,62,3,33.7,no,N,Moderate (50-80%),Light Rain,vehicle breakdown,169,1.1
TRP02455,2025-08-24,Sunday,1,Midday (9am-4pm),09:11,09:10,4,39,4,-1.0,TRUE,false,Full (80-100%),Light Rain,None,89,4.6
TRP00711,2025-01-16,Thursday,no,Morning Peak (7-9am),08:48,08:53,2,14,1,5.7,False,No,Moderate (50-80%),Clear,Overloading Delay,99,2.0
TRP00423,2025-04-06,Sunday,Y,NIGHT (7-10PM),20:34,20:47,1,51,3,13.2,no,No,Moderate (50-80%),Clear,Vehicle Breakdown,100,3.8
TRP00489,2025-02-11,Tuesday,False,Early Morning (5-7am),06:54,06:56,1,62,1,2.4,True,0,Moderate (50-80%),Light Rain,None,121,3.8
TRP02989,2025-08-06,Wednesday,false,Morning Peak (7-9am),07:52,08:05,4,99,1,13.2,N,False,Full (80-100%),clear,Road Construction,127,3.1
TRP01276,03/06/2025,Tuesday,False,Evening Peak (4-7pm),16:56,17:11,6,14,10,15.6,N,False,Moderate (50-80%),Clear,Police Checkpoint,140,1.9
TRP02435,2025-06-02,Monday,false,Morning Peak (7-9am),07:34,07:39,5,26,1,5.7,False,false,Low (<50%),Clear,None,109,3.1
TRP00538,2025-07-03,Thursday,no,Night (7-10pm),20:09,20:07,7,8,6,-1.6 min,no,yes,Full (80-100%),,None,150,2.9
TRP03404,2025-06-14,Saturday,1,Morning Peak (7-9am),07:41,07:39,8,82,8,-2.0,yes,False,999,Clear,None,67.00,3.6
TRP03462,2025-02-13,Thursday,FALSE,Evening Peak (4-7pm),16:46,16:51,8,11,11,5.3,False,FALSE,n/a,Light Rain,None,106,2.5
TRP00599,2025-01-23,Thursday,false,Midday (9am-4pm),09:02,09:01,10,93,2,-0.3,TRUE,N,FULL (80-100%),,None,70,4.5
TRP03084,2025-03-07,Friday,false,Evening Peak (4-7pm),16:39,16:55,6,18,11,16.8,N,False,Full (80-100%),Clear,Vehicle Breakdown,KES 137,1.3
TRP02911,2025-06-22,Sunday,1,Midday (9am-4pm),15:30,15:33,10,51,4,3.1,true,FALSE,Overloaded (>100%),Light Rain,None,80,4.0
TRP00665,2025-02-14,Friday,no,Midday (9am-4pm),09:36,09:33,11,117,7,-2.1,True,N,Full (80-100%),Clear,None,110,4.5
TRP02299,2025-01-24,Friday,FALSE,Morning Peak (7-9am),08:47,08:58,4,98,5,11.2,false,false,Full (80-100%),Clear,None,118,1.4
TRP01500,2025-06-30,Monday,no,Morning Peak (7-9am),07:04,07:20,2,6,1,16.1,FALSE,False,Moderate (50-80%),Clear,Road Accident Nearby,,1.0
TRP00532,2025-02-24,Monday,False,Midday (9am-4pm),13:36,13:39,12,22,7,3.6,TRUE,False,Low (<50%),Light Rain,None,181,4.2
TRP02212,2025-03-25,Tuesday,N,Midday (9am-4pm),14:22,14:52,2,57,3,30.9,False,No,Moderate (50-80%),Overcast,Vehicle Breakdown,90,3.3
TRP03155,2025-02-03,Monday,False,Evening Peak (4-7pm),18:35,18:35,10,117,8,354.0,yes,False,,Clear,None,88,3.8
TRP02440,2025-05-29,Thursday,FALSE,Morning Peak (7-9am),08:00,08:11,5,71,6,11.9,FALSE,No,Moderate (50-80%),Clear,Police Checkpoint,102,2.9
TRP00889,2025-07-26,Saturday,Yes,Midday (9am-4pm),11:47,11:50,8,16,8,3.5,yes,FALSE,Moderate (50-80%),Light Rain,None,66,4.8
TRP00656,11/03/2025,  Tuesday  ,0,Early Morning (5-7am),05:36,05:49,1,96,6,13.1,False,False,Full (80-100%),Clear,Traffic Jam,100,3.0
TRP00087,2025-03-08,Saturday,True,evening peak (4-7pm),16:47,16:49,9,57,7,2.7 min,yes,false,Full (80-100%),Clear,Police Checkpoint,97,3.9
TRP00978,2025-01-12,Sunday,True,Midday (9am-4pm),13:09,13:05,7,59,3,-3.8,yes,0,Low (<50%),Clear,None,,3.9
TRP01419,2025-05-20,Tuesday,No,Morning Peak (7-9am),07:42,07:38,9,21,1,-3.1,True,False,Full (80-100%),Overcast,None,117,3.4
TRP02831,2025-01-01,Wednesday,FALSE,Morning Peak (7-9am),08:01,08:28,12,83,4,27.5 min,false,no,Overloaded (>100%),Clear,Road Accident Nearby,254,
TRP02206,2025-08-15,Friday,N,Midday (9am-4pm),10:16,10:17,5,70,10,1.7,true,no,Moderate (50-80%),Light Rain,none,75,4.1
TRP00309,2025-05-31,Saturday,Yes,Evening Peak (4-7pm),18:47,18:58,10,25,6,11.6,No,False,low (<50%),Clear,Road Accident Nearby,101,2.4
TRP00856,2025-05-13,Tuesday,False,Midday (9am-4pm),10:24,10:26,8,23,6,2.1,yes,False,Moderate (50-80%),LIGHT RAIN,Road Construction,Ksh69,4.6
TRP03198,2025-07-22,Tuesday,false,Night (7-10pm),20:45,20:48,12,108,1,3.4,true,no,Full (80-100%),Light Rain,Overloading Delay,204,2.8
TRP01956,2025-04-26,Saturday,1,  Evening Peak (4-7pm)  ,17:58,17:58,6,86,1,0.7,Y,False,Moderate (50-80%),Overcast,None,150,3.2
TRP02028,2025-02-10,Monday,No,Early Morning (5-7am),06:46,06:55,3,69,3,9.4,FALSE,False,Low (<50%),Heavy Rain,None,132,2.7
TRP01331,2025-02-02,Sunday,1,Midday (9am-4pm),10:23,10:23,12,75,6,0.3,TRUE,No,Low (<50%),Clear,,160,3.3
TRP02720,2025-03-29,Saturday,TRUE,Midday (9am-4pm),10:10,10:08,4,11,4,-1.3,1,no,Low (<50%),Overcast,none,80,3.6
TRP02562,2025-05-11,  Sunday  ,Yes,Midday (9am-4pm),14:37,14:33,7,46,9,-3.3,True,FALSE,Full (80-100%),Clear,None,150,2.7
TRP02183,2025-03-21,Friday,FALSE,Morning Peak (7-9am),08:59,09:00,8,22,10,1.5,true,false,Moderate (50-80%),Clear,None,72,2.9
TRP01578,2025-03-14,Friday,No,Midday (9am-4pm),13:09,13:20,6,24,9,11.4,N,0,Low (<50%),Light Rain,None,107,2.0
TRP01560,2025-02-02,Sunday,1,Morning Peak (7-9am),08:39,08:44,7,69,7,5.4,false,0,Full (80-100%),Light Rain,None,269,3.0
TRP00662,2025-03-21,Friday,N,Midday (9am-4pm),10:01,10:07,3,116,7,6.6,False,false,,Clear,None,120,3.2
TRP01951,2025-07-25,Friday,N,Evening Peak (4-7pm),16:26,16:41,12,81,10,15.2,no,N,Low (<50%),Heavy Rain,None,218,
TRP02925,06-22-2025,Sunday,True,Midday (9am-4pm),14:57,14:53,1,60,9,-3.5,TRUE,0,Moderate (50-80%),Clear,Police Checkpoint,100,5.0
TRP03187,2025-05-05,Monday,false,Night (7-10pm),21:09,21:07,8,15,11,-1.7,Yes,false,Moderate (50-80%),Clear,None,60,2.7
TRP00531,01-26-2025,Sunday,yes,Midday (9am-4pm),12:26,12:30,12,84,9,4.1,True,FALSE,Low (<50%),Clear,Overloading Delay,160,4.4
TRP03134,2025-03-23,Sunday,True,Midday (9am-4pm),13:43,13:37,6,22,8,-5.5,false,False,Moderate (50-80%),Clear,None,100,1.5
TRP03344,2025-08-03,Sunday,yes,Night (7-10pm),21:31,21:25,5,74,,-6.0 min,0,No,,Overcast,None,70,2.1
TRP02049,2025-02-17,Monday,0,Morning Peak (7-9am),07:48,07:55,6,48,7,7.3,no,No,Low (<50%),Clear,None,115,1.9
TRP00289,2025-06-19,Thursday,False,Evening Peak (4-7pm),16:38,16:39,2,108,8,1.6,true,FALSE,Moderate (50-80%),Clear,Police Checkpoint,128,4.3
TRP02657,2025-04-21,Monday,FALSE,Evening Peak (4-7pm),18:44,18:51,4,53,9,7.0,0,No,Low (<50%),Clear,Overloading Delay,115,2.1
TRP03268,2025-02-04,Tuesday,False,Midday (9am-4pm),13:33,13:29,1,87,11,-3.2,True,false,  Low (<50%)  ,Clear,None,100,4.5
TRP00948,2025-07-26,Saturday,yes,Evening Peak (4-7pm),17:00,17:12,10,10,2,12.7,no,no,Overloaded (>100%),,VEHICLE BREAKDOWN,93,2.2
TRP01270,2025-03-02,Sunday,Y,Early Morning (5-7am),05:09,05:13,9,114,4,4.4,yes,false,Moderate (50-80%),Clear,Road Accident Nearby,80,4.2
TRP01119,2025-07-26,Saturday,TRUE,Early Morning (5-7am),05:12,05:17,1,108,5,5.3,N,False,Full (80-100%),Light Rain,None,115,2.5
TRP01416,2025-01-20,MONDAY,N,Midday (9am-4pm),09:27,09:23,4,98,10,-3.2,1,FALSE,Overloaded (>100%),CLEAR,None,80,3.8
TRP02835,05-Jan-2025,Sunday,yes,Evening Peak (4-7pm),18:21,18:29,11,31,8,8.1,False,False,OVERLOADED (>100%),Clear,none,KES 154,2.8
TRP03191,2025-05-26,Monday,No,Midday (9am-4pm),15:23,15:35,7,81,4,12.9,FALSE,False,Low (<50%),Overcast,Traffic Jam,Ksh150,1.8
TRP03151,2025-03-22,Saturday,yes,MIDDAY (9AM-4PM),11:33,11:32,8,37,9,-1.0 min,Yes,False,Moderate (50-80%),,OVERLOADING DELAY,60,4.8
TRP03185,2025-06-18,Wednesday,false,Morning Peak (7-9am),07:52,07:48,5,82,2,-3.2,yes,0,OVERLOADED (>100%),Heavy Rain,None,113,6.4
TRP00530,09/06/2025,Monday,no,Evening Peak (4-7pm),16:46,16:45,9,64,2,-0.5,TRUE,False,Full (80-100%),Overcast,None,117,3.2
TRP00398,2025-03-24,Monday,N,Midday (9am-4pm),13:23,13:18,3,112,7,-4.1,True,False,Full (80-100%),Clear,None,120,
TRP00878,2025-07-09,Wednesday,False,Night (7-10pm),19:22,19:17,6,100,6,-4.9,TRUE,False,Low (<50%),Clear,None,100,4.7
TRP02658,2025-06-19,thursday,false,Morning Peak (7-9am),07:12,07:21,4,27,8,9.9,False,N,unknown,Clear,None,109,2.5
TRP01760,2025-08-09,Saturday,yes,  Midday (9am-4pm)  ,11:59,12:17,12,47,5,18.7,no,False,Moderate (50-80%),999,Vehicle Breakdown,200,2.6
TRP02422,2025-02-10,Monday,No,Night (7-10pm),21:38,21:34,9,86,8,-3.3 min,TRUE,no,Low (<50%),Clear,None,80,4.6
TRP00965,2025-01-06,Monday,0,Midday (9am-4pm),13:39,13:38,9,45,10,-0.9,TRUE,False,Full (80-100%),Clear,NONE,80,3.4
TRP02690,2025-03-08,Saturday,1,Early Morning (5-7am),05:41,05:41,12,78,10,0.2,true,false,Low (<50%),Overcast,Police Checkpoint,Ksh160,3.4
TRP01507,2025-04-16,Wednesday,no,Evening Peak (4-7pm),16:29,16:32,6,111,2,3.9,Y,no,Moderate (50-80%),Overcast,None,121,3.9
TRP02743,2025-07-10,Thursday,N,Evening Peak (4-7pm),16:58,17:02,8,24,6,4.1,Yes,No,Overloaded (>100%),Clear,None,81,3.7
TRP02935,2025-05-19,Monday,No,night (7-10pm),21:44,21:39,7,82,10,-4.1,true,false,Moderate (50-80%),Clear,  None  ,150,3.6
TRP00379,2025-02-19,Wednesday,No,Midday (9am-4pm),12:43,12:43,11,63,8,0.9,Yes,N,n/a,Clear,Overloading Delay,110,5.0
TRP03317,2025-02-24,Monday,no,Morning Peak (7-9am),08:41,08:58,4,8,10,17.6,0,False,Moderate (50-80%),Overcast,Road Accident Nearby,117,2.8
TRP00627,2025-03-02,Sunday,Yes,Evening Peak (4-7pm),18:16,18:19,10,29,2,3.3,yes,N,FULL (80-100%),Clear,None,92,4.7
TRP00777,2025-03-01,Saturday,True,Night (7-10pm),20:20,20:21,11,51,10,1.0,1,No,moderate (50-80%),Heavy Rain,None,135,3.6
TRP03095,2025-03-16,Sunday,Yes,Midday (9am-4pm),10:25,10:23,5,68,9,-2.0,1,false,Full (80-100%),N/A,None,70,4.3
TRP00332,2025-04-27,Sunday,True,Evening Peak (4-7pm),18:43,18:50,5,43,2,7.5,False,No,-,Clear,NONE,102,3.7
TRP01400,2025-05-26,Monday,no,Evening Peak (4-7pm),16:26,16:37,3,34,2,11.5,False,false,Low (<50%),Light Rain,None,227,3.7
TRP02064,2025-06-21,Saturday,True,EVENING PEAK (4-7PM),17:44,17:39,11,55,2,-4.4,Yes,FALSE,Full (80-100%),Clear,None,158,8.2
TRP00473,2025-06-04,Wednesday,N,Morning Peak (7-9am),07:34,07:55,6,12,3,21.7,no,0,Low (<50%),Clear,Road Accident Nearby,111,1.6
TRP03255,2025-07-12,Saturday,True,Midday (9am-4pm),13:10,13:11,12,34,6,1.2,1,N,Low (<50%),Clear,Police Checkpoint,160,4.4
TRP02977,28/08/2025,Thursday,no,Morning Peak (7-9am),08:27,08:50,7,45,11,23.3,False,N,Overloaded (>100%),Clear,Road Accident Nearby,169,2.2
TRP03455,2025-05-16,friday,False,Night (7-10pm),21:33,21:50,3,104,2,17.8,false,N,Moderate (50-80%),Heavy Rain,None,154,2.1
TRP00746,2025-03-28,Friday,No,Midday (9am-4pm),10:46,10:47,5,107,3,1.1,True,0,,Light Rain,None,,4.6
TRP01594,2025-05-26,Monday,No,Midday (9am-4pm),13:51,13:59,11,31,11,8.8,False,False,Low (<50%),light rain,Police Checkpoint,135,3.0
TRP03330,2025-04-16,Wednesday,No,Evening Peak (4-7pm),18:37,18:52,11,62,,15.5,No,N,MODERATE (50-80%),,ROAD ACCIDENT NEARBY,131,3.3
TRP00259,2025-07-18,Friday,false,Morning Peak (7-9am),07:53,08:06,2,60,2,13.9,FALSE,no,Moderate (50-80%),Clear,Overloading Delay,138,3.3
TRP00199,2025-05-16,Friday,FALSE,Evening Peak (4-7pm),18:35,19:05,1,117,5,30.1,No,false,Moderate (50-80%),Clear,Vehicle Breakdown,138,2.7
TRP01989,2025-01-19,Sunday,true,MIDDAY (9AM-4PM),13:13,13:07,3,70,4,-6.0,0,N,Low (<50%),,None,120,2.0
TRP02313,2025-05-04,Sunday,yes,Evening Peak (4-7pm),16:43,17:08,1,50,5,25.6,false,0,Overloaded (>100%),Overcast,Traffic Jam,92,4.3
TRP02406,2025-05-12,Monday,N,Morning Peak (7-9am),08:30,08:54,1,21,1,24.7,False,0,Moderate (50-80%),Clear,,147,2.5
TRP00326,2025/03/14,Friday,No,midday (9am-4pm),13:06,13:09,1,73,1,3.8,TRUE,N,  Low (<50%)  ,Clear,None,100,3.9
TRP00911,2025-05-30,Friday,false,Evening Peak (4-7pm),17:05,17:12,8,15,4,7.2,N,false,MODERATE (50-80%),LIGHT RAIN,None,,3.3
TRP02386,2025-06-17,Tuesday,False,Night (7-10pm),21:43,21:39,9,106,6,-3.7,TRUE,N,Moderate (50-80%),CLEAR,None,80,4.1
TRP01320,2025-08-12,Tuesday,no,Morning Peak (7-9am),08:56,09:08,6,67,10,12.7,No,No,Low (<50%),Clear,Traffic Jam,142,2.6
TRP01774,2025-02-23,Sunday,Yes,Night (7-10pm),19:45,19:54,3,34,8,9.0,N,0,Overloaded (>100%),Clear,Road Accident Nearby,120,2.5
TRP01362,2025-01-12,Sunday,True,Midday (9am-4pm),13:05,13:10,11,9,2,5.0,True,False,LOW (<50%),Clear,Traffic Jam,110,3.8
TRP01266,2025-01-11,Saturday,1,Morning Peak (7-9am),08:49,08:55,5,94,4,6.6,no,FALSE,Overloaded (>100%),Light Rain,Police Checkpoint,102,2.6
TRP02806,2025-04-09,Wednesday,N,Morning Peak (7-9am),07:36,07:42,1,64,11,6.9,False,N,FULL (80-100%),Overcast,None,112,
TRP01537,2025-05-27,Tuesday,FALSE,Evening Peak (4-7pm),17:13,17:19,10,99,2,6.5,0,FALSE,Moderate (50-80%),Clear,Traffic Jam,100,3.3
TRP01781,2025-01-02,  Thursday  ,0,Morning Peak (7-9am),08:20,08:18,10,83,1,-1.5,yes,FALSE,Moderate (50-80%),Overcast,None,107,3.9
TRP02550,2025-02-26,Wednesday,0,Morning Peak (7-9am),07:56,08:02,11,7,6,6.3,No,false,Moderate (50-80%),Clear,None,,3.1
TRP01195,2025-04-11,Friday,False,Midday (9am-4pm),12:39,12:45,3,46,10,6.1 min,FALSE,no,Low (<50%),Overcast,Overloading Delay,120,2.3
TRP01691,2025-06-08,Sunday,TRUE,  Early Morning (5-7am)  ,06:57,07:00,6,66,1,3.0,Y,No,,Clear,Road Construction,100,2.3
TRP00025,2025-04-05,Saturday,TRUE,Midday (9am-4pm),13:23,13:18,1,50,1,-4.2,yes,FALSE,  Moderate (50-80%)  ,Clear,None,KES 100,3.9
TRP02863,2025-02-22,Saturday,Y,Early Morning (5-7am),06:03,06:01,3,102,10,-1.8 min,True,N,Full (80-100%),Clear,NONE,120,2.9
TRP01345,2025-05-01,Thursday,N,Night (7-10pm),20:39,20:53,11,77,9,-80.9,false,0,Moderate (50-80%),Clear,Road Accident Nearby,110,2.0
TRP00016,2025-01-06,Monday,No,Evening Peak (4-7pm),18:54,19:11,6,37,8,17.6,N,No,Moderate (50-80%),  Light Rain  ,Road Construction,,2.1
TRP01704,2025-04-27,Sunday,True,Midday (9am-4pm),13:12,13:09,4,90,10,-2.6,true,false,Moderate (50-80%),,None,80,3.9
TRP02407,2025-06-29,Sunday,TRUE,  Midday (9am-4pm)  ,09:03,09:00,8,51,4,-2.6,Y,False,Low (<50%),Overcast,None,60,4.9
TRP02613,2025-08-08,Friday,no,Evening Peak (4-7pm),18:41,18:45,2,18,5,4.0,Yes,False,Low (<50%),Clear,Road Accident Nearby,125,3.7
TRP03153,2025-08-03,Sunday,TRUE,Evening Peak (4-7pm),17:51,18:03,9,115,3,12.6,No,no,Overloaded (>100%),heavy rain,None,121,1.2
TRP00237,2025-08-15,Friday,false,Morning Peak (7-9am),08:51,08:52,11,13,8,1.8,true,0,  Low (<50%)  ,Light Rain,none,191,2.5
TRP00304,04-17-2025,THURSDAY,FALSE,morning peak (7-9am),07:16,07:22,3,79,6,6.4,0,0,Overloaded (>100%),Clear,Overloading Delay,137,3.4
TRP00578,2025-03-17,Monday,False,EARLY MORNING (5-7AM),05:02,05:07,4,77,8,5.8,FALSE,False,Moderate (50-80%),Clear,Overloading Delay,80,2.6
TRP02244,2025-04-29,Tuesday,0,Midday (9am-4pm),12:08,12:10,7,40,3,2.0,true,0,Moderate (50-80%),Clear,None,150,3.8
TRP02993,2025-01-21,Tuesday,FALSE,Midday (9am-4pm),13:46,13:56,12,54,8,10.0,no,no,Moderate (50-80%),Clear,Police Checkpoint,160,1.3
TRP02804,2025-06-19,Thursday,N,Midday (9am-4pm),10:46,10:45,7,47,5,-0.3,Y,False,Moderate (50-80%),Clear,None,150,5.0
TRP01636,2025-05-21,Wednesday,False,Night (7-10pm),21:00,20:56,6,77,11,-3.8,true,No,Moderate (50-80%),Clear,None,100,4.7
TRP01619,2025-02-06,THURSDAY,FALSE,Morning Peak (7-9am),07:01,07:14,1,47,11,13.5,no,No,Overloaded (>100%),Clear,None,117,1.1
TRP01533,2025-06-17,TUESDAY,false,Morning Peak (7-9am),08:57,08:55,2,41,8,-2.0,true,N,Full (80-100%),Overcast,Overloading Delay,131,3.7
TRP02714,24/05/2025,Saturday,1,Midday (9am-4pm),15:38,15:35,4,120,5,-2.8,true,0,Full (80-100%),Overcast,None,80,2.7
TRP00301,2025-05-22,Thursday,N,Morning Peak (7-9am),07:01,07:21,9,118,7,20.6,no,FALSE,Full (80-100%),Light Rain,Vehicle Breakdown,125,
TRP03434,2025-02-11,Tuesday,FALSE,Evening Peak (4-7pm),17:48,18:05,11,38,9,17.3,False,False,,Light Rain,Traffic Jam,163,3.1
TRP03154,2025-05-19,Monday,no,Evening Peak (4-7pm),17:48,18:22,12,41,4,34.2,FALSE,False,Low (<50%),Light Rain,,309,2.1
TRP00157,2025-03-08,Saturday,Yes,Morning Peak (7-9am),08:37,08:49,7,51,6,12.1,0,No,Full (80-100%),Clear,Police Checkpoint,203,2.6
TRP01693,2025-07-08,Tuesday,FALSE,Morning Peak (7-9am),08:40,08:47,5,51,11,7.7,False,False,Overloaded (>100%),Clear,None,93,3.5
TRP01608,2025-01-31,Friday,N,Morning Peak (7-9am),07:52,08:06,6,119,11,14.0,False,No,Moderate (50-80%),Clear,Traffic Jam,144,
TRP02120,2025/03/11,Tuesday,FALSE,Night (7-10pm),20:59,20:55,6,83,1,-3.4 min,Y,N,Full (80-100%),Clear,None,100,3.9
TRP00748,2025-05-15,Thursday,false,Night (7-10pm),21:42,21:51,1,83,3,9.5,no,no,Overloaded (>100%),unknown,  Police Checkpoint  ,119,3.0
TRP02447,2025-03-02,Sunday,true,Evening Peak (4-7pm),18:27,18:28,10,96,7,1.7,True,no,Full (80-100%),Overcast,NONE,99,3.9
TRP02503,2025-08-25,Monday,No,Morning Peak (7-9am),08:52,08:51,9,6,11,-0.1,Yes,FALSE,Full (80-100%),Clear,None,109,4.3
TRP01058,2025-05-26,Monday,False,Morning Peak (7-9am),07:09,07:45,11,32,10,36.6,FALSE,0,Overloaded (>100%),,Vehicle Breakdown,137,2.0
TRP02686,2025-07-06,Sunday,true,Morning Peak (7-9am),07:17,07:11,11,35,4,-6.0,False,0,Moderate (50-80%),Clear,None,164,1.3
TRP03483,2025-04-15,Tuesday,0,Midday (9am-4pm),12:46,12:56,4,90,6,10.5,no,N,Moderate (50-80%),Clear,Police Checkpoint,80,3.3
TRP01768,2025-03-06,Thursday,False,Midday (9am-4pm),11:19,11:24,11,114,10,5.1,No,No,Moderate (50-80%),Clear,road construction,110,2.9
TRP01074,2025-04-08,Tuesday,False,Night (7-10pm),20:40,20:40,8,95,7,0.1,yes,no,Full (80-100%),clear,None,60,5.0
TRP02341,03-08-2025,Saturday,Yes,Early Morning (5-7am),06:12,06:14,7,32,6,2.2,yes,False,full (80-100%),Clear,None,150,3.1
TRP03253,2025-03-08,Saturday,Y,Evening Peak (4-7pm),16:40,16:44,10,36,4,4.2,Y,false,Low (<50%),Light Rain,None,101,4.2
TRP01257,2025-01-12,Sunday,true,Morning Peak (7-9am),07:33,07:34,1,90,10,1.5,false,yes,Overloaded (>100%),Clear,None,124,3.2
TRP03442,25-Aug-2025,Monday,false,Early Morning (5-7am),06:12,06:26,11,39,2,14.1,FALSE,false,Low (<50%),unknown,Vehicle Breakdown,140,2.2
TRP00960,2025-04-26,Saturday,yes,Evening Peak (4-7pm),18:00,18:05,11,24,3,5.8,0,FALSE,Overloaded (>100%),clear,Traffic Jam,162,2.8
TRP01530,2025-06-01,Sunday,TRUE,Midday (9am-4pm),11:53,11:47,8,80,2,-5.1,False,no,999,Clear,None,60,1.4
TRP01563,2025-07-25,Friday,False,Evening Peak (4-7pm),16:46,17:06,9,102,8,20.3,false,False,Overloaded (>100%),Clear,Road Accident Nearby,125,2.2
TRP02328,2025-06-02,Monday,FALSE,Evening Peak (4-7pm),18:13,18:27,12,35,3,14.1 min,0,False,Low (<50%),,Road Construction,240,2.3
TRP02688,15/04/2025,Tuesday,False,midday (9am-4pm),10:52,10:53,12,107,11,1.5 min,TRUE,False,Full (80-100%),,Police Checkpoint,160,4.2
TRP01871,2025-03-09,SUNDAY,true,Midday (9am-4pm),12:47,12:52,4,72,6,5.8,FALSE,false,Full (80-100%),Clear,Road Accident Nearby,80,1.7
TRP00834,2025-02-20,  Thursday  ,FALSE,morning peak (7-9am),08:20,08:31,9,99,2,11.3,N,no,Moderate (50-80%),Clear,Police Checkpoint,127,1.9
TRP00788,2025-05-15,Thursday,False,Midday (9am-4pm),15:19,15:14,6,20,6,-4.4,Y,N,Full (80-100%),Clear,None,100,3.4
TRP02961,2025-04-15,Tuesday,no,MIDDAY (9AM-4PM),12:00,12:19,11,87,8,19.9,N,no,Low (<50%),Light Rain,Vehicle Breakdown,131,2.4
TRP03032,2025-04-17,Thursday,no,Night (7-10pm),19:41,20:07,1,43,5,26.1,false,No,Low (<50%),Clear,Vehicle Breakdown,100,1.3
TRP02201,2025-06-08,Sunday,TRUE,Evening Peak (4-7pm),18:47,18:55,5,8,11,8.7,No,false,Low (<50%),Light Rain,Overloading Delay,102,3.3
TRP01447,2025-08-19,Tuesday,no,Morning Peak (7-9am),07:05,07:22,10,66,9,17.3,False,N,Low (<50%),Clear,Road Accident Nearby,77,2.9
TRP01755,2025-05-13,Tuesday,False,Early Morning (5-7am),05:11,05:18,4,32,6,7.7,false,No,  Low (<50%)  ,Clear,Traffic Jam,80,2.5
TRP01076,2025-01-18,Saturday,True,Midday (9am-4pm),12:08,12:05,8,68,10,-2.4,true,N,Full (80-100%),Clear,Overloading Delay,60,5.0
TRP03458,2025-03-05,Wednesday,no,Midday (9am-4pm),09:41,09:44,7,95,6,3.3,yes,False,Moderate (50-80%),Clear,Overloading Delay,150,3.8
TRP03488,2025-05-05,Monday,false,Midday (9am-4pm),12:06,12:07,5,30,8,1.8,true,false,Low (<50%),Clear,Police Checkpoint,70,2.7
TRP02618,2025-06-27,FRIDAY,No,Evening Peak (4-7pm),16:04,16:04,6,39,10,0.5,True,False,Moderate (50-80%),Clear,None,158,2.8
TRP02366,09/01/2025,Thursday,FALSE,Morning Peak (7-9am),07:08,07:27,1,85,4,19.1,false,0,low (<50%),Light Rain,Road Accident Nearby,162,1.9
TRP01764,2025-07-04,Friday,no,Midday (9am-4pm),12:20,12:22,12,21,2,2.3,True,FALSE,Full (80-100%),Light Rain,None,196,3.3
TRP01461,2025-01-15,Wednesday,0,Midday (9am-4pm),13:17,13:24,3,88,1,7.6,No,0,Moderate (50-80%),Clear,Road Accident Nearby,120,2.7
TRP01493,2025-02-22,Saturday,TRUE,Evening Peak (4-7pm),17:32,17:26,9,86,3,-6.0,no,no,Moderate (50-80%),clear,None,96,3.2
TRP02225,21-Jun-2025,Saturday,Yes,Midday (9am-4pm),10:27,10:50,10,100,6,23.1 min,false,0,Moderate (50-80%),Clear,Vehicle Breakdown,70,3.3
TRP03368,2025-04-14,Monday,no,Morning Peak (7-9am),07:56,08:03,1,47,3,7.8,no,false,Full (80-100%),Clear,Police Checkpoint,116,2.1
TRP02349,2025-02-14,  Friday  ,FALSE,Evening Peak (4-7pm),17:56,18:29,10,24,6,33.2,no,false,Overloaded (>100%),Clear,Vehicle Breakdown,84,2.0
TRP00277,2025-07-18,Friday,false,Morning Peak (7-9am),08:26,08:31,12,43,5,5.8,N,No,Low (<50%),Clear,None,227,
TRP00147,2025-05-04,Sunday,true,Midday (9am-4pm),15:21,15:27,7,95,2,6.5,no,no,Low (<50%),clear,Road Construction,150,3.2
TRP00443,2025-02-21,Friday,false,Midday (9am-4pm),09:01,08:55,10,40,6,-5.4,FALSE,False,FULL (80-100%),Clear,none,70,3.3
TRP02581,2025-02-27,Thursday,false,Morning Peak (7-9am),07:03,07:37,10,68,2,34.1,FALSE,false,Moderate (50-80%),  Clear  ,Vehicle Breakdown,79,2.7
TRP00433,2025-01-15,Wednesday,0,Midday (9am-4pm),09:49,09:44,2,110,1,-4.7,True,false,Low (<50%),,None,90,3.4
TRP02088,2025-02-17,Monday,0,Evening Peak (4-7pm),17:09,17:23,12,41,3,14.8,no,N,Full (80-100%),Clear,Traffic Jam,178,2.9
TRP02936,2025-04-28,Monday,False,Early Morning (5-7am),05:03,05:10,4,75,11,7.2,False,false,low (<50%),Light Rain,Overloading Delay,99,2.4
TRP00864,18-May-2025,Sunday,1,Evening Peak (4-7pm),17:03,17:14,5,42,9,11.6,no,false,Moderate (50-80%),Heavy Rain,None,113,6.0
TRP01899,15-Aug-2025,Friday,No,Early Morning (5-7am),06:48,06:44,10,18,6,-3.6,true,N,Moderate (50-80%),Clear,Overloading Delay,70,2.3
TRP00382,2025-05-02,Friday,False,Early Morning (5-7am),06:26,06:24,3,16,10,-1.4,1,FALSE,Moderate (50-80%),Clear,NONE,120,4.9
TRP01108,2025-02-15,Saturday,yes,Morning Peak (7-9am),07:28,07:30,10,5,6,2.7,True,false,OVERLOADED (>100%),Clear,None,107,4.7
TRP01154,2025-08-12,Tuesday,False,Midday (9am-4pm),11:00,11:02,7,23,2,2.6,true,0,Moderate (50-80%),Overcast,Overloading Delay,150,4.4
TRP01082,2025-07-30,WEDNESDAY,no,Early Morning (5-7am),06:21,06:25,7,39,2,4.4,true,No,Full (80-100%),Clear,Police Checkpoint,150,5.0
TRP01836,2025-04-11,Friday,False,  Night (7-10pm)  ,20:54,21:16,10,114,8,22.0,False,False,Full (80-100%),clear,Road Accident Nearby,70,
TRP02399,2025-07-26,Saturday,TRUE,Morning Peak (7-9am),07:31,07:43,11,98,7,12.9,0,No,Moderate (50-80%),overcast,Road Accident Nearby,144,1.9
TRP00787,2025-01-05,Sunday,yes,Morning Peak (7-9am),07:19,07:39,7,56,2,20.6,false,FALSE,Low (<50%),overcast,Road Accident Nearby,165,2.4
TRP02390,2025-06-26,Thursday,N,Morning Peak (7-9am),08:19,08:33,7,8,9,14.2,false,no,Overloaded (>100%),overcast,Police Checkpoint,226,2.8
TRP01326,2025-04-17,Thursday,No,Morning Peak (7-9am),08:29,08:47,3,53,6,18.4,false,No,Low (<50%),Clear,Traffic Jam,134,4.2
TRP00761,2025-03-02,Sunday,True,Midday (9am-4pm),12:01,11:59,1,51,7,-1.9,True,0,Full (80-100%),Clear,None,100,
TRP00256,2025-07-31,  Thursday  ,false,Midday (9am-4pm),11:12,11:09,9,88,3,-2.3,Yes,No,Low (<50%),Clear,None,80,5.0
TRP02472,2025-05-21,Wednesday,No,Early Morning (5-7am),05:34,05:34,5,108,9,0.4,Yes,N,,Clear,None,70,3.2
TRP01302,2025-06-29,Sunday,Yes,Midday (9am-4pm),11:31,11:25,8,29,5,-5.2,False,N,Low (<50%),Overcast,None,60,3.8
TRP00985,2025-05-18,Sunday,TRUE,Midday (9am-4pm),12:59,13:06,4,112,5,7.7,false,no,Full (80-100%),Light Rain,Police Checkpoint,89,2.1
TRP02726,2025-02-08,Saturday,1,Midday (9am-4pm),14:57,14:56,10,92,3,-0.3,Yes,false,Moderate (50-80%),Clear,None,70,4.6
TRP02193,2025-07-26,Saturday,true,Night (7-10pm),21:26,21:31,3,35,11,5.7,False,false,Full (80-100%),HEAVY RAIN,None,135,2.8
TRP00394,2025-04-01,Tuesday,FALSE,MIDDAY (9AM-4PM),10:23,10:27,10,113,2,4.0,yes,False,Low (<50%),Clear,None,70,3.8
TRP00495,2025-07-11,Friday,N,Early Morning (5-7am),06:38,06:38,10,100,3,0.4,yes,false,Moderate (50-80%),Clear,None,70,3.1
TRP01060,2025-02-03,Monday,0,Midday (9am-4pm),10:16,10:49,1,7,4,33.9,N,No,Low (<50%),Clear,Vehicle Breakdown,100,1.4
TRP00573,2025-01-12,Sunday,Yes,Early Morning (5-7am),06:59,06:53,8,45,4,-5.3,False,False,Moderate (50-80%),clear,None,60,1.9
TRP00887,2025-02-07,Friday,False,Evening Peak (4-7pm),18:16,18:22,9,55,9,6.8,No,0,Moderate (50-80%),,Vehicle Breakdown,97,2.9
TRP01034,2025-03-16,Sunday,True,Night (7-10pm),19:15,19:23,2,48,3,8.1,N,False,Low (<50%),Overcast,Road Construction,90,2.4
TRP01715,2025-02-01,Saturday,True,Midday (9am-4pm),10:22,10:21,3,118,10,-0.3,True,no,Full (80-100%),Clear,None,120,3.6
TRP03144,2025-08-16,Saturday,True,Midday (9am-4pm),10:36,10:35,4,90,3,-0.9,TRUE,N,Low (<50%),Clear,NONE,80,3.1
TRP03290,2025-08-15,Friday,N,Morning Peak (7-9am),07:21,07:28,2,81,9,7.5,false,false,Full (80-100%),Clear,None,139,2.3
TRP00824,2025-03-17,Monday,False,Midday (9am-4pm),10:09,10:06,8,40,2,-2.3,yes,False,MODERATE (50-80%),Clear,None,60,3.9
TRP02941,2025-02-22,  Saturday  ,true,Early Morning (5-7am),06:07,06:12,7,68,,5.2 min,False,false,Low (<50%),Clear,Road Accident Nearby,150,2.8
TRP02159,2025-06-22,Sunday,True,Morning Peak (7-9am),08:36,08:30,11,12,3,-6.0,0,False,,Clear,None,142,2.4
TRP03426,2025-02-09,Sunday,True,Midday (9am-4pm),10:29,10:46,5,115,3,17.8,N,FALSE,,Heavy Rain,Road Construction,78,2.2
TRP00657,2025-06-30,Monday,no,Morning Peak (7-9am),08:23,08:24,8,117,7,1.3,TRUE,N,Full (80-100%),clear,Police Checkpoint,88,4.1
TRP02491,2025-02-02,Sunday,yes,Midday (9am-4pm),10:44,10:46,12,116,6,2.9,True,N,,Light Rain,POLICE CHECKPOINT,189,3.9
TRP02092,2025-05-13,TUESDAY,False,Evening Peak (4-7pm),17:18,17:33,2,54,4,15.1,FALSE,0,Moderate (50-80%),,None,,3.2
TRP02829,2025-08-22,Friday,FALSE,Midday (9am-4pm),13:51,13:49,3,61,8,-1.4,True,0,Moderate (50-80%),Clear,None,120,3.9
TRP00986,2025-01-19,Sunday,true,Evening Peak (4-7pm),17:19,17:44,3,110,2,25.1,False,no,  Moderate (50-80%)  ,Overcast,,151,2.1
TRP00106,2025-04-28,Monday,No,Midday (9am-4pm),12:29,12:44,1,78,2,15.8 min,No,0,,Clear,traffic jam,100,4.5
TRP03498,2025-07-30,Wednesday,no,Morning Peak (7-9am),08:14,08:36,7,99,2,22.5,0,N,Full (80-100%),Clear,Road Accident Nearby,191,2.6
TRP02702,2025-05-26,Monday,False,Morning Peak (7-9am),08:01,08:08,12,16,7,7.4,No,0,Moderate (50-80%),Light Rain,None,248,2.6
TRP00769,2025-01-26,Sunday,yes,Midday (9am-4pm),11:44,11:47,7,52,6,3.8,Yes,No,Moderate (50-80%),Clear,Traffic Jam,150,4.1
TRP00475,2025-07-29,Tuesday,No,Midday (9am-4pm),14:11,14:20,2,32,3,9.0,False,false,Full (80-100%),Clear,ROAD CONSTRUCTION,90,3.3
TRP00435,2025-06-29,Sunday,true,Midday (9am-4pm),09:38,09:46,5,108,6,8.8,N,false,Low (<50%),Clear,Traffic Jam,70,4.1
TRP00437,2025-01-05,Sunday,TRUE,Night (7-10pm),21:55,21:51,11,3,3,-4.0,TRUE,False,Low (<50%),Overcast,None,110,
TRP02633,2025-07-03,Thursday,false,Evening Peak (4-7pm),17:42,18:08,1,73,10,26.0,False,FALSE,Moderate (50-80%),Clear,Road Accident Nearby,137,2.1
TRP02933,2025-08-16,Saturday,True,Midday (9am-4pm),14:15,14:11,8,64,8,-3.5,TRUE,False,Overloaded (>100%),Clear,None,60,5.0
TRP00367,2025-04-22,Tuesday,No,Evening Peak (4-7pm),17:46,17:54,11,120,6,8.0,No,N,Full (80-100%),Clear,None,143,2.8
TRP01426,2025-06-28,Saturday,Y,Morning Peak (7-9am),08:32,08:33,12,9,8,1.2,Y,False,Full (80-100%),Clear,  Police Checkpoint  ,KES 198,3.5
TRP00939,2025-06-23,Monday,no,midday (9am-4pm),15:49,15:49,8,119,6,0.0,True,no,Full (80-100%),Clear,None,60,3.8
TRP00614,2025-04-28,monday,False,  Morning Peak (7-9am)  ,07:33,07:44,1,53,7,11.0,0,0,Overloaded (>100%),Overcast,None,111,2.6
TRP01247,2025-02-10,Monday,false,Midday (9am-4pm),15:47,16:00,7,10,5,13.2,false,False,Full (80-100%),Light Rain,Traffic Jam,183,1.4
TRP01204,02-19-2025,Wednesday,0,early morning (5-7am),05:03,05:08,11,33,2,5.2 min,no,no,Full (80-100%),  Heavy Rain  ,overloading delay,118,4.3
TRP00859,2025-06-15,Sunday,Yes,Evening Peak (4-7pm),17:47,17:57,10,45,3,10.3,N,false,Low (<50%),Clear,Traffic Jam,79,2.7
TRP03328,2025-01-31,friday,0,Morning Peak (7-9am),08:30,08:49,6,100,5,19.6,No,False,Moderate (50-80%),  Light Rain  ,Overloading Delay,140,1.6
TRP00139,2025-03-01,Saturday,True,Night (7-10pm),20:04,20:07,8,21,10,3.2,Yes,FALSE,Moderate (50-80%),HEAVY RAIN,None,74,
TRP02210,2025-08-09,Saturday,True,Night (7-10pm),20:24,20:19,5,21,8,-4.4,Y,No,Moderate (50-80%),overcast,,70,4.3
TRP02296,2025-02-02,Sunday,Y,Midday (9am-4pm),13:17,13:18,10,12,5,1.0,true,No,Full (80-100%),Clear,Traffic Jam,70,
TRP01436,2025-06-07,saturday,yes,Night (7-10pm),20:33,20:48,11,22,6,15.3,no,No,Moderate (50-80%),Clear,Road Accident Nearby,110,4.4
TRP00360,2025-06-18,Wednesday,No,Early Morning (5-7am),05:23,05:31,12,5,3,8.4,No,No,Moderate (50-80%),Light Rain,None,179,1.7
TRP01160,2025-05-21,Wednesday,False,Evening Peak (4-7pm),17:05,17:26,6,57,6,21.9,0,FALSE,Overloaded (>100%),  Clear  ,Vehicle Breakdown,137,2.9
TRP02085,2025-01-05,Sunday,True,Midday (9am-4pm),11:20,11:14,4,111,5,-5.1 min,N,false,Low (<50%),Clear,None,80,1.8
TRP03400,2025-01-21,TUESDAY,FALSE,Evening Peak (4-7pm),16:49,16:50,6,25,1,1.6 min,True,False,Moderate (50-80%),Clear,,155,2.9
TRP01596,2025-04-30,Wednesday,FALSE,Evening Peak (4-7pm),17:05,17:22,5,53,1,17.8,FALSE,0,Low (<50%),Clear,Traffic Jam,86,2.3
TRP00229,2025-03-14,Friday,false,Morning Peak (7-9am),08:42,08:42,4,20,10,0.6,Y,no,Moderate (50-80%),Clear,None,122,5.2
TRP02762,2025-08-20,Wednesday,No,Evening Peak (4-7pm),16:01,16:17,8,94,8,16.0,No,no,N/A,Clear,road accident nearby,89,2.2
TRP00903,2025-08-26,Tuesday,False,Morning Peak (7-9am),07:00,07:32,12,20,9,32.6,No,FALSE,Low (<50%),Clear,VEHICLE BREAKDOWN,250,2.8
TRP01761,2025-07-26,Saturday,yes,Night (7-10pm),21:50,21:52,6,54,10,2.6,Y,false,Moderate (50-80%),Clear,Road Construction,100,
TRP01961,2025-05-16,Friday,0,Morning Peak (7-9am),08:59,09:10,3,109,5,11.9,0,N,Full (80-100%),light rain,Police Checkpoint,152,1.4
TRP03001,2025-07-19,Saturday,Y,Midday (9am-4pm),14:29,14:35,1,112,6,6.4,No,False,MODERATE (50-80%),Clear,Police Checkpoint,100,2.1
TRP01600,2025-06-27,Friday,N,EARLY MORNING (5-7AM),05:34,05:38,11,61,7,4.1,TRUE,N,Full (80-100%),Overcast,Road Construction,110,5.0
TRP00471,2025-05-06,Tuesday,0,EVENING PEAK (4-7PM),17:20,17:22,10,69,5,2.8,True,No,Full (80-100%),Light Rain,None,109,3.5
TRP00377,2025-02-02,Sunday,TRUE,Midday (9am-4pm),09:19,09:24,3,98,7,5.0,1,0,moderate (50-80%),Clear,Overloading Delay,,2.9
TRP00958,2025-04-08,Tuesday,FALSE,Morning Peak (7-9am),07:05,07:11,8,78,4,6.5,false,no,Moderate (50-80%),Clear,Overloading Delay,81,2.3
TRP01779,2025-07-22,Tuesday,No,Morning Peak (7-9am),07:30,07:52,5,38,5,22.9,N,FALSE,Full (80-100%),light rain,Road Accident Nearby,125,3.7
TRP01786,2025-05-10,SATURDAY,Yes,morning peak (7-9am),07:45,07:56,12,88,8,11.4,FALSE,FALSE,Low (<50%),Clear,Traffic Jam,212,1.4
TRP00876,2025-01-11,Saturday,Yes,Midday (9am-4pm),10:54,11:02,8,50,6,8.7,FALSE,FALSE,full (80-100%),NA,,60,2.2
TRP00312,17-Jul-2025,thursday,0,Night (7-10pm),21:50,22:06,8,72,7,16.5,False,0,,Clear,Traffic Jam,60,3.1
TRP00652,2025-06-13,Friday,False,Midday (9am-4pm),15:13,15:14,3,99,3,1.8,yes,N,Moderate (50-80%),Clear,None,120,
TRP01971,2025-08-18,MONDAY,False,  Midday (9am-4pm)  ,12:28,12:54,4,9,7,26.6,No,FALSE,Moderate (50-80%),Clear,,80,2.2
TRP01085,02/07/2025,Wednesday,false,Midday (9am-4pm),10:27,10:31,2,85,7,4.7,1,No,Low (<50%),Overcast,road construction,90,3.3
TRP01203,2025-04-01,Tuesday,False,Midday (9am-4pm),14:26,14:34,5,74,1,8.5,FALSE,No,Moderate (50-80%),Heavy Rain,None,79,1.7
TRP00982,2025-07-13,Sunday,True,  Midday (9am-4pm)  ,15:22,15:30,11,31,8,8.8,No,False,Low (<50%),,Road Accident Nearby,110,1.7
TRP03030,2025-02-01,Saturday,1,Evening Peak (4-7pm),16:52,16:49,12,50,6,-2.2,Y,false,Full (80-100%),Light Rain,,,4.1
TRP00110,2025-01-12,Sunday,TRUE,Night (7-10pm),19:43,19:51,5,29,6,8.6,False,false,Full (80-100%),heavy rain,Overloading Delay,85,2.4
TRP03388,2025-08-12,Tuesday,No,Early Morning (5-7am),06:23,06:32,1,77,9,9.7,false,False,Low (<50%),Clear,Overloading Delay,100,3.6
TRP01333,2025-04-01,Tuesday,0,Evening Peak (4-7pm),16:27,16:31,10,67,11,4.7,True,False,Full (80-100%),Clear,None,KES 85,3.4
TRP02086,2025-03-10,Monday,0,Night (7-10pm),21:38,21:39,5,32,3,-67.3,yes,N,Full (80-100%),Clear,Police Checkpoint,70,3.0
TRP00104,2025-01-11,Saturday,yes,Midday (9am-4pm),10:21,10:18,2,10,5,-2.8,yes,No,Moderate (50-80%),Clear,None,90,3.6
TRP01118,2025-01-12,Sunday,True,Midday (9am-4pm),13:19,13:17,8,89,6,-1.8,Yes,No,Moderate (50-80%),Clear,None,60,4.3
TRP01883,2025-07-20,Sunday,TRUE,Morning Peak (7-9am),07:20,07:29,9,10,9,9.4,FALSE,false,Moderate (50-80%),Overcast,Traffic Jam,109,2.6
TRP00200,2025-05-20,Tuesday,no,Evening Peak (4-7pm),16:08,16:08,4,81,,0.3,Yes,0,Moderate (50-80%),Clear,Police Checkpoint,98,3.3
TRP01713,2025-03-21,Friday,False,Evening Peak (4-7pm),18:56,19:15,4,90,6,19.8,false,FALSE,Full (80-100%),Overcast,Vehicle Breakdown,102,1.9
TRP00162,2025-03-21,Friday,false,Evening Peak (4-7pm),16:48,17:09,12,91,10,21.0,False,False,Moderate (50-80%),Clear,Traffic Jam,215,3.8
TRP03240,2025-08-04,Monday,No,Morning Peak (7-9am),08:08,08:18,1,28,1,10.0,No,False,Full (80-100%),Clear,Overloading Delay,135,2.6
TRP03188,2025-07-01,Tuesday,False,Midday (9am-4pm),15:05,15:16,1,5,7,11.9,False,False,Moderate (50-80%),Heavy Rain,None,112,1.9
TRP02908,2025-06-11,Wednesday,0,Midday (9am-4pm),13:39,13:37,4,95,6,-2.0,true,False,low (<50%),Light Rain,  Overloading Delay  ,93,4.5
TRP01110,2025-04-24,Thursday,No,Night (7-10pm),21:22,21:32,1,30,9,10.0,No,0,Moderate (50-80%),Clear,,100,2.4
TRP02063,2025-07-19,Saturday,yes,midday (9am-4pm),10:10,10:25,5,43,3,15.6,No,FALSE,Moderate (50-80%),Overcast,Vehicle Breakdown,Ksh70,1.9
TRP02170,2025-06-11,Wednesday,False,Night (7-10pm),21:26,21:29,4,100,6,3.0,TRUE,FALSE,Full (80-100%),Clear,Police Checkpoint,80,3.4
TRP02602,2025-02-20,Thursday,No,Morning Peak (7-9am),07:14,07:36,4,63,9,22.0,No,false,Full (80-100%),Clear,Road Accident Nearby,KES 96,2.6
TRP00268,2025-08-19,Tuesday,False,Night (7-10pm),21:03,21:23,12,20,5,20.7,0,FALSE,Low (<50%),Light Rain,Road Accident Nearby,191,2.6
TRP01789,2025-04-17,Thursday,No,morning peak (7-9am),08:33,08:32,11,12,7,-0.2,TRUE,FALSE,Full (80-100%),Clear,None,124,3.0
TRP00432,2025-05-08,Thursday,no,Night (7-10pm),19:46,19:59,12,26,5,13.0,N,No,,Clear,Road Accident Nearby,160,2.8
TRP03011,2025-01-09,Thursday,No,Morning Peak (7-9am),07:57,08:10,9,60,1,13.2,no,no,Moderate (50-80%),Overcast,Traffic Jam,112,2.3
TRP03459,2025-07-24,Thursday,0,Morning Peak (7-9am),08:35,08:39,3,19,8,4.5 min,TRUE,No,Moderate (50-80%),Clear,None,148,4.8
TRP00354,2025-06-26,Thursday,false,Midday (9am-4pm),11:35,11:35,5,97,11,0.2,1,no,,,police checkpoint,70,4.5
TRP02467,2025-04-09,  Wednesday  ,No,Morning Peak (7-9am),07:26,07:33,4,18,5,7.5,false,true,Full (80-100%),n/a,None,Ksh119,3.1
TRP00486,2025-08-19,Tuesday,False,Morning Peak (7-9am),07:43,07:40,6,100,11,-3.0,Y,FALSE,full (80-100%),Clear,None,145,
TRP03199,2025-03-29,Saturday,true,Midday (9am-4pm),14:44,14:52,1,95,3,8.0,No,False,Moderate (50-80%),clear,Road Accident Nearby,100,2.8
TRP02443,2025-07-22,Tuesday,FALSE,Early Morning (5-7am),06:31,06:34,11,51,6,3.9,1,No,Moderate (50-80%),Overcast,Traffic Jam,110,4.7
TRP02500,2025-03-15,Saturday,True,Morning Peak (7-9am),07:29,07:30,2,110,8,1.0,True,False,Moderate (50-80%),Overcast,None,132,4.0
TRP03289,2025-03-07,Friday,false,Morning Peak (7-9am),08:41,08:58,9,60,3,17.3,No,false,  Overloaded (>100%)  ,Clear,Road Accident Nearby,113,
TRP01676,2025-01-25,Saturday,TRUE,Morning Peak (7-9am),07:26,07:45,3,13,10,19.0,N,False,Overloaded (>100%),Heavy Rain,None,193,3.0
TRP00407,2025-07-11,Friday,No,Evening Peak (4-7pm),17:08,17:10,11,54,10,2.6,Yes,False,Low (<50%),clear,Police Checkpoint,128,2.6
TRP01799,2025-06-16,Monday,N,Midday (9am-4pm),11:28,11:32,5,67,6,4.2,Y,False,Low (<50%),Overcast,None,70,4.2
TRP00138,2025-03-07,Friday,false,Evening Peak (4-7pm),17:30,17:34,5,8,9,4.4,Y,0,Full (80-100%),Overcast,none,,
TRP02388,2025-08-18,Monday,N,Early Morning (5-7am),05:44,05:48,2,10,1,4.6,true,No,Full (80-100%),Heavy Rain,None,114,5.0
TRP02238,2025-06-20,Friday,no,Midday (9am-4pm),15:05,15:06,11,115,7,1.8,true,False,Moderate (50-80%),Clear,police checkpoint,110,5.0
TRP00120,2025-03-24,Monday,No,Evening Peak (4-7pm),18:08,18:21,2,29,7,13.0,False,FALSE,Low (<50%),Clear,Road Construction,113,4.2
TRP01980,2025-07-16,Wednesday,False,Morning Peak (7-9am),08:50,08:59,2,41,8,9.6,False,No,Moderate (50-80%),Clear,None,117,1.8
TRP00919,2025-02-14,Friday,FALSE,Morning Peak (7-9am),07:59,08:03,12,92,6,4.0,yes,No,Moderate (50-80%),Light Rain,None,259,
TRP01542,2025-07-12,Saturday,yes,Midday (9am-4pm),15:06,15:10,9,75,10,4.3,Yes,FALSE,Moderate (50-80%),Clear,None,80,3.8
TRP01610,2025-04-20,Sunday,true,Evening Peak (4-7pm),16:57,17:09,8,39,1,12.0,FALSE,false,Overloaded (>100%),Clear,Overloading Delay,85,2.2
TRP02592,2025-05-19,Monday,No,Night (7-10pm),21:15,21:52,6,107,8,37.5,false,No,Moderate (50-80%),Heavy Rain,Vehicle Breakdown,118,2.1
TRP00416,2025-04-03,Thursday,FALSE,EVENING PEAK (4-7PM),17:39,18:18,11,74,8,39.3,No,0,Moderate (50-80%),Heavy Rain,Vehicle Breakdown,149,2.4
TRP02859,2025-05-12,Monday,false,Midday (9am-4pm),13:31,13:28,11,15,2,-2.5,True,no,Low (<50%),clear,None,110,3.4
TRP03234,2025-05-06,Tuesday,FALSE,Evening Peak (4-7pm),18:13,18:23,5,60,1,10.1 min,no,0,Moderate (50-80%),Light Rain,Overloading Delay,113,2.9
TRP02598,2025-05-30,Friday,N,Night (7-10pm),20:01,20:19,8,83,10,18.7,0,0,Low (<50%),Clear,Traffic Jam,60,1.9
TRP02742,2025-07-30,Wednesday,False,Morning Peak (7-9am),07:44,08:02,12,64,9,18.8,no,false,Full (80-100%),Clear,,191,3.3
TRP02930,17/05/2025,Saturday,True,Morning Peak (7-9am),08:04,08:00,10,9,4,-3.6,TRUE,false,Low (<50%),Clear,None,104,4.4
TRP02007,2025-05-27,Tuesday,false,Evening Peak (4-7pm),18:51,19:03,12,45,3,12.0,No,False,n/a,Clear,None,195,1.9
TRP01988,2025-08-04,Monday,N,Evening Peak (4-7pm),18:14,18:34,6,53,3,20.9,0,No,MODERATE (50-80%),Heavy Rain,None,Ksh178,1.4
TRP00074,2025-06-22,Sunday,TRUE,Morning Peak (7-9am),08:55,08:51,2,10,2,-4.0,True,false,Low (<50%),Light Rain,None,153,4.5
TRP00428,2025-01-20,Monday,False,Evening Peak (4-7pm),16:37,16:46,12,40,6,9.4,no,false,Low (<50%),clear,None,192,3.2
TRP02842,2025-06-13,Friday,false,  Early Morning (5-7am)  ,06:35,06:40,11,35,4,5.2 min,N,false,FULL (80-100%),LIGHT RAIN,Road Construction,142,2.5
TRP01630,2025-08-19,Tuesday,False,Evening Peak (4-7pm),18:54,19:04,2,115,9,10.1,False,0,Moderate (50-80%),Clear,Overloading Delay,KES 142,2.3
TRP00967,2025-01-13,Monday,No,Morning Peak (7-9am),07:49,07:54,9,40,4,5.1,0,FALSE,Moderate (50-80%),Clear,Police Checkpoint,89,2.1
TRP01174,2025-03-01,Saturday,true,Midday (9am-4pm),12:40,12:59,5,20,5,19.0,FALSE,No,LOW (<50%),Clear,Road Accident Nearby,70,3.2
TRP00236,2025-04-21,Monday,False,Evening Peak (4-7pm),17:25,17:33,6,92,9,8.3,FALSE,no,Full (80-100%),Clear,road construction,127,2.9
TRP00325,2025-05-15,Thursday,False,Midday (9am-4pm),11:35,11:52,12,92,4,17.7,No,0,FULL (80-100%),Clear,vehicle breakdown,160,4.5
TRP03336,2025-07-31,Thursday,No,Midday (9am-4pm),14:24,14:26,9,29,7,2.7,yes,N,Low (<50%),Clear,Road Construction,80,2.4
TRP01993,2025-02-17,Monday,N,Midday (9am-4pm),15:55,16:09,10,48,2,14.5,N,False,Moderate (50-80%),Clear,Vehicle Breakdown,70,2.1
TRP00282,2025-02-13,Thursday,False,Evening Peak (4-7pm),18:27,18:36,4,12,2,9.4,FALSE,false,Full (80-100%),OVERCAST,Traffic Jam,111,1.8
TRP03409,2025-07-06,Sunday,Yes,Midday (9am-4pm),12:12,12:14,4,93,8,2.1,True,0,Low (<50%),Light Rain,Overloading Delay,100,3.1
TRP01917,2025-07-25,Friday,False,Morning Peak (7-9am),07:22,07:36,4,79,1,14.2,N,N,Overloaded (>100%),Heavy Rain,None,KES 131,3.2
TRP01850,2025-07-24,Thursday,No,Midday (9am-4pm),12:44,12:50,12,5,4,6.1,no,False,Moderate (50-80%),Light Rain,None,Ksh168,2.1
TRP01489,2025-06-11,Wednesday,no,Morning Peak (7-9am),07:32,07:33,12,44,4,1.4,True,N,  Low (<50%)  ,Clear,None,240,4.4
TRP02594,2025-06-07,Saturday,Y,Morning Peak (7-9am),07:22,07:23,2,83,1,1.4,True,FALSE,Low (<50%),Clear,None,116,5.0
TRP01570,2025-08-26,Tuesday,False,Night (7-10pm),19:35,19:38,5,119,9,3.8,yes,FALSE,Moderate (50-80%),Clear,Overloading Delay,70,5.0
TRP01647,2025-01-15,Wednesday,False,Early Morning (5-7am),06:32,06:33,5,34,2,1.8,Yes,FALSE,Moderate (50-80%),Clear,  Police Checkpoint  ,70,4.1
TRP01369,2025-04-01,Tuesday,N,Night (7-10pm),21:05,21:05,5,72,10,0.1,yes,0,null,Overcast,None,70,4.6
TRP02403,2025-03-14,Friday,False,Morning Peak (7-9am),07:59,08:12,6,57,11,13.1,no,False,MODERATE (50-80%),Overcast,Road Construction,113,2.3
TRP01169,2025-02-28,Friday,False,Early Morning (5-7am),05:16,05:24,2,72,2,8.3,False,False,Full (80-100%),Overcast,Police Checkpoint,,2.8
TRP01903,2025-06-27,Friday,N,Midday (9am-4pm),09:43,09:49,1,24,4,6.0,False,False,Moderate (50-80%),Clear,Road Construction,100,2.7
TRP03250,2025/05/11,Sunday,True,Midday (9am-4pm),13:21,13:35,3,62,5,14.6,0,false,Moderate (50-80%),Clear,Road Construction,120,2.7
TRP00731,2025-08-07,Thursday,false,EARLY MORNING (5-7AM),06:52,06:59,7,15,8,7.5,False,No,Low (<50%),Clear,Road Construction,150,2.2
TRP02608,2025-01-16,Thursday,no,Morning Peak (7-9am),08:24,08:49,7,107,4,25.7,False,False,Moderate (50-80%),Clear,Vehicle Breakdown,190,2.8
TRP02811,2025-07-22,Tuesday,No,Morning Peak (7-9am),07:14,07:23,3,51,7,9.1,No,No,Moderate (50-80%),Clear,Traffic Jam,165,2.9
TRP00555,15/07/2025,Tuesday,false,Morning Peak (7-9am),08:17,08:18,10,30,5,1.4,1,false,MODERATE (50-80%),Clear,None,77,3.7
TRP01544,2025-06-17,  Tuesday  ,FALSE,Evening Peak (4-7pm),16:40,16:44,7,100,1,4.8,True,FALSE,Low (<50%),,None,Ksh215,4.7
TRP01003,2025-01-17,Friday,False,Early Morning (5-7am),06:52,07:04,12,17,10,12.1,false,Yes,Moderate (50-80%),Clear,Road Construction,KES 160,3.1
TRP00115,2025-03-22,Saturday,yes,Evening Peak (4-7pm),17:41,17:57,7,118,11,16.1,N,False,Full (80-100%),Light Rain,Traffic Jam,246,
TRP00817,2025-04-07,MONDAY,0,Evening Peak (4-7pm),16:32,16:34,6,74,1,2.2,True,FALSE,Low (<50%),Overcast,None,144,5.0
TRP01223,2025-02-16,Sunday,TRUE,Evening Peak (4-7pm),17:50,18:37,6,20,8,47.5,no,0,Moderate (50-80%),Heavy Rain,Vehicle Breakdown,173,2.6
TRP02034,2025-02-27,Thursday,no,MORNING PEAK (7-9AM),07:07,07:23,12,54,5,16.1,0,No,Moderate (50-80%),Clear,Vehicle Breakdown,191,2.7
TRP02102,2025-04-06,Sunday,1,Morning Peak (7-9am),07:03,07:18,8,29,10,15.6,0,FALSE,Moderate (50-80%),Heavy Rain,None,97,
TRP00883,2025-03-22,Saturday,TRUE,Midday (9am-4pm),15:34,15:31,5,8,4,-2.7,1,False,Low (<50%),Light Rain,Overloading Delay,90,3.7
TRP01963,2025-08-27,Wednesday,FALSE,Evening Peak (4-7pm),17:09,17:35,12,72,,26.1,FALSE,false,full (80-100%),Clear,Vehicle Breakdown,232,1.0
TRP02566,2025-01-07,Tuesday,FALSE,Midday (9am-4pm),14:00,14:07,5,57,2,7.4,False,No,Moderate (50-80%),Light Rain,Traffic Jam,76,
TRP01624,2025-04-15,Tuesday,0,Morning Peak (7-9am),08:40,08:48,5,53,5,8.5,False,0,Full (80-100%),  Clear  ,none,88,2.2
TRP02441,2025-04-21,Monday,False,Night (7-10pm),21:53,21:59,6,118,6,6.4,FALSE,false,Low (<50%),Clear,Traffic Jam,100,
TRP00335,15/03/2025,Saturday,True,Evening Peak (4-7pm),16:28,16:54,3,114,2,26.9,False,False,Moderate (50-80%),Light Rain,Vehicle Breakdown,189,3.5
TRP02918,2025-08-06,Wednesday,0,Evening Peak (4-7pm),16:41,16:50,2,85,3,9.9,false,No,Full (80-100%),Overcast,Overloading Delay,122,2.8
TRP01702,2025-03-16,Sunday,TRUE,Midday (9am-4pm),09:34,09:53,2,34,1,19.5,False,False,LOW (<50%),Clear,Road Accident Nearby,90,3.6
TRP01123,2025-07-19,Saturday,True,Midday (9am-4pm),14:00,13:58,7,24,8,-1.6,Yes,no,low (<50%),Clear,None,150,
TRP03486,2025-02-19,Wednesday,False,Midday (9am-4pm),11:47,12:02,5,108,3,15.1,0,False,Low (<50%),Clear,Road Accident Nearby,Ksh70,1.5
TRP03356,2025-02-24,Monday,false,Morning Peak (7-9am),08:43,08:48,7,30,7,5.9,No,0,Full (80-100%),Clear,Overloading Delay,195,2.3
TRP03017,2025-07-25,Friday,FALSE,Night (7-10pm),19:00,18:56,2,82,9,-4.0,True,False,Moderate (50-80%),clear,None,90,2.8
TRP00134,2025-07-31,Thursday,False,Evening Peak (4-7pm),16:32,16:41,10,98,8,9.6,False,no,Moderate (50-80%),Clear,  Police Checkpoint  ,78,2.5
TRP02306,2025-07-08,Tuesday,0,Midday (9am-4pm),10:25,10:52,11,57,9,27.4,N,N,Moderate (50-80%),Clear,Vehicle Breakdown,110,2.0
TRP00618,2025-05-06,tuesday,no,Midday (9am-4pm),12:39,12:40,2,34,6,1.5,True,False,,Clear,Overloading Delay,90,3.3
TRP00867,03-28-2025,Friday,N,Midday (9am-4pm),10:27,10:25,3,42,2,-1.3,Y,no,Low (<50%),Clear,None,120,4.2
TRP00835,2025-02-11,Tuesday,no,Early Morning (5-7am),05:54,06:00,10,120,8,6.8,N,N,Moderate (50-80%),LIGHT RAIN,Overloading Delay,74,2.0
TRP01055,2025-06-24,Tuesday,0,Early Morning (5-7am),05:07,05:01,1,66,9,-6.0,False,no,Moderate (50-80%),Clear,None,100,
TRP01726,30/05/2025,Friday,No,Evening Peak (4-7pm),17:45,17:47,6,118,10,2.1,true,0,Low (<50%),Clear,,121,5.0
TRP01719,2025-06-12,Thursday,No,Night (7-10pm),21:52,21:52,4,29,,0.8,TRUE,No,Low (<50%),Clear,police checkpoint,80,7.2
TRP03457,14/05/2025,Wednesday,false,Morning Peak (7-9am),07:02,06:59,9,100,10,-2.5,true,False,Moderate (50-80%),Clear,None,115,3.7
TRP01591,2025-03-27,Thursday,0,Early Morning (5-7am),05:23,05:44,12,55,8,21.4,FALSE,No,Full (80-100%),Light Rain,Road Accident Nearby,181,1.9
TRP02735,2025-08-18,Monday,FALSE,Midday (9am-4pm),10:30,10:32,10,28,5,2.1,yes,no,Moderate (50-80%),Clear,Road Construction,70,3.6
TRP00316,2025-05-10,Saturday,True,Midday (9am-4pm),10:18,10:12,10,79,3,-5.3,no,Yes,Full (80-100%),Clear,None,70,2.7
TRP01503,2025-06-15,Sunday,Yes,Midday (9am-4pm),14:36,14:52,1,102,11,16.5,False,N,Low (<50%),Light Rain,Road Accident Nearby,127,3.7
TRP01077,2025-07-25,Friday,0,MIDDAY (9AM-4PM),15:48,15:54,5,4,7,6.4,no,N,Moderate (50-80%),Clear,Road Accident Nearby,70,1.8
TRP01427,2025-08-08,Friday,N,Evening Peak (4-7pm),16:48,16:50,3,4,3,2.1,Yes,False,Moderate (50-80%),Clear,Overloading Delay,135,5.0
TRP01470,2025-01-12,Sunday,TRUE,Midday (9am-4pm),10:33,10:30,12,8,11,-2.8,TRUE,No,Moderate (50-80%),CLEAR,Overloading Delay,160,3.1
TRP00209,2025-07-21,Monday,no,Evening Peak (4-7pm),16:09,16:20,6,28,3,11.1,false,False,Overloaded (>100%),Clear,Traffic Jam,151,2.7
TRP01065,2025-07-29,TUESDAY,0,Night (7-10pm),19:13,19:14,1,104,9,1.6,Yes,N,Full (80-100%),Light Rain,None,118,3.9
TRP02429,2025-06-17,Tuesday,False,Evening Peak (4-7pm),16:55,17:07,6,22,10,12.5,N,N,Overloaded (>100%),CLEAR,Police Checkpoint,142,3.3
TRP00357,21-May-2025,Wednesday,False,Early Morning (5-7am),05:16,05:18,11,82,1,2.5,TRUE,No,  Low (<50%)  ,Clear,Overloading Delay,110,3.8
TRP01810,2025-08-24,Sunday,1,Evening Peak (4-7pm),16:54,16:48,2,75,,-5.1,no,N,Full (80-100%),Clear,None,103,3.8
TRP01534,2025-03-13,Thursday,False,MORNING PEAK (7-9AM),08:28,08:34,3,35,3,6.0,0,False,Overloaded (>100%),Clear,Police Checkpoint,183,3.7
TRP00828,2025-05-04,sunday,true,Evening Peak (4-7pm),17:41,17:48,12,2,9,7.8,0,false,Overloaded (>100%),Light Rain,Police Checkpoint,214,1.8
TRP02397,2025-02-28,Friday,False,Midday (9am-4pm),15:19,15:28,2,48,1,9.0,FALSE,False,NA,Clear,Traffic Jam,90,1.4
TRP02111,2025-06-10,Tuesday,No,Morning Peak (7-9am),08:01,08:11,4,117,7,10.3,false,0,Full (80-100%),Clear,None,KES 88,4.8
TRP02512,2025-03-03,MONDAY,No,Morning Peak (7-9am),07:44,07:41,4,107,5,-2.1,true,0,Full (80-100%),Clear,None,94,3.7
TRP01401,2025-07-04,Friday,N,Evening Peak (4-7pm),18:13,18:25,8,11,11,12.4,N,False,Full (80-100%),Light Rain,Road Construction,96,4.0
TRP02019,2025-04-01,Tuesday,False,Early Morning (5-7am),05:33,05:27,3,57,5,-6.0,No,False,Low (<50%),Clear,None,120,1.0
TRP02392,2025-04-03,Thursday,FALSE,Morning Peak (7-9am),08:40,08:49,10,7,10,9.3,False,false,Moderate (50-80%),Clear,Road Construction,79,2.4
TRP02647,2025-07-04,Friday,False,Morning Peak (7-9am),08:13,08:17,5,75,11,4.3,yes,N,Moderate (50-80%),Clear,Overloading Delay,,3.7
TRP01662,06-Aug-2025,Wednesday,False,Morning Peak (7-9am),07:21,07:55,9,72,7,34.5,No,false,Full (80-100%),Overcast,Vehicle Breakdown,127,4.8
TRP00694,2025-01-14,Tuesday,N,Morning Peak (7-9am),07:45,08:08,2,35,5,23.2,No,True,Moderate (50-80%),Clear,Road Construction,139,4.0
TRP02320,2025-06-22,Sunday,1,Night (7-10pm),20:00,19:57,10,67,1,-2.2,true,False,Moderate (50-80%),Clear,Police Checkpoint,70,3.5
TRP01015,2025-07-05,Saturday,Yes,Evening Peak (4-7pm),18:49,18:56,11,115,1,7.0,no,FALSE,Moderate (50-80%),clear,Overloading Delay,127,3.1
TRP02168,2025-07-27,Sunday,True,Midday (9am-4pm),09:55,09:49,7,83,1,-6.0,0,FALSE,Full (80-100%),Clear,NONE,150,1.0
TRP01945,2025-02-23,Sunday,yes,Night (7-10pm),21:24,21:19,5,74,3,-5.0,1,False,Moderate (50-80%),Overcast,None,70,3.4
TRP02355,2025-01-13,Monday,false,Morning Peak (7-9am),08:25,08:29,12,120,9,4.0,True,0,Moderate (50-80%),Light Rain,None,267,3.7
TRP00402,2025-03-27,Thursday,0,Evening Peak (4-7pm),16:01,16:04,8,70,5,3.8,Y,no,Full (80-100%),Clear,None,76,2.6
TRP00905,2025-07-27,Sunday,True,Morning Peak (7-9am),07:17,07:12,5,33,10,-4.4,TRUE,no,Moderate (50-80%),Clear,None,101,4.7
TRP03068,2025-07-16,Wednesday,N,Evening Peak (4-7pm),18:13,18:25,9,106,6,12.8,no,0,Full (80-100%),Light Rain,none,159,3.2
TRP00684,2025-02-07,Friday,False,Morning Peak (7-9am),07:50,08:08,1,81,,18.7,false,No,999,Light Rain,Road Construction,178,1.6
TRP01336,2025-06-22,Sunday,1,Evening Peak (4-7pm),17:43,17:48,4,120,7,5.2,False,no,Moderate (50-80%),Clear,None,102,3.1
TRP01633,01-Mar-2025,Saturday,Y,Night (7-10pm),19:21,19:16,7,10,4,-4.1,True,FALSE,Moderate (50-80%),Clear,None,150,4.3
TRP00300,2025-05-26,Monday,false,Morning Peak (7-9am),08:36,08:40,6,62,6,4.7,True,0,Moderate (50-80%),Light Rain,None,195,4.0
TRP00323,02-25-2025,  Tuesday  ,FALSE,EVENING PEAK (4-7PM),16:14,16:25,5,92,4,11.5,0,false,Overloaded (>100%),Heavy Rain,Overloading Delay,106,1.0
TRP02062,2025-08-02,saturday,yes,Midday (9am-4pm),15:43,15:53,3,120,1,10.1,N,0,Moderate (50-80%),Heavy Rain,OVERLOADING DELAY,152,2.1
TRP01663,2025-08-18,Monday,False,Morning Peak (7-9am),08:09,08:22,1,70,3,13.6,false,no,Moderate (50-80%),Clear,Traffic Jam,158,4.2
TRP02101,2025-03-24,Monday,0,Early Morning (5-7am),06:15,06:23,4,10,3,8.0,N,N,Moderate (50-80%),Clear,ROAD CONSTRUCTION,80,1.5
TRP01820,2025-01-30,Thursday,No,Early Morning (5-7am),05:41,05:42,7,93,11,1.6,yes,no,Moderate (50-80%),Overcast,None,150,3.9
TRP00487,2025-05-28,Wednesday,FALSE,Evening Peak (4-7pm),16:17,16:40,10,117,6,23.2,N,false,Moderate (50-80%),Clear,Road Construction,101,
TRP00401,2025-08-17,Sunday,1,Midday (9am-4pm),15:30,15:37,4,68,4,7.0,False,false,Low (<50%),Clear,Vehicle Breakdown,80,
TRP00257,2025-08-20,Wednesday,N,Morning Peak (7-9am),08:22,08:48,7,14,11,26.5 min,FALSE,False,Low (<50%),Light Rain,Traffic Jam,242,
TRP00089,2025-02-18,Tuesday,N,Morning Peak (7-9am),07:13,07:28,6,50,3,15.5,no,FALSE,Full (80-100%),Clear,Road Construction,130,1.1
TRP00949,2025-07-16,Wednesday,FALSE,midday (9am-4pm),12:30,12:29,5,84,,-0.4,true,no,Moderate (50-80%),Light Rain,None,86,2.0
TRP00976,2025-06-02,Monday,no,Morning Peak (7-9am),08:10,08:29,1,48,10,19.1,False,False,Moderate (50-80%),Clear,Overloading Delay,115,1.2
TRP01991,2025-07-18,Friday,false,midday (9am-4pm),14:32,14:48,6,87,6,16.8,false,no,Moderate (50-80%),Clear,Vehicle Breakdown,100,3.9
TRP02815,2025-05-14,wednesday,False,Morning Peak (7-9am),08:38,08:46,9,56,9,8.2,FALSE,N,Moderate (50-80%),Overcast,Police Checkpoint,108,3.5
TRP00148,2025-07-30,Wednesday,FALSE,Early Morning (5-7am),05:31,05:39,12,116,6,8.8,FALSE,N,-,Clear,Police Checkpoint,160,2.2
TRP00385,04-14-2025,Monday,FALSE,Evening Peak (4-7pm),17:32,17:48,1,67,7,16.7,FALSE,0,Full (80-100%),CLEAR,Overloading Delay,152,1.3
TRP03149,2025-07-26,Saturday,True,  Midday (9am-4pm)  ,14:52,15:09,9,6,10,-89.3,FALSE,false,full (80-100%),null,Traffic Jam,101,3.3
TRP02069,2025-08-24,Sunday,true,Morning Peak (7-9am),07:54,08:00,9,107,1,6.7,no,False,,Clear,TRAFFIC JAM,101,2.3
TRP02601,12/05/2025,Monday,false,Evening Peak (4-7pm),18:07,18:18,1,19,7,11.0,False,No,Overloaded (>100%),Light Rain,None,153,1.4
TRP02914,2025-02-11,TUESDAY,False,Midday (9am-4pm),14:48,14:59,1,18,9,11.6,false,N,Low (<50%),Clear,Road Accident Nearby,100,2.3
TRP03139,2025-07-18,Friday,FALSE,Evening Peak (4-7pm),17:29,17:31,3,49,7,2.9,yes,no,FULL (80-100%),,Road Construction,153,5.0
TRP01050,2025-01-01,Wednesday,no,Midday (9am-4pm),09:56,10:10,4,39,9,14.6,0,N,Low (<50%),Clear,road accident nearby,80,2.0
TRP00871,2025-06-06,Friday,0,Morning Peak (7-9am),07:34,07:51,10,61,4,17.4,False,No,Moderate (50-80%),Clear,road accident nearby,102,2.9
TRP00912,2025-03-12,Wednesday,False,Morning Peak (7-9am),07:17,07:42,2,24,11,25.8,FALSE,false,Full (80-100%),  Clear  ,Vehicle Breakdown,129,2.7
TRP00005,2025-07-20,Sunday,TRUE,Morning Peak (7-9am),08:29,08:38,3,98,1,9.8,False,false,Moderate (50-80%),Clear,,151,4.0
TRP00244,2025-05-15,Thursday,false,Midday (9am-4pm),12:30,12:39,6,118,11,9.9,N,0,,clear,Road Construction,100,3.4
TRP00987,2025-04-01,Tuesday,FALSE,Morning Peak (7-9am),08:06,08:06,5,87,11,0.3,TRUE,N,Low (<50%),Clear,None,90,3.5
TRP00913,2025-05-20,Tuesday,false,Early Morning (5-7am),05:14,05:12,12,102,3,-1.8,1,FALSE,Full (80-100%),Clear,None,160,3.9
TRP01705,2025-04-22,Tuesday,False,Evening Peak (4-7pm),16:25,16:31,5,4,11,6.9,N,0,Overloaded (>100%),Light Rain,None,,2.1
TRP01304,2025-02-16,Sunday,Y,Evening Peak (4-7pm),18:58,19:04,6,112,3,6.8 min,false,no,Moderate (50-80%),Light Rain,None,168,2.6
TRP03439,2025-01-29,WEDNESDAY,False,Night (7-10pm),19:46,19:40,11,108,11,-6.0,0,false,Moderate (50-80%),Clear,None,110,3.9
TRP03094,2025-02-10,Monday,False,Morning Peak (7-9am),07:11,07:19,5,84,7,8.0,FALSE,False,Overloaded (>100%),Overcast,None,95,2.8
TRP00346,2025-05-28,Wednesday,0,Midday (9am-4pm),14:49,15:14,9,31,10,25.8,no,No,Full (80-100%),Overcast,Road Accident Nearby,80,2.4
TRP01742,2025-04-30,Wednesday,False,Evening Peak (4-7pm),18:31,18:37,10,77,9,6.4,N,No,-,Clear,None,80,2.2
TRP02570,2025-01-05,Sunday,1,Evening Peak (4-7pm),16:03,16:25,3,71,7,22.6,false,no,Low (<50%),Light Rain,Road Accident Nearby,,2.4
TRP01916,2025-01-05,Sunday,true,  Evening Peak (4-7pm)  ,16:55,17:01,1,40,1,6.3,no,False,Full (80-100%),Clear,Road Construction,KES 140,1.3
TRP00548,2025-08-12,Tuesday,N,Evening Peak (4-7pm),17:14,17:20,6,53,9,6.4,0,FALSE,Moderate (50-80%),Clear,None,113,4.0
TRP00067,2025-06-15,Sunday,True,night (7-10pm),21:51,21:59,5,6,11,8.8,False,False,Low (<50%),clear,Vehicle Breakdown,70,2.2
TRP01153,2025-05-03,Saturday,TRUE,Midday (9am-4pm),10:42,10:36,2,117,2,-5.6,No,no,Moderate (50-80%),Clear,None,90,2.9
TRP02803,2025-04-15,Tuesday,false,MORNING PEAK (7-9AM),08:44,08:50,2,91,6,6.2,0,False,Overloaded (>100%),Overcast,Police Checkpoint,136,2.4
TRP01807,2025-01-05,Sunday,Yes,Midday (9am-4pm),09:28,09:31,4,115,7,3.6,yes,No,,Clear,Overloading Delay,80,4.0
TRP03180,2025-04-01,Tuesday,False,Morning Peak (7-9am),07:43,07:47,9,15,3,4.9,true,False,Overloaded (>100%),unknown,None,125,3.3
TRP02354,2025-03-31,Monday,FALSE,EARLY MORNING (5-7AM),06:21,06:25,9,40,1,4.4,TRUE,no,Low (<50%),Clear,Overloading Delay,80,3.8
TRP03288,2025-02-17,MONDAY,False,Morning Peak (7-9am),07:20,07:25,6,95,2,5.2,False,TRUE,Low (<50%),Clear,Traffic Jam,126,3.4
TRP00557,2025-03-02,Sunday,true,Night (7-10pm),21:09,21:04,10,71,4,-4.4,True,false,Full (80-100%),clear,,70,4.2
TRP02689,2025-01-22,Wednesday,False,Morning Peak (7-9am),08:56,09:16,5,107,3,20.3,N,N,Full (80-100%),unknown,Vehicle Breakdown,84,3.1
TRP02405,21-Aug-2025,Thursday,No,Midday (9am-4pm),09:48,09:51,9,92,2,3.0,TRUE,0,Low (<50%),Clear,Police Checkpoint,80,3.6
TRP01942,2025-04-23,Wednesday,false,Morning Peak (7-9am),07:56,08:00,8,114,5,4.3,yes,false,Moderate (50-80%),Clear,NONE,79,4.4
TRP03023,2025-03-07,Friday,no,Evening Peak (4-7pm),18:12,18:13,12,116,6,1.8,TRUE,FALSE,Overloaded (>100%),Clear,None,215,4.6
TRP03378,2025-01-29,WEDNESDAY,0,Evening Peak (4-7pm),16:18,16:32,5,46,6,14.3,N,false,Low (<50%),Clear,Overloading Delay,102,3.9
TRP00538,2025-07-03,Thursday,no,Night (7-10pm),20:09,20:07,7,8,6,-1.6 min,no,yes,Full (80-100%),,None,150,2.9
TRP02190,2025-07-14,Monday,False,Midday (9am-4pm),13:51,13:54,2,71,7,3.8,yes,No,Moderate (50-80%),clear,overloading delay,90,4.1
TRP01041,2025-01-23,Thursday,no,Early Morning (5-7am),06:59,07:02,8,100,2,3.1,1,no,Low (<50%),Clear,Police Checkpoint,60,2.7
TRP01595,2025-04-14,Monday,False,Night (7-10pm),19:25,19:26,6,111,10,1.1,Yes,false,OVERLOADED (>100%),Clear,Overloading Delay,100,
TRP02557,2025-05-19,Monday,N,Evening Peak (4-7pm),17:14,17:22,9,111,6,8.0 min,no,False,FULL (80-100%),Clear,none,118,1.9
TRP02381,16-Feb-2025,  Sunday  ,true,Night (7-10pm),20:04,20:10,9,33,4,6.2,false,0,Moderate (50-80%),,None,98,3.5
TRP02915,2025-06-27,Friday,0,Midday (9am-4pm),11:09,11:21,1,39,6,12.3,N,FALSE,Low (<50%),Heavy Rain,None,129,1.0
TRP00837,2025-04-22,  Tuesday  ,No,Night (7-10pm),20:37,20:31,11,33,10,-6.0,0,False,Low (<50%),Clear,None,110,1.3
TRP01780,2025-08-27,Wednesday,No,Midday (9am-4pm),11:12,11:11,4,51,1,-0.4,True,no,Low (<50%),Clear,None,80,8.2
TRP00442,2025-06-10,Tuesday,false,Early Morning (5-7am),06:37,06:51,11,84,2,14.7,False,False,Moderate (50-80%),,Vehicle Breakdown,110,2.8
TRP01618,2025-05-06,Tuesday,No,Midday (9am-4pm),09:02,09:15,8,58,4,13.1,N,FALSE,Full (80-100%),Clear,Traffic Jam,KES 60,4.3
TRP02424,28/01/2025,Tuesday,0,Midday (9am-4pm),14:12,14:18,11,104,2,6.1,False,No,Low (<50%),Clear,Traffic Jam,110,3.2
TRP03021,2025-03-30,Sunday,TRUE,Evening Peak (4-7pm),17:48,17:56,4,85,6,8.7,N,No,Full (80-100%),Light Rain,Road Construction,161,2.4
TRP02054,2025-01-19,Sunday,Y,Morning Peak (7-9am),07:43,07:51,7,17,3,8.3,No,no,Full (80-100%),Overcast,NONE,Ksh230,1.3
TRP01464,2025-03-26,Wednesday,0,Morning Peak (7-9am),08:21,08:25,9,64,10,4.5,true,False,Overloaded (>100%),Clear,Police Checkpoint,119,4.3
TRP00253,2025-03-17,Monday,N,Early Morning (5-7am),05:52,05:47,7,60,11,-4.8,True,FALSE,Moderate (50-80%),Clear,None,150,4.5
TRP02468,2025-06-20,Friday,no,Midday (9am-4pm),09:58,10:07,9,95,7,9.3,FALSE,no,Full (80-100%),clear,  Traffic Jam  ,80,2.8
TRP00957,2025-05-22,Thursday,No,MORNING PEAK (7-9AM),08:30,08:28,8,36,11,-2.0,true,no,Low (<50%),Clear,None,71,3.7
TRP02672,2025-08-01,Friday,no,evening peak (4-7pm),17:42,17:49,7,34,11,7.7,false,N,moderate (50-80%),Light Rain,Road Construction,220,2.7
TRP01150,2025-01-30,Thursday,FALSE,Evening Peak (4-7pm),16:37,16:35,10,1,8,-1.5,Yes,N,Full (80-100%),Clear,None,100,3.4
TRP03208,2025-04-30,  Wednesday  ,False,Early Morning (5-7am),06:36,06:44,5,73,8,8.1,False,0,Full (80-100%),Heavy Rain,Overloading Delay,90,1.8
TRP01013,2025-04-21,Monday,false,Morning Peak (7-9am),08:57,09:20,6,4,10,23.3,False,No,Low (<50%),Clear,Vehicle Breakdown,132,2.1
TRP02018,2025-08-04,MONDAY,False,Morning Peak (7-9am),08:40,09:08,10,42,5,28.5,False,No,Full (80-100%),OVERCAST,Road Accident Nearby,80,2.2
TRP00080,2025-04-09,Wednesday,false,Morning Peak (7-9am),07:18,07:46,6,27,6,28.9,FALSE,N,Moderate (50-80%),Clear,Road Accident Nearby,136,2.2
TRP03116,2025-05-30,Friday,False,Night (7-10pm),19:24,19:28,11,90,1,4.6 min,TRUE,False,Low (<50%),Clear,None,110,5.0
TRP02670,2025-04-26,Saturday,True,Evening Peak (4-7pm),17:11,17:14,11,72,5,3.1,True,N,Moderate (50-80%),Clear,None,128,1.7
TRP01346,2025-06-09,Monday,No,Midday (9am-4pm),11:24,11:29,11,74,5,5.1,0,FALSE,Low (<50%),Clear,None,110,2.6
TRP02525,2025-03-14,Friday,no,MORNING PEAK (7-9AM),08:52,08:56,6,43,10,4.8,true,False,Full (80-100%),Clear,None,117,4.4
TRP00942,2025-02-01,Saturday,True,Midday (9am-4pm),13:49,13:49,7,16,7,0.4,yes,No,Low (<50%),Clear,None,150,3.4
TRP01570,2025-08-26,Tuesday,False,Night (7-10pm),19:35,19:38,5,119,9,3.8,yes,FALSE,Moderate (50-80%),Clear,Overloading Delay,70,5.0
TRP00333,2025-05-19,Monday,no,Morning Peak (7-9am),08:46,09:13,10,119,6,27.1,N,False,  Full (80-100%)  ,Light Rain,Vehicle Breakdown,116,2.0
TRP01998,2025-04-11,Friday,No,Evening Peak (4-7pm),17:07,17:20,6,71,8,13.5,no,false,,Light Rain,Police Checkpoint,135,2.9
TRP03130,2025-02-28,Friday,0,Early Morning (5-7am),06:50,06:55,5,30,9,5.7,no,No,Low (<50%),Light Rain,OVERLOADING DELAY,KES 80,2.3
TRP02875,2025-06-13,Friday,N,Midday (9am-4pm),13:11,13:11,8,29,3,0.9,True,false,Low (<50%),Clear,None,60,3.6
TRP03222,2025-07-17,Thursday,FALSE,Morning Peak (7-9am),07:26,07:37,6,72,9,11.3,false,False,Full (80-100%),Heavy Rain,None,140,1.0
TRP01541,2025-08-11,Monday,No,Morning Peak (7-9am),07:16,07:23,10,38,9,7.2,false,false,Full (80-100%),Overcast,None,93,
TRP01959,2025-05-07,Wednesday,N,Morning Peak (7-9am),07:10,07:20,8,89,10,10.7,0,False,Low (<50%),Overcast,None,84,
TRP02350,2025-03-10,Monday,FALSE,Morning Peak (7-9am),07:47,08:11,11,50,7,24.2,No,False,Full (80-100%),Clear,Vehicle Breakdown,140,2.1
TRP01598,2025-06-07,Saturday,True,Evening Peak (4-7pm),18:33,18:32,9,17,4,-0.7,1,False,Full (80-100%),Overcast,None,125,5.0
TRP02540,2025-07-27,Sunday,True,Morning Peak (7-9am),08:27,08:58,12,112,9,31.2 min,false,no,Moderate (50-80%),Light Rain,Vehicle Breakdown,218,2.6
TRP01586,2025-02-03,Monday,No,Morning Peak (7-9am),07:03,07:15,9,33,1,12.7,no,FALSE,moderate (50-80%),Clear,Overloading Delay,89,4.2
TRP01267,2025-07-08,Tuesday,N,Evening Peak (4-7pm),18:26,18:50,2,82,9,24.1,false,false,Moderate (50-80%),Heavy Rain,Police Checkpoint,176,3.0
TRP00927,2025-04-19,Saturday,yes,Midday (9am-4pm),12:26,12:24,5,31,2,-1.9,1,no,Moderate (50-80%),Clear,None,70,3.7
TRP00367,2025-04-22,Tuesday,No,Evening Peak (4-7pm),17:46,17:54,11,120,6,8.0,No,N,Full (80-100%),Clear,None,143,2.8
TRP01605,04-01-2025,TUESDAY,no,Morning Peak (7-9am),08:35,09:06,1,27,4,31.6,FALSE,False,Full (80-100%),Clear,Vehicle Breakdown,115,
TRP00348,2025-08-06,Wednesday,false,Morning Peak (7-9am),08:45,08:58,8,24,10,13.5,False,False,Overloaded (>100%),Clear,None,89,7.2
TRP01130,2025-04-27,sunday,TRUE,Night (7-10pm),20:45,20:43,12,83,6,-1.5 min,Yes,False,Overloaded (>100%),Light Rain,None,180,4.0
TRP03321,2025-06-09,Monday,FALSE,Evening Peak (4-7pm),16:19,16:40,7,2,9,21.9,false,N,Full (80-100%),Heavy Rain,None,237,2.7
TRP00794,2025-05-27,Tuesday,false,Evening Peak (4-7pm),16:34,16:46,1,42,4,12.1,No,0,full (80-100%),Clear,Road Construction,151,3.1
TRP02264,2025-07-14,Monday,False,Midday (9am-4pm),09:53,09:47,5,68,2,-5.6,No,false,LOW (<50%),Overcast,None,KES 70,2.3
TRP02933,2025-08-16,Saturday,True,Midday (9am-4pm),14:15,14:11,8,64,8,-3.5,TRUE,False,Overloaded (>100%),Clear,None,60,5.0
TRP01957,2025-01-02,Thursday,FALSE,Evening Peak (4-7pm),16:26,16:34,12,34,3,8.2,FALSE,0,Low (<50%),Clear,NONE,246,1.9
TRP01769,2025-04-21,monday,No,Evening Peak (4-7pm),17:23,17:23,8,103,11,203.9,Y,no,,999,  None  ,95,3.2
TRP01193,2025-02-06,Thursday,0,midday (9am-4pm),13:43,13:55,1,58,10,12.9,FALSE,N,Low (<50%),Clear,Road Accident Nearby,100,2.1
TRP01107,06-May-2025,Tuesday,No,Evening Peak (4-7pm),16:33,16:30,4,92,6,-2.5,TRUE,No,Moderate (50-80%),Overcast,None,119,3.2
TRP01731,2025-05-18,Sunday,true,Early Morning (5-7am),06:45,06:42,12,112,4,-2.3,Yes,False,moderate (50-80%),Light Rain,None,182,2.5
TRP01185,2025-03-07,Friday,FALSE,Evening Peak (4-7pm),16:04,16:10,12,99,10,6.0,FALSE,FALSE,Moderate (50-80%),Clear,None,224,1.3
TRP01982,2025-07-01,Tuesday,FALSE,Early Morning (5-7am),05:07,05:07,1,80,3,0.0,TRUE,N,Low (<50%),Clear,None,100,
TRP02213,2025-03-01,Saturday,true,Night (7-10pm),21:59,21:57,9,90,8,-2.0,yes,False,Moderate (50-80%),Clear,Overloading Delay,80,5.0
TRP00096,2025-07-14,Monday,N,Midday (9am-4pm),13:11,13:21,10,13,8,10.2,no,False,Full (80-100%),Clear,Traffic Jam,70,1.1
TRP01145,2025-01-02,Thursday,False,Morning Peak (7-9am),08:21,08:18,4,119,6,-2.4,TRUE,False,Full (80-100%),Clear,None,88,4.7
TRP02003,2025-06-20,Friday,False,Evening Peak (4-7pm),17:26,17:53,3,30,2,27.6,No,N,Overloaded (>100%),Clear,Road Accident Nearby,135,
TRP03383,2025-02-23,Sunday,yes,Midday (9am-4pm),13:52,14:03,12,105,7,11.4 min,no,false,LOW (<50%),Clear,Road Construction,160,3.0
TRP01631,17-Jun-2025,Tuesday,false,  Evening Peak (4-7pm)  ,18:04,18:13,12,103,7,9.0,False,N,Full (80-100%),Light Rain,None,271.00,2.1
TRP01792,2025-01-15,Wednesday,No,Evening Peak (4-7pm),16:10,16:25,10,84,4,15.1,False,FALSE,,Light Rain,Road Accident Nearby,101,1.0
TRP02197,2025-01-18,Saturday,true,Early Morning (5-7am),06:46,07:10,10,43,9,24.3,No,no,Full (80-100%),Light Rain,Vehicle Breakdown,86,1.8
TRP02779,2025-02-17,Monday,no,Morning Peak (7-9am),07:44,07:53,7,37,2,9.4,N,FALSE,overloaded (>100%),Overcast,None,223,2.8
TRP02815,2025-05-14,wednesday,False,Morning Peak (7-9am),08:38,08:46,9,56,9,8.2,FALSE,N,Moderate (50-80%),Overcast,Police Checkpoint,108,3.5
TRP01682,2025-01-01,WEDNESDAY,0,Evening Peak (4-7pm),18:39,18:53,8,56,1,14.4,False,False,Full (80-100%),Clear,Police Checkpoint,73,2.3
TRP00616,2025-03-09,Sunday,yes,Morning Peak (7-9am),08:19,08:23,12,89,3,4.2,1,False,Moderate (50-80%),Clear,None,189,4.0
TRP01746,2025-05-30,Friday,false,Morning Peak (7-9am),08:13,08:16,8,117,10,3.1,1,no,Overloaded (>100%),Clear,,93,4.1
TRP00723,2025-01-06,Monday,FALSE,Night (7-10pm),19:18,19:22,11,31,11,4.7,TRUE,N,Low (<50%),Clear,Overloading Delay,110,3.5
TRP01694,2025-04-10,Thursday,N,Morning Peak (7-9am),07:24,07:38,8,52,3,14.2,False,0,Moderate (50-80%),Clear,Overloading Delay,74,1.6
TRP00163,2025-05-15,Thursday,no,Morning Peak (7-9am),07:08,07:08,5,118,1,0.1,True,no,Full (80-100%),Clear,None,78,2.8
TRP01513,2025-06-19,Thursday,FALSE,Morning Peak (7-9am),08:33,08:54,3,89,5,21.2,0,False,Full (80-100%),Light Rain,VEHICLE BREAKDOWN,KES 216,2.0
TRP02634,2025-01-04,Saturday,Yes,Night (7-10pm),19:22,19:16,4,53,3,-6.0,N,False,Moderate (50-80%),Clear,None,80,1.6
TRP01540,2025-04-10,Thursday,0,Morning Peak (7-9am),08:56,08:58,9,117,1,2.8 min,Y,false,n/a,Overcast,None,91,4.1
TRP01997,2025-03-15,Saturday,Yes,Evening Peak (4-7pm),16:29,16:34,2,88,5,5.0,true,0,Full (80-100%),Clear,Road Construction,103,4.5
TRP01511,2025-08-20,Wednesday,no,Morning Peak (7-9am),07:43,07:59,11,40,5,16.8,False,no,Full (80-100%),Clear,Police Checkpoint,150,1.9
TRP03196,2025-08-15,Friday,0,Early Morning (5-7am),05:04,05:05,9,2,3,1.4,Yes,False,Full (80-100%),Light Rain,None,99,5.0
TRP00023,2025-06-28,Saturday,true,morning peak (7-9am),07:33,07:44,4,82,3,11.6 min,False,False,Full (80-100%),,Police Checkpoint,113,3.9
TRP03118,2025-03-18,Tuesday,False,Midday (9am-4pm),12:52,12:56,7,70,1,4.5,yes,FALSE,Low (<50%),Overcast,Overloading Delay,150,4.0
TRP03417,2025-01-12,Sunday,Yes,midday (9am-4pm),10:51,10:47,1,81,9,-4.0,Y,No,Moderate (50-80%),Clear,Overloading Delay,100,10.0
TRP01325,2025-07-19,Saturday,Y,Midday (9am-4pm),11:41,12:01,2,51,4,20.3,no,false,Low (<50%),Clear,Vehicle Breakdown,90,2.7
TRP03121,2025-01-04,Saturday,1,Morning Peak (7-9am),07:40,07:37,9,74,7,-2.7,1,false,Full (80-100%),Clear,Overloading Delay,91,4.3
TRP02339,2025-01-05,Sunday,yes,Midday (9am-4pm),10:30,10:33,12,10,1,3.0,TRUE,no,Low (<50%),Clear,Overloading Delay,160,3.4
TRP02495,2025-05-07,wednesday,False,Morning Peak (7-9am),08:39,08:49,6,66,3,10.0,No,False,Moderate (50-80%),CLEAR,POLICE CHECKPOINT,111,2.0
TRP01190,2025-04-08,Tuesday,0,Midday (9am-4pm),15:53,15:57,11,49,10,4.3,True,0,Low (<50%),Clear,Traffic Jam,110,
TRP00181,2025-05-19,Monday,FALSE,Midday (9am-4pm),14:01,14:04,9,36,1,3.0,TRUE,N,Full (80-100%),Overcast,None,80,4.2
TRP00799,19/04/2025,Saturday,True,Midday (9am-4pm),13:29,13:31,7,20,2,2.4,true,False,Overloaded (>100%),Clear,Road Construction,150,4.4
TRP02431,2025-01-04,Saturday,True,Midday (9am-4pm),15:05,15:04,4,8,1,-0.9,Yes,0,Full (80-100%),Clear,None,80,3.5
TRP03279,2025-07-21,Monday,False,Evening Peak (4-7pm),17:05,17:09,7,72,4,4.8,1,N,Moderate (50-80%),Clear,None,190,2.3
TRP02829,2025-08-22,Friday,FALSE,Midday (9am-4pm),13:51,13:49,3,61,8,-1.4,True,0,Moderate (50-80%),Clear,None,120,3.9
TRP01649,2025-08-08,Friday,False,Evening Peak (4-7pm),17:15,17:19,10,29,7,4.1,yes,No,Full (80-100%),Clear,None,89,4.5
TRP00634,2025-08-05,Tuesday,No,Morning Peak (7-9am),08:11,08:10,11,2,5,-0.7,TRUE,False,moderate (50-80%),Overcast,None,139,4.1
TRP01856,2025-04-27,Sunday,1,Evening Peak (4-7pm),18:36,18:47,12,49,5,11.4,No,N,Full (80-100%),Clear,Police Checkpoint,215,2.8
TRP02024,2025-01-31,Friday,N,Evening Peak (4-7pm),17:09,17:16,8,62,10,7.1,N,no,Moderate (50-80%),Light Rain,None,103,2.8
TRP03194,2025-04-07,Monday,0,Evening Peak (4-7pm),16:14,16:32,11,90,4,18.7,0,N,Full (80-100%),Light Rain,Traffic Jam,140,2.9
TRP00754,2025-06-27,Friday,no,Early Morning (5-7am),05:57,05:54,6,30,11,-3.0,Yes,False,Moderate (50-80%),Clear,None,100,4.0
TRP01072,2025-04-06,Sunday,True,Early Morning (5-7am),05:34,05:37,6,30,3,3.6,TRUE,FALSE,Full (80-100%),Light Rain,Overloading Delay,129,3.0
TRP02150,2025-03-06,Thursday,FALSE,Morning Peak (7-9am),08:29,08:37,7,41,1,8.4,0,False,Moderate (50-80%),Clear,Overloading Delay,205,3.2
TRP01177,2025-02-06,  Thursday  ,No,Midday (9am-4pm),15:58,15:59,12,120,7,1.5,yes,False,Full (80-100%),Clear,None,160,3.0
TRP00600,2025-03-14,Friday,No,Evening Peak (4-7pm),16:37,16:38,1,3,6,1.1 min,Yes,False,Moderate (50-80%),Clear,None,142,4.2
TRP02662,2025-08-18,Monday,FALSE,Evening Peak (4-7pm),17:40,17:47,5,104,7,7.1,No,FALSE,Full (80-100%),Overcast,Police Checkpoint,84,2.4
TRP00040,2025-05-05,Monday,No,Night (7-10pm),21:20,21:15,10,111,1,-4.1,true,No,Overloaded (>100%),Clear,None,70,3.5
TRP00920,2025-06-05,Thursday,False,Morning Peak (7-9am),08:09,08:15,12,33,9,6.2,False,FALSE,Moderate (50-80%),Clear,None,185,1.0
TRP00709,2025-01-24,Friday,FALSE,Evening Peak (4-7pm),18:47,18:51,1,114,6,4.9,TRUE,no,Overloaded (>100%),Overcast,None,Ksh151,4.1
TRP01309,2025-03-21,Friday,FALSE,Evening Peak (4-7pm),18:31,19:00,12,88,10,29.9,No,yes,Moderate (50-80%),Clear,Road Accident Nearby,197,2.7
TRP01580,2025-01-12,Sunday,Y,Midday (9am-4pm),13:55,14:03,10,94,6,8.3,0,False,low (<50%),Light Rain,Overloading Delay,79,4.3
TRP02693,2025-07-22,Tuesday,False,Morning Peak (7-9am),07:18,07:37,1,75,10,19.4,false,False,Moderate (50-80%),light rain,None,132,2.5
TRP01489,2025-06-11,Wednesday,no,Morning Peak (7-9am),07:32,07:33,12,44,4,1.4,True,N,  Low (<50%)  ,Clear,None,240,4.4
TRP00127,03-31-2025,MONDAY,FALSE,MIDDAY (9AM-4PM),14:42,15:08,2,102,4,26.5 min,N,false,Moderate (50-80%),Overcast,Vehicle Breakdown,KES 90,3.1
TRP01870,2025-06-03,Tuesday,False,Evening Peak (4-7pm),17:17,17:21,4,78,6,4.3,True,FALSE,Full (80-100%),Clear,None,121,2.5
TRP01435,2025-04-03,Thursday,0,Evening Peak (4-7pm),16:45,16:56,12,96,6,11.8,0,No,Full (80-100%),Clear,Road Construction,207,2.3
TRP01620,2025/08/12,Tuesday,no,  Morning Peak (7-9am)  ,07:03,07:15,12,56,4,12.9,0,0,Full (80-100%),Light Rain,Police Checkpoint,318,1.4
TRP02283,2025-08-17,Sunday,Yes,Midday (9am-4pm),12:11,12:05,2,44,8,-6.0,N,FALSE,  Moderate (50-80%)  ,Clear,None,90,1.3
TRP01080,2025-04-04,Friday,false,Midday (9am-4pm),14:28,14:22,11,83,1,-6.0,false,0,Low (<50%),Clear,None,110,3.1
TRP02573,2025-05-15,Thursday,N,midday (9am-4pm),13:22,13:23,2,19,8,1.6,True,No,N/A,Clear,,90,4.7
TRP01268,2025-02-12,Wednesday,no,Morning Peak (7-9am),08:21,08:33,1,35,10,12.1,FALSE,No,Moderate (50-80%),Light Rain,None,,1.2
TRP00109,2025-05-28,wednesday,FALSE,Evening Peak (4-7pm),18:36,18:50,3,37,3,14.8,N,False,Moderate (50-80%),Clear,Overloading Delay,173,2.2
TRP03437,2025-03-17,Monday,no,Evening Peak (4-7pm),17:34,18:01,1,102,3,27.1,false,False,Full (80-100%),UNKNOWN,Vehicle Breakdown,133,3.1
TRP00270,2025-01-10,Friday,false,Morning Peak (7-9am),08:42,08:53,3,120,9,11.8,0,No,Moderate (50-80%),Clear,traffic jam,165,3.7
TRP01962,2025-03-16,Sunday,Y,Midday (9am-4pm),14:40,14:39,2,26,7,-0.8,TRUE,FALSE,Full (80-100%),Overcast,NONE,90,3.3
TRP02384,2025-03-23,Sunday,1,NIGHT (7-10PM),20:12,20:19,5,5,7,7.8,0,False,moderate (50-80%),Light Rain,Traffic Jam,74,2.5
TRP02724,2025-07-01,Tuesday,False,Morning Peak (7-9am),08:10,08:25,9,85,2,15.3,FALSE,N,Moderate (50-80%),Light Rain,Road Construction,126,2.3
TRP00892,2025-03-30,Sunday,Y,Morning Peak (7-9am),07:51,08:16,9,108,7,25.7,false,FALSE,Moderate (50-80%),Clear,Vehicle Breakdown,105,3.2
TRP01382,2025-01-02,Thursday,No,EVENING PEAK (4-7PM),17:43,17:54,2,19,6,11.9,0,0,low (<50%),LIGHT RAIN,Police Checkpoint,146,2.6
TRP02578,2025-02-20,Thursday,No,Evening Peak (4-7pm),16:41,16:38,12,12,9,-2.2,TRUE,No,Full (80-100%),Clear,none,176,5.0
TRP01896,08-08-2025,Friday,N,Morning Peak (7-9am),08:13,08:26,8,31,11,13.4,no,false,Moderate (50-80%),Light Rain,None,95,2.7
TRP00221,2025-02-10,Monday,No,Evening Peak (4-7pm),17:52,18:02,8,54,3,10.5,N,FALSE,Full (80-100%),CLEAR,None,89,1.3
TRP02033,2025-06-17,Tuesday,false,Night (7-10pm),21:50,21:54,5,78,9,4.0,Yes,FALSE,Full (80-100%),Clear,Traffic Jam,70,2.2
TRP01831,2025-08-27,  Wednesday  ,N,Morning Peak (7-9am),07:49,07:57,12,8,6,8.8,N,FALSE,Full (80-100%),Clear,None,Ksh184,3.4
TRP00952,2025-01-16,Thursday,False,Morning Peak (7-9am),08:08,08:21,3,72,11,13.2,FALSE,N,MODERATE (50-80%),Heavy Rain,None,154,2.9
TRP02205,2025-03-14,Friday,False,Morning Peak (7-9am),07:36,07:42,4,73,9,6.1,false,No,Low (<50%),Clear,None,106,1.4
TRP02994,2025-04-18,Friday,No,Morning Peak (7-9am),07:54,07:52,12,120,7,-2.0,1,N,Moderate (50-80%),Clear,NONE,181,5.0
TRP00484,07-20-2025,Sunday,TRUE,Midday (9am-4pm),11:23,11:19,1,8,3,-3.4,true,no,MODERATE (50-80%),Clear,None,100,4.6
TRP01341,03-Feb-2025,Monday,no,Morning Peak (7-9am),08:30,08:44,4,101,6,14.0,No,false,Full (80-100%),Light Rain,None,118,1.8
TRP02892,2025-04-24,  Thursday  ,No,MIDDAY (9AM-4PM),15:39,15:39,10,39,9,0.1,True,no,Full (80-100%),Clear,None,70,4.3
TRP03132,01-13-2025,monday,False,Night (7-10pm),20:43,20:54,12,91,4,11.1,0,False,Full (80-100%),Clear,Road Accident Nearby,160,1.5
TRP01030,2025-08-11,Monday,0,Midday (9am-4pm),12:48,12:54,1,52,11,6.9,False,False,Moderate (50-80%),Clear,,100,1.0
TRP00650,2025-01-02,Thursday,0,  Morning Peak (7-9am)  ,08:30,08:42,11,119,7,12.0,0,FALSE,Moderate (50-80%),Light Rain,None,157,3.8
TRP01094,2025-05-05,Monday,False,evening peak (4-7pm),17:44,17:52,7,34,4,8.7,False,no,Moderate (50-80%),Light Rain,None,256,2.9
TRP01646,2025-05-27,Tuesday,No,Evening Peak (4-7pm),17:43,17:45,8,45,7,2.2,true,No,Full (80-100%),Clear,Overloading Delay,78,4.2
TRP01555,2025-02-10,Monday,N,Midday (9am-4pm),13:25,13:28,8,56,6,3.9,Yes,false,Full (80-100%),Clear,Road Construction,60,3.1
TRP01981,2025-05-27,Tuesday,False,Midday (9am-4pm),13:58,14:09,10,69,11,11.7,False,No,Low (<50%),Heavy Rain,None,86,2.6
TRP00643,2025-02-04,Tuesday,0,Early Morning (5-7am),06:20,06:30,3,16,7,10.7,false,0,Full (80-100%),Heavy Rain,None,Ksh141,2.0
TRP02619,2025-05-08,  Thursday  ,no,Night (7-10pm),20:46,20:52,12,71,2,6.3,False,No,Full (80-100%),Light Rain,None,202,1.6
TRP01455,2025-01-16,Thursday,false,Morning Peak (7-9am),07:34,07:43,10,13,11,9.7,N,false,MODERATE (50-80%),Clear,None,87,2.0
TRP02851,2025-08-05,Tuesday,False,Early Morning (5-7am),06:13,06:16,7,34,1,3.5,Yes,False,,Clear,None,150,5.0
TRP00308,2025-01-07,Tuesday,false,Early Morning (5-7am),06:03,06:32,12,34,6,29.5,No,No,Low (<50%),Clear,Vehicle Breakdown,160,2.5
TRP02827,2025-01-20,Monday,False,Midday (9am-4pm),11:57,12:09,7,88,1,12.5,0,no,Moderate (50-80%),Clear,Traffic Jam,150,1.4
TRP00923,2025/03/07,Friday,FALSE,evening peak (4-7pm),18:42,18:45,8,69,1,3.1,Yes,FALSE,LOW (<50%),Clear,None,75,3.6
TRP00218,2025-07-10,Thursday,False,Early Morning (5-7am),06:00,06:21,3,58,4,21.1,FALSE,False,Low (<50%),Clear,Vehicle Breakdown,Ksh120,2.0
TRP01418,2025-06-20,friday,False,Morning Peak (7-9am),08:39,08:46,11,7,5,7.4,N,False,Moderate (50-80%),Light Rain,None,198,2.1
TRP02747,11/06/2025,Wednesday,No,Morning Peak (7-9am),08:38,08:40,3,21,7,2.2,TRUE,FALSE,Full (80-100%),,None,185,4.9
TRP03406,2025-07-20,Sunday,true,Morning Peak (7-9am),08:19,08:45,1,27,3,26.0,no,False,Full (80-100%),heavy rain,Road Accident Nearby,153,3.2
TRP00290,2025-06-17,Tuesday,no,Morning Peak (7-9am),07:52,07:57,12,76,2,5.8,no,N,Full (80-100%),Overcast,None,230,2.9
TRP02297,2025-08-18,Monday,N,Morning Peak (7-9am),08:26,08:30,3,80,1,4.5 min,1,no,Overloaded (>100%),Light Rain,None,222,2.4
TRP00862,2025-04-24,Thursday,no,Evening Peak (4-7pm),16:50,17:23,10,65,1,33.1,False,False,Full (80-100%),Clear,Vehicle Breakdown,89,
TRP00210,2025-05-18,sunday,True,midday (9am-4pm),13:35,13:36,11,103,7,1.3,1,False,Full (80-100%),CLEAR,Police Checkpoint,110,3.4
TRP02926,2025-01-11,Saturday,True,Night (7-10pm),19:51,19:54,12,3,10,3.2,yes,No,full (80-100%),Overcast,Road Construction,160,3.6
TRP01889,2025-03-06,thursday,N,Morning Peak (7-9am),07:19,07:31,3,96,3,12.1,false,No,Full (80-100%),Light Rain,Overloading Delay,206,1.7
TRP00365,2025-06-02,  Monday  ,no,Evening Peak (4-7pm),16:12,16:25,1,17,5,13.4,False,No,Moderate (50-80%),Clear,Overloading Delay,115,2.3
TRP00122,2025-05-07,Wednesday,false,Evening Peak (4-7pm),18:33,18:48,4,32,2,15.0,False,false,  Overloaded (>100%)  ,Light Rain,traffic jam,93,2.6
TRP01324,2025-04-10,Thursday,No,MORNING PEAK (7-9AM),07:57,08:16,2,9,4,19.9,No,False,Moderate (50-80%),Clear,Vehicle Breakdown,104.00,1.2
TRP00101,2025-02-04,tuesday,no,Evening Peak (4-7pm),18:25,18:39,12,63,11,14.6,N,No,Moderate (50-80%),LIGHT RAIN,OVERLOADING DELAY,251,3.6
TRP00164,2025-03-10,Monday,N,Midday (9am-4pm),11:32,11:47,8,53,11,15.2,N,False,Moderate (50-80%),Clear,Traffic Jam,60,3.2
TRP01709,2025-04-15,Tuesday,false,Evening Peak (4-7pm),18:49,18:51,8,91,6,2.2,True,N,Full (80-100%),Clear,None,92,3.3
TRP03157,2025-03-20,Thursday,false,Night (7-10pm),19:59,20:00,7,109,10,1.5,True,0,Full (80-100%),Clear,None,,
TRP01880,2025-04-05,Saturday,yes,Early Morning (5-7am),06:39,06:33,10,31,8,-6.0,N,No,  Full (80-100%)  ,Clear,None,70,3.2
TRP01441,2025-01-24,Friday,no,Morning Peak (7-9am),07:48,08:01,5,59,5,13.0,False,FALSE,Overloaded (>100%),Clear,Road Construction,108,3.6
TRP02230,2025-05-12,Monday,False,Night (7-10pm),19:57,20:11,6,65,11,14.7,N,False,Full (80-100%),Clear,Traffic Jam,100,
TRP00521,15-Mar-2025,Saturday,True,Early Morning (5-7am),06:35,06:31,8,102,4,-3.7,True,no,Low (<50%),Clear,None,60,2.9
TRP02792,2025-06-27,Friday,No,Morning Peak (7-9am),07:01,07:11,3,64,3,10.2,0,False,,,  Police Checkpoint  ,158,
TRP02509,2025-04-06,Sunday,Yes,Midday (9am-4pm),14:23,14:21,9,43,10,-1.5,TRUE,0,Moderate (50-80%),Clear,None,80,3.6
TRP02234,2025-05-24,Saturday,True,Evening Peak (4-7pm),18:21,18:20,6,68,7,-0.8,yes,No,Full (80-100%),Clear,None,113,3.3
TRP00668,2025-03-08,Saturday,True,Midday (9am-4pm),13:36,13:34,8,109,10,-1.4,true,False,Moderate (50-80%),Clear,None,60,3.3
TRP02684,2025-05-28,WEDNESDAY,No,Evening Peak (4-7pm),17:21,17:24,2,25,11,3.5,true,False,Low (<50%),Clear,None,99,3.1
TRP03374,2025-05-05,Monday,N,Night (7-10pm),21:18,21:20,9,41,4,2.4,Yes,no,Full (80-100%),Clear,None,80,3.6
TRP00370,2025-03-26,Wednesday,False,Evening Peak (4-7pm),18:38,18:46,8,93,11,8.9,False,False,Overloaded (>100%),,Road Construction,,2.1
TRP03228,2025-02-15,Saturday,Y,morning peak (7-9am),07:55,07:57,3,71,2,2.7,1,False,Full (80-100%),Heavy Rain,None,201,3.7
TRP00387,2025-07-11,Friday,No,Evening Peak (4-7pm),17:41,17:48,12,42,1,7.3,false,FALSE,MODERATE (50-80%),  Clear  ,None,250,2.6
TRP03197,2025-08-20,Wednesday,False,Night (7-10pm),20:07,20:09,9,120,6,2.2,True,False,Low (<50%),Clear,Road Construction,80,3.4
TRP03424,2025-07-10,Thursday,False,Night (7-10pm),21:49,21:57,11,119,4,8.4,False,FALSE,Full (80-100%),Clear,Traffic Jam,110,2.1
TRP01155,2025-05-13,  Tuesday  ,N,Midday (9am-4pm),11:54,11:52,12,57,11,-1.1,True,No,Low (<50%),Overcast,none,160,2.8
TRP00498,2025-02-01,Saturday,Y,midday (9am-4pm),09:53,09:48,5,86,8,-4.1,True,false,Low (<50%),,Overloading Delay,70,3.4
TRP02536,2025-06-12,Thursday,False,Early Morning (5-7am),06:44,06:51,5,69,7,7.2,False,1,Full (80-100%),Clear,Police Checkpoint,70,3.6
TRP01804,2025-05-09,Friday,0,Midday (9am-4pm),13:14,13:16,2,92,11,2.2,True,FALSE,Full (80-100%),Light Rain,None,111,2.9
TRP01857,03-Jan-2025,Friday,0,Early Morning (5-7am),06:23,06:22,9,120,11,-0.8,Yes,0,Moderate (50-80%),Light Rain,None,88,
TRP02383,2025-07-16,Wednesday,no,Midday (9am-4pm),12:58,13:12,6,96,2,14.2,no,N,Low (<50%),Light Rain,Traffic Jam,112,1.5
TRP02652,2025-07-07,Monday,False,Morning Peak (7-9am),08:03,08:02,8,13,3,-0.5,Y,0,Moderate (50-80%),Clear,None,89,9.2
TRP03403,2025-02-10,Monday,0,Midday (9am-4pm),09:03,09:10,7,92,6,7.3,false,FALSE,Low (<50%),CLEAR,Road Construction,150,3.3
TRP01643,2025-06-30,Monday,false,Midday (9am-4pm),12:41,13:05,12,94,,24.8,No,FALSE,Low (<50%),Clear,Vehicle Breakdown,160,2.4
TRP02748,2025-08-19,Tuesday,FALSE,EVENING PEAK (4-7PM),16:03,16:13,7,57,2,10.3,0,0,Full (80-100%),,None,209,2.9
TRP02284,2025-06-30,Monday,FALSE,Morning Peak (7-9am),07:03,07:03,4,30,8,0.8,True,false,Full (80-100%),Clear,NONE,107,3.6
TRP03138,2025-02-05,Wednesday,N,Night (7-10pm),20:25,20:26,8,96,7,1.4,FALSE,yes,Low (<50%),Clear,None,KES 60,2.0
TRP02168,2025-07-27,Sunday,True,Midday (9am-4pm),09:55,09:49,7,83,1,-6.0,0,FALSE,Full (80-100%),Clear,NONE,150,1.0
TRP02442,2025-02-05,Wednesday,False,Evening Peak (4-7pm),17:59,18:09,8,8,10,10.7 min,false,FALSE,Overloaded (>100%),Light Rain,None,108,2.4
TRP00286,2025-01-28,Tuesday,no,Evening Peak (4-7pm),16:49,16:58,3,91,3,9.8,FALSE,False,Full (80-100%),Clear,None,Ksh175,1.5
TRP00537,2025-02-03,Monday,False,Early Morning (5-7am),05:56,06:05,8,101,8,9.2,0,False,Moderate (50-80%),Clear,Road Accident Nearby,60,1.4
TRP01141,2025-07-17,Thursday,N,Morning Peak (7-9am),07:17,07:23,9,8,8,6.2,False,True,,Clear,Overloading Delay,109,
TRP01604,2025-07-29,TUESDAY,0,Midday (9am-4pm),09:06,09:11,4,80,2,5.9,no,false,,Clear,Overloading Delay,80,2.1
TRP03148,2025-08-02,Saturday,Yes,Midday (9am-4pm),10:22,10:22,1,11,11,-0.0,True,FALSE,  Moderate (50-80%)  ,Clear,None,100,3.3
TRP01977,2025-01-12,Sunday,True,evening peak (4-7pm),18:28,18:33,7,54,5,5.0,yes,0,Moderate (50-80%),  N/A  ,None,253,4.7
TRP03053,2025-06-02,Monday,False,Evening Peak (4-7pm),16:05,16:04,2,2,8,-0.6,TRUE,false,Moderate (50-80%),Clear,None,105,3.4
TRP00885,2025-03-20,  Thursday  ,0,Early Morning (5-7am),06:52,06:55,3,45,8,3.7,true,FALSE,Low (<50%),Clear,None,120,4.0
TRP00569,2025-01-13,Monday,False,MORNING PEAK (7-9AM),07:09,07:33,2,120,4,24.0,0,False,Full (80-100%),Clear,Traffic Jam,122,1.7
TRP00112,2025-08-17,Sunday,1,Morning Peak (7-9am),08:19,08:35,2,47,2,16.6,False,FALSE,Full (80-100%),Light Rain,Traffic Jam,136,
TRP02722,2025-04-29,Tuesday,false,Evening Peak (4-7pm),17:25,17:30,12,106,4,5.6,no,No,Low (<50%),Light Rain,Overloading Delay,277,3.0
TRP03395,2025-05-12,Monday,false,Evening Peak (4-7pm),17:19,17:32,7,104,11,13.3,N,N,Low (<50%),Light Rain,Road Construction,245,1.3
TRP00117,2025-07-22,Tuesday,False,Early Morning (5-7am),06:29,06:40,7,57,9,11.3,0,False,Full (80-100%),Clear,Road Accident Nearby,150,2.6
TRP03354,2025-03-10,monday,N,Morning Peak (7-9am),07:18,07:32,12,65,11,14.3,No,no,,Clear,None,KES 217,2.9
TRP01830,2025-07-28,MONDAY,No,Night (7-10pm),21:47,22:04,2,98,3,17.7,0,N,Full (80-100%),Clear,Road Accident Nearby,90,2.1
TRP02737,2025-03-03,Monday,no,Midday (9am-4pm),14:04,14:18,9,75,5,14.7,0,TRUE,Low (<50%),Heavy Rain,Traffic Jam,KES 103,2.6
TRP02883,2025-07-12,Saturday,True,Midday (9am-4pm),11:36,11:43,2,34,2,7.3,False,False,Full (80-100%),Clear,Road Accident Nearby,90,1.7
TRP01269,2025-01-22,Wednesday,no,Morning Peak (7-9am),08:36,08:44,5,94,6,8.4,FALSE,N,Moderate (50-80%),CLEAR,Road Construction,110,3.5
TRP02154,2025-07-16,  Wednesday  ,False,Midday (9am-4pm),13:18,13:26,12,47,10,8.1,False,No,,Clear,None,160,2.8
TRP02236,2025-02-15,Saturday,Yes,Midday (9am-4pm),10:47,10:41,3,119,1,-6.0,False,No,Low (<50%),Clear,None,120,3.0
TRP00638,2025-01-25,Saturday,True,Early Morning (5-7am),06:35,06:30,1,86,2,-4.8,Y,FALSE,unknown,Clear,None,100,2.7
TRP00037,23/06/2025,Monday,False,Evening Peak (4-7pm),18:56,19:14,11,7,10,18.6,FALSE,FALSE,Overloaded (>100%),Clear,TRAFFIC JAM,167,2.0
TRP00894,2025-06-07,Saturday,Y,Evening Peak (4-7pm),18:23,18:26,3,49,10,3.8,yes,0,Full (80-100%),Clear,None,Ksh156,3.5
TRP00535,2025-08-20,Wednesday,No,Morning Peak (7-9am),08:35,08:53,1,89,11,18.2,No,FALSE,Overloaded (>100%),Light Rain,Road Construction,121,2.2
TRP02425,2025-03-06,Thursday,FALSE,Early Morning (5-7am),06:52,06:52,2,118,8,0.0,true,FALSE,Moderate (50-80%),null,  None  ,,3.5
TRP03266,2025-02-09,Sunday,1,Night (7-10pm),21:52,21:54,12,17,3,2.3,yes,false,Moderate (50-80%),Light Rain,None,186,4.9
TRP01953,2025-05-16,Friday,False,Morning Peak (7-9am),07:42,07:46,2,42,10,4.5,True,N,Full (80-100%),Clear,None,128,4.9
TRP00852,2025-03-23,SUNDAY,Y,Midday (9am-4pm),15:07,15:01,7,28,1,-5.2,False,N,Low (<50%),Clear,None,150,1.5
TRP03363,2025-04-11,Friday,No,Early Morning (5-7am),05:47,05:49,5,36,3,2.0,1,False,Moderate (50-80%),,None,70,4.2
TRP00255,2025-06-18,Wednesday,false,Morning Peak (7-9am),07:58,08:10,5,47,2,12.7,No,False,Full (80-100%),  Clear  ,Road Construction,77,2.5
TRP02879,2025-03-31,Monday,no,Midday (9am-4pm),15:09,15:16,7,56,11,7.9,False,FALSE,Full (80-100%),Clear,Police Checkpoint,150,4.4
TRP01561,2025-01-01,Wednesday,No,Midday (9am-4pm),12:05,12:00,8,28,7,-4.5,yes,No,Moderate (50-80%),Clear,None,60,3.8
TRP01023,2025-06-03,Tuesday,0,Midday (9am-4pm),12:35,12:35,2,8,4,0.2,True,no,Full (80-100%),Overcast,None,90,4.1
TRP01340,2025-07-15,Tuesday,N,Midday (9am-4pm),14:04,14:19,12,62,4,15.7,False,False,Low (<50%),Clear,Traffic Jam,160,2.3
TRP01891,2025-04-29,Tuesday,N,Midday (9am-4pm),13:45,14:08,4,93,1,23.0,False,false,Low (<50%),Clear,Vehicle Breakdown,80,1.2
TRP02709,2025-02-24,Monday,No,Morning Peak (7-9am),08:40,09:05,2,101,9,25.8,0,False,Moderate (50-80%),Clear,Vehicle Breakdown,119,2.7
TRP01027,2025-06-04,  Wednesday  ,N,Morning Peak (7-9am),07:42,08:34,4,90,2,52.9,False,False,  Overloaded (>100%)  ,Heavy Rain,Vehicle Breakdown,126,2.1
TRP01062,2025-08-07,  Thursday  ,no,Early Morning (5-7am),05:44,05:58,3,22,9,14.4,no,False,Moderate (50-80%),Light Rain,Traffic Jam,145,1.9
TRP01720,2025-06-06,Friday,No,Midday (9am-4pm),11:43,11:50,10,80,6,7.9,No,False,Full (80-100%),Heavy Rain,None,87,1.4
TRP00615,2025-06-11,Wednesday,FALSE,Morning Peak (7-9am),07:39,08:05,5,62,9,26.9,No,0,Overloaded (>100%),Light Rain,Road Accident Nearby,137,
TRP00564,2025-07-28,Monday,N,Midday (9am-4pm),11:05,11:09,3,75,11,4.5,true,False,Moderate (50-80%),Clear,Road Accident Nearby,120,3.9
TRP03251,2025-04-23,Wednesday,False,Morning Peak (7-9am),07:04,07:11,1,47,8,7.4,FALSE,No,,Light Rain,None,Ksh175,2.2
TRP01881,2025-01-18,  Saturday  ,1,Night (7-10pm),21:54,21:49,9,25,8,-5.0,Y,N,MODERATE (50-80%),Overcast,None,80,3.5
TRP02237,2025-07-20,Sunday,True,Early Morning (5-7am),06:32,06:31,11,71,2,-0.8,Y,False,Moderate (50-80%),Clear,None,110,3.1
TRP00057,2025-07-12,Saturday,1,Midday (9am-4pm),15:02,15:05,12,36,5,3.2,Y,False,  Moderate (50-80%)  ,Clear,None,Ksh160,4.0
TRP01232,2025-03-02,Sunday,True,Evening Peak (4-7pm),16:27,16:24,8,21,4,-3.0,1,N,Full (80-100%),Clear,None,76,
TRP00374,2025-01-15,Wednesday,False,Early Morning (5-7am),06:53,06:55,2,61,6,2.9,TRUE,No,Low (<50%),Overcast,None,90,3.0
TRP03345,2025-06-27,Friday,0,Evening Peak (4-7pm),17:29,17:41,5,1,10,12.0,FALSE,false,Moderate (50-80%),Clear,None,90,1.5
TRP02767,2025-07-16,Wednesday,false,Evening Peak (4-7pm),17:29,17:33,7,4,3,4.8,true,false,Full (80-100%),Heavy Rain,NONE,211,5.0
TRP00243,2025-05-20,Tuesday,No,Morning Peak (7-9am),08:31,08:35,5,54,4,4.8,true,False,Moderate (50-80%),Overcast,None,100,4.7
TRP03244,04-08-2025,Tuesday,0,Midday (9am-4pm),11:42,11:45,9,10,8,3.9,True,False,low (<50%),Clear,Overloading Delay,80,4.4
TRP00784,2025-02-11,Tuesday,0,Midday (9am-4pm),15:58,15:54,4,107,2,-3.6,True,N,  Low (<50%)  ,Clear,None,Ksh80,
TRP02046,2025-07-29,Tuesday,False,Evening Peak (4-7pm),17:43,17:46,7,30,3,3.0,Y,False,Full (80-100%),Clear,None,215,4.6
TRP00624,2025-06-10,Tuesday,False,Night (7-10pm),19:34,19:49,11,52,3,15.5,FALSE,True,Low (<50%),Clear,Road Accident Nearby,110,
TRP03386,2025-02-01,Saturday,1,Midday (9am-4pm),14:55,14:59,12,33,8,4.1,Y,False,Low (<50%),Clear,None,,4.3
TRP02477,2025-01-20,Monday,0,Early Morning (5-7am),05:25,05:43,2,60,3,18.1,no,False,  Low (<50%)  ,  Clear  ,Vehicle Breakdown,90,1.0
TRP00972,2025-05-16,  Friday  ,No,morning peak (7-9am),08:18,08:20,1,99,7,2.6,Y,0,Full (80-100%),Light Rain,  None  ,148,4.1
TRP03270,2025-08-01,Friday,False,Morning Peak (7-9am),07:31,07:35,1,104,9,4.7,TRUE,False,Low (<50%),Overcast,None,150,3.7
TRP01637,2025-01-18,Saturday,Y,Midday (9am-4pm),12:46,12:40,11,86,8,-6.0,false,False,Moderate (50-80%),NULL,None,110,
TRP00678,2025-08-26,Tuesday,No,Evening Peak (4-7pm),18:53,19:07,5,83,8,14.8,False,N,Low (<50%),Light Rain,Traffic Jam,134,2.8
TRP02773,2025-02-23,Sunday,True,Morning Peak (7-9am),07:29,07:30,2,1,9,1.6,yes,no,Moderate (50-80%),Clear,None,106,2.6
TRP00780,2025-05-28,Wednesday,No,Morning Peak (7-9am),08:00,08:14,11,87,4,14.5,N,False,Full (80-100%),Heavy Rain,Overloading Delay,162,2.5
TRP02259,2025-02-04,Tuesday,0,Evening Peak (4-7pm),16:59,17:02,3,12,8,3.3,True,FALSE,Overloaded (>100%),Clear,None,174,5.0
TRP02014,2025-01-07,Tuesday,false,Night (7-10pm),19:57,19:57,1,71,11,0.9,Y,no,Moderate (50-80%),Clear,None,100,4.2
TRP02371,2025-01-18,Saturday,1,Evening Peak (4-7pm),17:01,17:23,2,57,5,22.4,0,FALSE,Overloaded (>100%),Heavy Rain,Traffic Jam,KES 124,1.5
TRP02836,2025-05-23,Friday,False,Evening Peak (4-7pm),18:06,18:34,6,48,6,-61.9 min,FALSE,False,Full (80-100%),Light Rain,Road Accident Nearby,169,2.6
TRP03314,2025-05-19,Monday,False,Evening Peak (4-7pm),18:56,18:59,5,62,2,3.9,yes,false,MODERATE (50-80%),Clear,None,80,8.6
TRP02226,2025-08-23,Saturday,yes,Morning Peak (7-9am),08:56,09:02,12,56,8,6.9,FALSE,False,Overloaded (>100%),Clear,Overloading Delay,239,1.1
TRP02317,2025-05-16,Friday,no,Midday (9am-4pm),14:21,14:33,5,60,9,12.3,False,no,Full (80-100%),Clear,Road Construction,70,2.0
TRP02439,2025-02-01,Saturday,True,Evening Peak (4-7pm),17:33,17:32,1,51,1,-0.8,true,False,Low (<50%),,None,127,3.3
TRP00809,2025-08-25,Monday,0,Morning Peak (7-9am),08:42,08:54,11,51,9,12.7,No,FALSE,Moderate (50-80%),,Police Checkpoint,188,1.5
TRP02884,2025-03-03,Monday,false,Midday (9am-4pm),10:24,10:29,3,52,11,5.2,No,false,Moderate (50-80%),Clear,Police Checkpoint,120,1.0
TRP00626,2025-08-15,Friday,FALSE,Midday (9am-4pm),11:46,11:54,8,111,6,8.5,N,False,Moderate (50-80%),Clear,Traffic Jam,60,5.2
TRP03335,2025-08-21,Thursday,0,Night (7-10pm),20:52,20:49,8,83,7,-2.2,True,no,Moderate (50-80%),CLEAR,None,,4.7
TRP00518,2025-01-29,Wednesday,N,  Midday (9am-4pm)  ,12:16,12:16,2,117,3,0.4,false,yes,Full (80-100%),Light Rain,None,111,2.0
TRP01442,2025-08-18,Monday,FALSE,Evening Peak (4-7pm),18:42,18:51,10,43,8,9.7 min,0,0,Low (<50%),Clear,None,86,2.5
TRP00734,2025-06-15,Sunday,TRUE,Early Morning (5-7am),05:56,05:50,10,21,10,-5.5,False,false,Moderate (50-80%),OVERCAST,,70,2.3
TRP00441,2025-03-07,Friday,False,Morning Peak (7-9am),08:31,08:54,10,25,1,23.8,0,no,Full (80-100%),,Road Accident Nearby,101,2.3
TRP02048,2025-03-04,Tuesday,0,Midday (9am-4pm),14:01,14:05,2,38,5,4.3,true,False,Full (80-100%),Heavy Rain,None,110,4.0
TRP03379,2025-03-22,Saturday,True,Evening Peak (4-7pm),17:36,17:39,12,100,2,3.9,yes,N,Full (80-100%),Light Rain,None,231,4.2
TRP02579,2025-04-12,SATURDAY,yes,Morning Peak (7-9am),08:56,09:09,9,89,6,13.0,N,No,Full (80-100%),Light Rain,Overloading Delay,124,2.3
TRP02788,2025-07-22,Tuesday,FALSE,Midday (9am-4pm),14:40,14:34,5,112,10,-5.9,No,no,Low (<50%),Light Rain,None,81,1.9
TRP03064,2025-03-26,Wednesday,0,Morning Peak (7-9am),07:19,07:25,6,45,6,6.9,0,FALSE,Moderate (50-80%),Clear,None,154,3.1
TRP02538,2025-05-15,Thursday,No,Midday (9am-4pm),14:47,14:48,2,4,6,1.1,1,No,LOW (<50%),Clear,NONE,90,3.7
TRP02195,2025-05-21,Wednesday,False,Midday (9am-4pm),11:38,11:41,12,76,11,3.3,TRUE,0,Full (80-100%),Clear,Road Construction,160,3.9
TRP00995,2025-04-04,Friday,false,midday (9am-4pm),13:29,13:37,5,54,6,8.1,no,false,Moderate (50-80%),clear,Road Construction,70,1.8
TRP02790,2025-02-08,  Saturday  ,TRUE,Midday (9am-4pm),10:29,10:43,10,31,8,14.9,False,false,Moderate (50-80%),Light Rain,Road Construction,81,2.4
TRP00505,2025-03-04,Tuesday,FALSE,Midday (9am-4pm),12:01,11:58,8,34,1,-2.5,1,False,Full (80-100%),Clear,Overloading Delay,KES 60,3.8
TRP02519,2025-03-20,Thursday,False,Evening Peak (4-7pm),16:23,16:33,3,13,2,10.0,0,N,Moderate (50-80%),  Clear  ,None,176,3.4
TRP02358,2025-08-13,Wednesday,FALSE,Midday (9am-4pm),13:25,13:24,2,117,11,-0.9,yes,False,Moderate (50-80%),Clear,None,90,4.0
TRP01517,2025-02-27,Thursday,False,Morning Peak (7-9am),07:47,07:55,2,8,7,8.0,FALSE,false,Full (80-100%),Clear,Road Accident Nearby,115,2.9
TRP01370,2025-08-23,Saturday,True,Evening Peak (4-7pm),18:57,18:54,7,95,2,-2.9,TRUE,FALSE,Full (80-100%),overcast,  None  ,188,4.4
TRP00182,2025-07-19,Saturday,TRUE,Midday (9am-4pm),12:42,12:41,5,61,5,-0.5,TRUE,FALSE,Full (80-100%),Clear,Overloading Delay,70,4.0
TRP02404,2025-04-10,Thursday,no,Morning Peak (7-9am),07:45,07:56,1,106,9,11.0,0,N,Low (<50%),Clear,Overloading Delay,123,3.1
TRP03370,2025-02-03,Monday,FALSE,Evening Peak (4-7pm),16:02,16:46,7,108,4,44.3,No,no,Low (<50%),Clear,Vehicle Breakdown,182,4.3
TRP03461,2025-08-26,tuesday,false,Morning Peak (7-9am),07:31,07:36,11,8,9,5.0,TRUE,false,Full (80-100%),,None,157,4.0
TRP01588,2025-07-05,Saturday,TRUE,Early Morning (5-7am),05:51,05:49,4,1,5,-2.0,True,false,Full (80-100%),Clear,Road Accident Nearby,80,3.8
TRP00378,2025-08-11,Monday,False,  Early Morning (5-7am)  ,05:56,06:13,4,97,5,17.9 min,FALSE,FALSE,Moderate (50-80%),Clear,Vehicle Breakdown,80,2.6
TRP02798,10/04/2025,Thursday,FALSE,Morning Peak (7-9am),07:47,07:56,4,60,10,9.4,False,false,  Full (80-100%)  ,Light Rain,Overloading Delay,124,
TRP01697,2025-06-26,Thursday,FALSE,Midday (9am-4pm),14:19,14:26,8,32,4,7.7,N,no,Full (80-100%),Clear,Road Construction,60,1.0
TRP00261,2025-02-08,Saturday,Yes,Midday (9am-4pm),13:57,14:14,4,2,7,17.6,False,no,Low (<50%),Heavy Rain,Police Checkpoint,103,3.3
TRP02577,2025-05-09,Friday,False,Morning Peak (7-9am),08:16,08:26,11,29,9,10.5,no,false,Moderate (50-80%),Heavy Rain,None,132,1.0
TRP01722,2025-07-01,  Tuesday  ,False,Evening Peak (4-7pm),16:59,17:05,1,118,6,6.8,0,False,Moderate (50-80%),Clear,Police Checkpoint,133,2.2
TRP02248,2025-01-12,Sunday,1,Early Morning (5-7am),06:07,06:19,6,23,3,12.5,No,FALSE,Moderate (50-80%),Clear,Road Accident Nearby,100,7.6
TRP01120,2025-03-16,Sunday,Yes,Morning Peak (7-9am),08:18,08:31,2,27,10,13.6,no,FALSE,Moderate (50-80%),Light Rain,Police Checkpoint,171,
TRP01843,2025-03-16,Sunday,True,Midday (9am-4pm),15:47,15:44,8,6,10,-2.1,Y,0,Moderate (50-80%),Clear,NONE,60,3.6
TRP01575,2025-04-26,Saturday,yes,Midday (9am-4pm),14:18,14:26,7,25,3,8.9,0,No,Low (<50%),Heavy Rain,None,161,1.5
TRP02281,2025-08-18,Monday,False,Night (7-10pm),20:33,20:51,2,32,7,18.9,no,No,Moderate (50-80%),Clear,Vehicle Breakdown,90,1.9
TRP03468,2025-06-08,Sunday,True,Midday (9am-4pm),10:37,10:33,1,85,9,-3.3,yes,False,Full (80-100%),Clear,None,100,4.8
TRP02951,2025-06-26,Thursday,FALSE,Morning Peak (7-9am),07:04,07:08,9,116,1,4.3,True,False,Low (<50%),Light Rain,None,140,2.7
TRP01414,2025-03-21,Friday,0,Morning Peak (7-9am),07:24,07:25,11,61,11,1.5,yes,no,Low (<50%),Clear,none,159,4.6
TRP00922,2025-03-11,Tuesday,0,Midday (9am-4pm),15:55,15:56,3,59,4,1.1,yes,no,Low (<50%),Clear,None,120,2.8
TRP01593,2025-04-15,Tuesday,0,Midday (9am-4pm),12:07,12:07,8,52,11,0.2,True,0,Full (80-100%),Light Rain,None,64,3.8
TRP02426,2025-02-01,Saturday,yes,Midday (9am-4pm),15:23,15:25,1,59,1,2.9,True,no,Moderate (50-80%),Light Rain,None,126,3.4
TRP00022,2025-05-20,Tuesday,false,Night (7-10pm),20:21,20:30,11,75,1,9.4,0,False,Moderate (50-80%),Light Rain,None,118,2.3
TRP02255,2025-05-23,Friday,No,Morning Peak (7-9am),07:09,07:04,10,61,2,-4.4,True,0,overloaded (>100%),Light Rain,None,116,3.9
TRP00693,2025-06-19,Thursday,No,Evening Peak (4-7pm),18:22,18:28,7,88,9,6.9,0,no,Moderate (50-80%),Light Rain,None,,2.6
TRP01930,2025-05-09,Friday,false,Evening Peak (4-7pm),17:37,17:49,1,38,4,12.6,False,False,Full (80-100%),Heavy Rain,None,177,2.4
TRP00194,2025-01-24,Friday,N,Night (7-10pm),19:20,19:14,7,77,8,-5.1,N,False,Moderate (50-80%),Clear,None,150,2.0
TRP00716,2025-03-19,Wednesday,FALSE,Early Morning (5-7am),05:39,05:42,7,21,6,3.4,yes,False,Moderate (50-80%),Clear,POLICE CHECKPOINT,150,3.1
TRP01084,2025-03-30,Sunday,True,Morning Peak (7-9am),08:45,08:51,1,69,2,6.7,False,0,,,None,110,2.8
TRP01403,2025-01-18,Saturday,Y,Morning Peak (7-9am),07:25,07:28,6,10,5,3.1,1,False,Full (80-100%),Clear,Road Construction,159,4.9
TRP02419,01-09-2025,Thursday,no,Evening Peak (4-7pm),17:43,17:50,11,85,1,7.2,FALSE,False,overloaded (>100%),Light Rain,Overloading Delay,168,
TRP01505,2025-04-14,Monday,false,Midday (9am-4pm),15:18,15:17,5,117,7,-0.4,TRUE,0,Full (80-100%),Clear,None,70,3.3
TRP03476,2025-06-20,Friday,False,Early Morning (5-7am),06:38,06:44,9,119,6,6.9,FALSE,N,Moderate (50-80%),Light Rain,None,88,2.1
TRP01944,2025-03-19,Wednesday,No,Midday (9am-4pm),10:54,10:54,2,84,5,0.4,1,no,Moderate (50-80%),Clear,Police Checkpoint,90,4.3
TRP00264,2025-08-28,Thursday,False,Midday (9am-4pm),12:54,12:53,11,73,2,-0.4,true,false,low (<50%),Clear,None,110,4.3
TRP02096,29/05/2025,Thursday,FALSE,Evening Peak (4-7pm),18:37,18:39,10,22,4,2.8,True,no,Full (80-100%),Clear,None,104,2.8
TRP01244,2025-07-31,Thursday,No,Evening Peak (4-7pm),16:13,16:54,11,37,5,41.1,no,0,Moderate (50-80%),Heavy Rain,Vehicle Breakdown,171,3.0
TRP01797,2025-07-09,Wednesday,False,Morning Peak (7-9am),08:40,09:05,1,72,5,25.9,FALSE,N,Overloaded (>100%),Light Rain,Vehicle Breakdown,183,2.7
TRP00742,2025-07-03,THURSDAY,FALSE,Midday (9am-4pm),14:04,14:05,4,92,11,1.2,true,N,Moderate (50-80%),Clear,None,80,3.7
TRP01214,2025-02-23,Sunday,1,Evening Peak (4-7pm),16:07,16:14,4,30,3,7.9,False,N,Full (80-100%),Clear,Traffic Jam,117,
TRP02508,06-14-2025,Saturday,TRUE,Evening Peak (4-7pm),17:54,18:07,12,90,7,13.2,FALSE,no,Full (80-100%),Light Rain,None,197,3.9
TRP00339,2025-03-27,Thursday,N,Midday (9am-4pm),15:49,15:51,12,72,2,2.3,yes,No,Moderate (50-80%),Light Rain,None,206,
TRP01047,2025-07-26,Saturday,true,Midday (9am-4pm),13:56,14:21,4,53,9,25.9,no,0,Full (80-100%),Clear,Vehicle Breakdown,80,3.3
TRP01973,2025-01-29,Wednesday,0,Morning Peak (7-9am),08:41,08:38,11,103,8,-2.8,1,False,MODERATE (50-80%),Clear,None,134,3.7
TRP01754,2025-08-18,Monday,No,Early Morning (5-7am),05:34,05:39,10,3,6,5.6 min,FALSE,no,Overloaded (>100%),,,70,3.2
TRP00464,2025-06-18,Wednesday,False,Midday (9am-4pm),10:38,10:39,10,12,8,1.2,Yes,false,Low (<50%),Clear,Police Checkpoint,70,3.3
TRP01353,2025-06-25,Wednesday,no,Morning Peak (7-9am),08:48,09:10,3,102,4,22.0,N,no,MODERATE (50-80%),Heavy Rain,Road Construction,216,2.9
TRP00414,2025/04/15,Tuesday,FALSE,Evening Peak (4-7pm),16:54,17:21,6,102,3,27.3,False,No,Low (<50%),Light Rain,Road Accident Nearby,KES 169,2.1
TRP00102,2025-03-20,Thursday,0,Morning Peak (7-9am),07:06,07:15,4,60,5,9.7 min,N,0,Low (<50%),Clear,OVERLOADING DELAY,93,2.1
TRP00973,2025-08-22,Friday,False,Morning Peak (7-9am),08:35,08:35,11,26,3,0.4,TRUE,No,Moderate (50-80%),Clear,,168,3.2
TRP02098,2025-07-13,Sunday,yes,Morning Peak (7-9am),08:26,08:29,8,64,11,3.7 min,True,False,Full (80-100%),Clear,None,67,3.0
TRP02698,2025-08-17,Sunday,Yes,Midday (9am-4pm),11:00,10:58,1,51,3,-1.6,yes,No,Low (<50%),Clear,None,100,4.4
TRP03034,04-May-2025,Sunday,1,Midday (9am-4pm),09:52,09:54,2,21,3,2.6 min,True,False,,Clear,Police Checkpoint,90,4.3
TRP02181,2025-03-20,Thursday,false,Evening Peak (4-7pm),16:47,17:04,8,15,8,17.6,FALSE,no,N/A,  Clear  ,Traffic Jam,91,1.7
TRP02872,2025-03-17,Monday,False,Evening Peak (4-7pm),18:48,18:57,11,100,2,9.4,false,No,FULL (80-100%),Clear,Police Checkpoint,168,3.9
TRP00482,2025-05-04,  Sunday  ,True,Early Morning (5-7am),05:46,05:52,12,50,1,6.2,N,No,Moderate (50-80%),Clear,Road Construction,Ksh160,
TRP01448,2025-04-19,Saturday,True,Midday (9am-4pm),11:39,11:40,2,118,5,1.4,True,false,Moderate (50-80%),Light Rain,None,103,3.1
TRP01343,2025-02-17,Monday,False,Midday (9am-4pm),12:19,12:39,4,87,11,20.8,False,False,Moderate (50-80%),Heavy Rain,Traffic Jam,93,2.3
TRP01860,2025-04-29,Tuesday,No,Early Morning (5-7am),05:51,05:47,7,84,11,-3.2,1,0,Full (80-100%),Clear,None,150,5.0
TRP00003,2025-04-28,Monday,0,Morning Peak (7-9am),08:17,08:26,12,10,9,9.4,False,N,Overloaded (>100%),,None,201,2.0
TRP01623,2025-06-09,Monday,false,evening peak (4-7pm),18:30,18:51,7,80,1,21.5,N,false,Moderate (50-80%),Heavy Rain,Overloading Delay,,3.2
TRP01478,2025-07-21,Monday,N,Morning Peak (7-9am),07:26,07:26,8,103,1,0.4 min,Y,N,Full (80-100%),Clear,Overloading Delay,72,4.8
TRP02071,2025-01-24,friday,FALSE,evening peak (4-7pm),17:34,17:43,3,23,8,9.5,no,no,Full (80-100%),Clear,Traffic Jam,163,
TRP02515,2025-03-18,Tuesday,FALSE,Evening Peak (4-7pm),16:31,16:31,8,45,2,0.9,yes,no,Overloaded (>100%),Clear,None,93,3.8
TRP01410,2025-02-12,Wednesday,FALSE,Morning Peak (7-9am),07:41,07:42,3,59,6,1.7,true,False,Overloaded (>100%),Clear,Road Construction,167,2.9
TRP03207,2025-06-08,Sunday,Yes,Evening Peak (4-7pm),16:09,16:18,10,74,11,9.0,0,False,Full (80-100%),Clear,Road Construction,101,4.0
TRP01059,07-15-2025,TUESDAY,false,Evening Peak (4-7pm),16:07,16:23,7,53,8,16.6,false,FALSE,Overloaded (>100%),Clear,Police Checkpoint,217,4.0
TRP01626,2025-03-20,Thursday,0,Early Morning (5-7am),06:37,06:42,1,59,8,5.6,False,False,Moderate (50-80%),Clear,Road Construction,100,
TRP00659,2025-05-10,Saturday,1,Early Morning (5-7am),05:34,05:37,5,62,10,3.8,Y,no,Moderate (50-80%),light rain,,88,3.5
TRP01379,2025-03-10,Monday,No,Morning Peak (7-9am),08:44,08:52,8,29,6,8.6,0,false,Moderate (50-80%),Clear,Police Checkpoint,78,3.2
TRP00202,2025-08-18,  Monday  ,false,Midday (9am-4pm),13:39,13:50,12,62,5,11.0,False,No,Moderate (50-80%),Clear,ROAD CONSTRUCTION,160,1.3
TRP00078,2025-02-06,Thursday,FALSE,Evening Peak (4-7pm),18:57,19:40,12,48,8,43.4,FALSE,FALSE,Moderate (50-80%),Clear,  Road Accident Nearby  ,210,1.6
TRP00322,2025-04-27,Sunday,True,Midday (9am-4pm),11:11,11:09,5,19,10,-1.9,True,false,Moderate (50-80%),Clear,None,70,3.7
TRP00440,25/08/2025,Monday,False,Morning Peak (7-9am),07:29,07:44,10,81,4,15.9,False,False,Full (80-100%),Overcast,Road Construction,98,
TRP02457,02/02/2025,Sunday,1,Midday (9am-4pm),13:40,13:55,10,68,5,15.0,False,no,FULL (80-100%),Clear,Road Accident Nearby,70,2.8
TRP02258,04-21-2025,Monday,FALSE,Evening Peak (4-7pm),16:03,16:12,2,63,6,9.1,False,N,Full (80-100%),Light Rain,TRAFFIC JAM,144,2.3
TRP00445,2025-04-07,Monday,0,Night (7-10pm),19:40,19:34,8,112,7,-6.0,False,False,Low (<50%),Clear,None,,3.2
TRP00150,2025-05-10,Saturday,yes,Evening Peak (4-7pm),18:07,18:21,11,82,11,14.0,false,N,Full (80-100%),Light Rain,Road Construction,147,2.4
TRP02471,2025-03-06,Thursday,False,Morning Peak (7-9am),08:39,08:55,9,96,2,16.9,no,N,Full (80-100%),Heavy Rain,Traffic Jam,162,1.8
TRP01522,2025-06-25,Wednesday,No,Evening Peak (4-7pm),16:35,16:48,11,64,11,13.9,No,False,Moderate (50-80%),Clear,Police Checkpoint,142,2.6
TRP00542,2025-07-08,Tuesday,False,Evening Peak (4-7pm),16:37,16:52,4,17,8,15.4,no,no,Overloaded (>100%),HEAVY RAIN,Road Construction,122,2.3
TRP00952,2025-01-16,Thursday,False,Morning Peak (7-9am),08:08,08:21,3,72,11,13.2,FALSE,N,MODERATE (50-80%),Heavy Rain,None,154,2.9
TRP01360,2025-03-08,Saturday,1,Midday (9am-4pm),15:37,15:31,11,18,6,-6.0,N,0,Moderate (50-80%),Clear,None,110,2.7
TRP00380,2025-07-03,THURSDAY,N,Morning Peak (7-9am),08:11,08:15,2,108,7,304.8,True,0,Overloaded (>100%),Light Rain,None,148,4.4
TRP01749,2025-08-14,thursday,false,Midday (9am-4pm),10:55,11:01,11,86,3,6.7,no,0,Moderate (50-80%),Clear,Road Construction,110,2.2
TRP00496,2025-01-30,Thursday,no,Early Morning (5-7am),05:23,05:42,6,15,10,19.8,N,False,Low (<50%),n/a,Road Accident Nearby,129,5.6
TRP00374,2025-01-15,Wednesday,False,Early Morning (5-7am),06:53,06:55,2,61,6,2.9,TRUE,No,Low (<50%),Overcast,None,90,3.0
TRP02778,2025-06-20,Friday,False,Morning Peak (7-9am),07:29,07:33,5,48,8,4.9,Yes,FALSE,overloaded (>100%),Clear,Road Accident Nearby,95,3.7
TRP03042,2025-02-04,Tuesday,false,Evening Peak (4-7pm),17:24,17:19,6,108,5,-4.2,True,N,Full (80-100%),Clear,None,116,3.9
TRP03380,2025-07-14,MONDAY,no,Morning Peak (7-9am),08:25,08:34,4,46,3,9.6,N,no,FULL (80-100%),Clear,Traffic Jam,107,3.1
TRP02415,2025-08-16,Saturday,true,Midday (9am-4pm),11:35,11:43,5,79,3,8.1,False,no,Full (80-100%),Clear,Vehicle Breakdown,70,1.1
TRP00962,2025-06-09,Monday,N,Morning Peak (7-9am),07:36,07:43,11,60,1,7.0,False,False,  Full (80-100%)  ,CLEAR,None,172,2.0
TRP03089,2025-03-27,Thursday,0,Midday (9am-4pm),09:28,09:35,5,40,6,7.2,FALSE,no,Low (<50%),Clear,  Road Construction  ,70,1.3
TRP01941,2025-03-15,Saturday,True,Midday (9am-4pm),12:23,12:45,1,74,10,22.0,False,FALSE,Full (80-100%),Clear,Vehicle Breakdown,100,2.7
TRP01063,03-19-2025,  Wednesday  ,FALSE,Early Morning (5-7am),06:05,06:08,11,14,8,3.2,yes,FALSE,low (<50%),Clear,Road Construction,110,3.5
TRP01579,2025-03-02,Sunday,true,Night (7-10pm),21:17,21:16,5,35,10,-0.2,True,no,,Clear,none,70,4.9
TRP00931,2025-05-31,Saturday,True,Night (7-10pm),21:06,21:00,10,10,8,-6.0,0,False,Low (<50%),Clear,None,70,2.2
TRP01920,2025-01-05,Sunday,true,Midday (9am-4pm),15:47,15:47,10,55,10,0.0,true,No,Full (80-100%),Light Rain,None,75,
TRP03044,2025-08-27,Wednesday,0,Morning Peak (7-9am),07:27,08:08,3,120,8,41.2,FALSE,false,Full (80-100%),,Vehicle Breakdown,154,3.2
TRP00900,2025-08-18,Monday,no,Night (7-10pm),19:12,19:18,4,37,10,6.3,no,False,Low (<50%),Clear,POLICE CHECKPOINT,80,3.5
TRP03296,2025-04-26,Saturday,Y,Evening Peak (4-7pm),18:47,18:57,3,73,3,10.6 min,No,False,Low (<50%),  Clear  ,Police Checkpoint,165,1.2
TRP01482,2025-04-25,Friday,False,Midday (9am-4pm),13:26,14:12,7,55,6,46.8,FALSE,N,moderate (50-80%),Heavy Rain,Vehicle Breakdown,187,1.8
TRP03184,2025-05-16,Friday,N,Morning Peak (7-9am),07:01,07:11,7,80,3,10.3,FALSE,0,Moderate (50-80%),Clear,Traffic Jam,206,1.2
TRP01603,2025-05-18,Sunday,Y,Morning Peak (7-9am),07:29,07:44,7,94,,15.9,N,FALSE,Full (80-100%),Light Rain,road construction,191,3.3
TRP01833,2025-05-07,wednesday,no,Evening Peak (4-7pm),18:59,19:28,10,102,4,29.2,0,0,moderate (50-80%),Clear,Vehicle Breakdown,97,2.5
TRP00745,2025-01-17,Friday,N,evening peak (4-7pm),17:49,18:01,3,108,10,12.4,False,False,OVERLOADED (>100%),,police checkpoint,136,
TRP01946,2025-02-24,monday,False,Morning Peak (7-9am),07:22,07:56,1,34,7,34.4,FALSE,False,moderate (50-80%),Clear,Vehicle Breakdown,110,2.7
TRP02479,2025-07-30,Wednesday,No,Night (7-10pm),21:59,22:25,3,66,5,26.6,False,FALSE,Full (80-100%),Clear,Vehicle Breakdown,120,1.9
TRP01518,08-12-2025,TUESDAY,False,Early Morning (5-7am),05:28,05:26,8,112,7,-1.3,True,False,  Full (80-100%)  ,clear,None,60,3.0
TRP03058,2025-08-10,Sunday,Yes,EVENING PEAK (4-7PM),16:11,16:17,9,88,10,6.0,false,False,Full (80-100%),Overcast,Road Accident Nearby,104,2.1
TRP02569,2025-06-08,Sunday,true,Early Morning (5-7am),05:41,05:50,11,1,9,9.6,false,FALSE,LOW (<50%),heavy rain,None,129,1.7
TRP01012,2025-03-09,Sunday,True,Midday (9am-4pm),13:52,13:51,4,3,6,-0.5,1,false,Overloaded (>100%),Clear,None,80,10.0
TRP01297,2025-05-07,Wednesday,N,Evening Peak (4-7pm),18:07,18:15,2,4,9,8.1,N,FALSE,Full (80-100%),Light Rain,None,,1.7
TRP02676,2025-02-15,Saturday,True,Midday (9am-4pm),12:10,12:22,11,4,5,12.5,No,False,Moderate (50-80%),  Clear  ,Road Accident Nearby,110,3.3
TRP02288,2025-06-18,Wednesday,0,Midday (9am-4pm),14:05,14:05,10,38,7,0.1,True,0,Full (80-100%),Clear,None,70,3.8
TRP01163,2025-01-28,Tuesday,False,Midday (9am-4pm),12:00,12:18,10,107,6,18.1,FALSE,false,Moderate (50-80%),NA,Road Accident Nearby,78,2.3
TRP02620,2025-06-15,Sunday,TRUE,Night (7-10pm),21:18,21:42,12,87,10,24.4,No,False,Full (80-100%),Clear,Vehicle Breakdown,160,2.9
TRP01467,2025-06-30,Monday,0,Evening Peak (4-7pm),18:24,18:32,7,8,2,8.7,N,false,NA,Clear,None,227,1.8
TRP01908,2025-04-14,Monday,false,Night (7-10pm),19:51,19:47,5,10,3,-3.5,True,FALSE,Moderate (50-80%),Clear,None,70,3.9
TRP02173,2025-04-27,Sunday,yes,Night (7-10pm),21:53,21:51,2,68,7,-1.6,True,false,Full (80-100%),Overcast,Police Checkpoint,90,4.5
TRP00728,2025-06-01,Sunday,yes,Midday (9am-4pm),11:24,11:18,12,113,2,-6.0,N,False,Low (<50%),  Clear  ,None,160,2.8
TRP01144,2025-02-18,Tuesday,no,Morning Peak (7-9am),08:23,08:31,1,71,3,8.9,N,True,Low (<50%),Overcast,None,139,2.2
TRP03348,2025-05-17,Saturday,yes,Evening Peak (4-7pm),18:12,18:17,6,70,3,5.4,0,false,N/A,Clear,None,140,1.7
TRP00480,2025-03-04,Tuesday,no,Morning Peak (7-9am),08:30,08:37,10,80,8,7.2,FALSE,true,Full (80-100%),Light Rain,Police Checkpoint,142,2.3
TRP03397,2025-06-11,Wednesday,false,Night (7-10pm),20:40,21:15,12,59,9,35.2,no,No,Full (80-100%),,Vehicle Breakdown,182,3.8
TRP00349,2025-08-04,Monday,False,Midday (9am-4pm),15:52,15:58,11,71,2,6.7,False,No,FULL (80-100%),Clear,none,110,1.0
TRP00131,2025-01-06,Monday,no,Morning Peak (7-9am),08:31,08:38,12,108,10,7.1,False,N,Overloaded (>100%),Overcast,Police Checkpoint,250,1.0
TRP00916,2025-05-20,Tuesday,N,Morning Peak (7-9am),08:29,08:37,11,66,5,8.4,0,no,Moderate (50-80%),Clear,None,170,3.9
TRP02862,2025-04-19,Saturday,TRUE,Night (7-10pm),20:33,20:36,1,115,5,3.2,true,False,Low (<50%),Overcast,Road Construction,100,4.6
TRP01485,2025-03-22,Saturday,yes,Night (7-10pm),19:01,19:04,3,110,8,3.5,yes,FALSE,Low (<50%),Clear,Road Construction,120,2.9
TRP03460,2025-04-30,Wednesday,no,Midday (9am-4pm),10:01,10:11,1,117,9,10.4,no,False,Low (<50%),Clear,Road Accident Nearby,100,2.3
TRP02775,2025-02-09,Sunday,yes,Morning Peak (7-9am),08:30,08:31,6,10,11,1.4,TRUE,No,Full (80-100%),Clear,None,152,
TRP02089,2025-06-06,Friday,No,Morning Peak (7-9am),07:03,07:13,3,77,5,10.2 min,N,0,Full (80-100%),Clear,Traffic Jam,160,2.6
TRP01253,2025-08-16,Saturday,TRUE,MIDDAY (9AM-4PM),11:46,11:48,5,110,3,2.4,Yes,No,Moderate (50-80%),Clear,Police Checkpoint,70,4.7
TRP01069,2025-01-21,Tuesday,no,Midday (9am-4pm),09:58,10:06,8,80,10,8.0,No,False,Full (80-100%),Clear,Police Checkpoint,60,2.2
TRP03241,2025-08-01,Friday,FALSE,Morning Peak (7-9am),07:46,07:58,12,83,10,12.8,FALSE,no,Moderate (50-80%),Overcast,Road Construction,211,2.6
TRP00116,2025-02-13,Thursday,False,MORNING PEAK (7-9AM),07:19,07:51,10,117,5,32.8 min,FALSE,No,Overloaded (>100%),Clear,Vehicle Breakdown,96,
TRP01832,2025-08-04,Monday,FALSE,Midday (9am-4pm),09:03,09:03,6,5,3,0.5,yes,N,Moderate (50-80%),Clear,NONE,100,
TRP00933,2025-02-23,Sunday,True,Midday (9am-4pm),11:47,11:48,1,99,9,1.3,TRUE,false,FULL (80-100%),,Overloading Delay,100,4.4
TRP00042,2025-01-13,Monday,false,Midday (9am-4pm),13:04,13:17,3,20,2,13.0,false,0,Moderate (50-80%),Light Rain,Road Construction,139,2.4
TRP03292,05/04/2025,saturday,TRUE,Midday (9am-4pm),15:07,15:04,11,38,2,-3.0,1,False,Low (<50%),Overcast,None,110,3.5
TRP02334,2025-02-08,Saturday,True,Morning Peak (7-9am),07:02,07:23,9,113,5,21.2,false,No,Full (80-100%),Clear,Traffic Jam,90,2.0
TRP03495,2025-02-12,Wednesday,0,Morning Peak (7-9am),08:33,08:48,3,35,4,15.8,FALSE,FALSE,Overloaded (>100%),Light Rain,Road Construction,183,2.8
TRP03393,2025-07-30,Wednesday,0,Midday (9am-4pm),10:53,10:49,6,89,8,-3.1,yes,No,Low (<50%),Clear,none,100,1.9
TRP00552,2025-05-29,Thursday,false,Evening Peak (4-7pm),16:57,17:07,7,55,2,10.6,no,0,null,Overcast,None,186,3.5
TRP02858,2025-02-19,Wednesday,N,Midday (9am-4pm),14:57,15:13,6,14,1,16.5,N,No,Low (<50%),Clear,Traffic Jam,100,2.3
TRP00226,2025-01-09,Thursday,No,Evening Peak (4-7pm),17:55,18:04,11,95,10,9.2,no,N,Moderate (50-80%),Clear,Road Construction,166,2.6
TRP00050,2025-08-21,Thursday,False,EVENING PEAK (4-7PM),16:40,16:43,9,105,3,3.8,True,False,Low (<50%),Light Rain,None,137,5.0
TRP00132,2025-01-29,Wednesday,N,Morning Peak (7-9am),08:32,08:37,11,73,3,-88.8,false,false,Overloaded (>100%),Clear,Traffic Jam,145,
TRP03057,2025-04-08,Tuesday,FALSE,Evening Peak (4-7pm),16:15,16:46,2,41,4,31.9,False,False,Low (<50%),Clear,Vehicle Breakdown,120,1.8
TRP03402,2025-06-10,Tuesday,No,Early Morning (5-7am),05:43,05:59,1,40,4,16.8,False,No,,Heavy Rain,Overloading Delay,111,3.1
TRP02290,2025-04-10,Thursday,0,Early Morning (5-7am),06:00,06:17,11,69,5,17.7,0,no,,Overcast,Road Accident Nearby,110,2.2
TRP00625,2025-02-05,Wednesday,false,  Evening Peak (4-7pm)  ,16:57,17:06,10,50,9,9.7,False,no,Moderate (50-80%),  Clear  ,None,91,4.2
TRP03096,2025-08-21,Thursday,false,Evening Peak (4-7pm),18:52,18:59,12,112,3,7.2 min,no,no,Moderate (50-80%),Clear,NONE,214,
TRP02882,2025-01-05,Sunday,true,Evening Peak (4-7pm),17:47,17:55,12,64,7,8.2 min,no,No,Moderate (50-80%),Clear,None,254,2.1
TRP01168,2025-02-09,Sunday,Y,Midday (9am-4pm),15:22,15:22,9,89,11,0.3,True,False,Moderate (50-80%),Clear,None,80,4.1
TRP03070,2025-01-05,Sunday,True,Evening Peak (4-7pm),16:06,16:16,1,106,11,10.9,False,False,  unknown  ,Clear,Road Construction,124,1.5
TRP03349,2025-04-15,tuesday,N,Midday (9am-4pm),11:52,11:56,7,112,5,4.9,yes,N,unknown,Heavy Rain,None,176,3.4
TRP00561,2025-03-18,Tuesday,0,Morning Peak (7-9am),08:14,08:15,6,44,10,1.7,TRUE,false,Low (<50%),Clear,None,134,4.1
TRP01496,2025-04-22,Tuesday,no,Morning Peak (7-9am),08:36,08:46,5,104,5,10.3,False,FALSE,Full (80-100%),Overcast,Overloading Delay,88,3.7
TRP02235,2025-01-14,Tuesday,False,Early Morning (5-7am),05:35,05:39,1,73,6,4.5,true,False,Moderate (50-80%),Light Rain,None,124,3.2
TRP00329,2025-04-22,Tuesday,FALSE,Midday (9am-4pm),12:58,12:52,1,18,4,-6.0,FALSE,no,MODERATE (50-80%),Clear,None,100,1.6
TRP03365,2025-01-05,Sunday,Y,Midday (9am-4pm),13:16,13:16,7,80,10,0.1,yes,false,Low (<50%),Clear,None,150,3.4
TRP02154,2025-07-16,  Wednesday  ,False,Midday (9am-4pm),13:18,13:26,12,47,10,8.1,False,No,,Clear,None,160,2.8
TRP01310,2025-08-07,Thursday,False,Evening Peak (4-7pm),17:06,17:08,7,79,10,2.6,Yes,0,Moderate (50-80%),Clear,Overloading Delay,180,3.1
TRP01921,2025-08-12,Tuesday,0,Night (7-10pm),21:00,21:00,3,110,7,0.2,yes,0,Full (80-100%),Clear,None,120,3.5
TRP02130,2025-07-13,Sunday,true,Early Morning (5-7am),06:44,06:55,9,11,9,11.3,false,N,Full (80-100%),,None,100,3.1
TRP03500,2025-04-21,  Monday  ,False,Morning Peak (7-9am),08:19,08:35,12,17,2,16.2,False,N,Low (<50%),Clear,Traffic Jam,218,2.6
TRP02346,2025-02-05,Wednesday,no,Midday (9am-4pm),12:52,13:06,3,17,5,14.0,false,false,Moderate (50-80%),Light Rain,Police Checkpoint,138,3.7
TRP02249,2025-06-16,Monday,false,Midday (9am-4pm),14:51,14:52,12,14,6,1.2,yes,False,,Clear,None,160,2.9
TRP01128,2025-03-10,Monday,no,Early Morning (5-7am),05:58,05:56,5,76,5,-1.9,Yes,N,Moderate (50-80%),Clear,None,70,4.4
TRP02530,2025-08-14,Thursday,False,  Midday (9am-4pm)  ,13:01,12:59,6,109,1,-1.2,True,False,Low (<50%),Clear,OVERLOADING DELAY,100,3.5
TRP00853,2025-02-22,saturday,Y,Morning Peak (7-9am),08:51,09:08,5,96,3,17.9,no,no,Low (<50%),Clear,,107,2.4
TRP02669,2025-06-08,Sunday,True,Midday (9am-4pm),14:13,14:14,10,36,10,1.8,Y,no,Low (<50%),Light Rain,police checkpoint,KES 77,4.0
TRP01788,2025-03-21,Friday,N,Evening Peak (4-7pm),18:42,18:55,2,96,8,13.7,N,false,Full (80-100%),Clear,Police Checkpoint,136,2.0
TRP00467,2025-08-01,Friday,N,Morning Peak (7-9am),08:57,08:59,12,10,9,2.9,Y,N,Low (<50%),Overcast,Police Checkpoint,208,3.9
TRP01476,2025-01-02,Thursday,False,Evening Peak (4-7pm),16:57,16:59,7,31,10,2.6,Yes,FALSE,Full (80-100%),Clear,None,217,4.8
TRP00491,2025-02-22,Saturday,1,Evening Peak (4-7pm),17:15,17:22,4,65,11,7.6,N,false,  Full (80-100%)  ,,Police Checkpoint,105,3.4
TRP00886,2025-02-23,Sunday,True,Midday (9am-4pm),12:17,12:15,8,110,11,-1.3,True,N,Moderate (50-80%),Clear,None,60,3.4
TRP00248,24/03/2025,Monday,No,Morning Peak (7-9am),08:28,08:31,6,68,8,3.3,true,False,FULL (80-100%),Clear,None,136,
TRP01849,2025-04-17,Thursday,0,Night (7-10pm),19:47,19:55,2,64,11,8.9,no,no,Moderate (50-80%),Light Rain,Police Checkpoint,107,1.0
TRP02782,09/01/2025,Thursday,N,Evening Peak (4-7pm),17:21,17:34,6,1,10,13.8,False,0,Full (80-100%),Light Rain,Police Checkpoint,118,2.7
TRP01054,2025/06/06,friday,false,Morning Peak (7-9am),07:15,07:09,10,85,2,-5.4,False,FALSE,Full (80-100%),Clear,None,84,2.8
TRP02522,2025-05-15,Thursday,N,Morning Peak (7-9am),08:04,08:04,2,61,3,0.3,1,0,Full (80-100%),Overcast,None,143,4.1
TRP01178,2025-05-20,TUESDAY,False,Midday (9am-4pm),10:20,10:31,6,26,11,11.0,False,False,Moderate (50-80%),,Traffic Jam,100,1.6
TRP01184,2025-01-09,Thursday,FALSE,Early Morning (5-7am),06:50,06:51,6,96,3,1.0,True,FALSE,Low (<50%),Clear,None,100,
TRP02134,2025-01-16,Thursday,FALSE,Morning Peak (7-9am),08:04,08:18,7,46,8,14.6,false,False,Moderate (50-80%),Clear,Police Checkpoint,200,2.1
TRP00017,2025-07-19,Saturday,True,Midday (9am-4pm),10:19,10:29,5,84,5,10.7,False,False,Moderate (50-80%),Overcast,Traffic Jam,KES 70,4.0
TRP01431,2025-01-28,Tuesday,false,Evening Peak (4-7pm),18:38,18:45,4,34,10,7.1,false,No,Low (<50%),Light Rain,Road Construction,134,2.3
TRP00246,2025-06-07,Saturday,True,Midday (9am-4pm),10:03,10:03,8,27,1,0.2,Y,No,,n/a,Overloading Delay,60,8.4
TRP03467,2025-05-17,Saturday,True,Early Morning (5-7am),05:50,06:10,11,73,5,20.1,no,False,Low (<50%),Heavy Rain,Vehicle Breakdown,Ksh116,3.1
TRP00671,2025-03-22,Saturday,true,NIGHT (7-10PM),20:22,20:24,9,114,5,2.6,True,False,Low (<50%),Heavy Rain,None,87,3.6
TRP01813,2025-05-27,Tuesday,FALSE,Morning Peak (7-9am),07:34,07:34,8,87,8,0.7,true,False,Low (<50%),clear,Overloading Delay,83,4.1
TRP00141,2025-06-16,Monday,No,Evening Peak (4-7pm),17:40,17:42,2,84,7,2.9,TRUE,false,Full (80-100%),Overcast,None,139,9.0
TRP01793,2025-04-30,Wednesday,0,Morning Peak (7-9am),08:55,09:08,10,10,2,13.5,N,0,Moderate (50-80%),Overcast,Road Construction,101,2.9
TRP00906,2025-08-04,Monday,false,Morning Peak (7-9am),07:30,07:38,8,41,4,8.5,false,N,Moderate (50-80%),  Clear  ,Road Accident Nearby,93,2.6
TRP02728,2025-07-21,Monday,N,Evening Peak (4-7pm),16:29,16:25,5,88,10,-3.6,true,false,Low (<50%),Clear,NONE,92,3.3
TRP03040,2025-06-09,Monday,N,Morning Peak (7-9am),07:38,07:36,5,113,2,-2.0,1,False,FULL (80-100%),Clear,None,111,3.9
TRP00763,2025-02-17,Monday,false,early morning (5-7am),05:01,05:06,1,18,1,5.0,1,False,Full (80-100%),Clear,Road Accident Nearby,100,4.9
TRP02970,2025-01-09,Thursday,N,Morning Peak (7-9am),07:15,07:43,7,84,8,28.9,0,false,Moderate (50-80%),Clear,Road Accident Nearby,232,2.8
TRP02855,02/04/2025,Wednesday,0,Evening Peak (4-7pm),17:46,18:02,5,81,3,16.2,0,false,Full (80-100%),Clear,Road Construction,105,
TRP02527,2025-06-06,Friday,False,Morning Peak (7-9am),07:14,07:21,10,35,4,7.8,no,0,Full (80-100%),Clear,Traffic Jam,Ksh79,2.0
TRP03231,2025-06-29,SUNDAY,TRUE,Midday (9am-4pm),15:39,15:49,12,97,3,10.1,N,False,Moderate (50-80%),Clear,ROAD CONSTRUCTION,160,3.3
TRP00068,2025-08-16,Saturday,yes,Evening Peak (4-7pm),16:52,16:59,2,8,1,7.3,false,false,NA,Light Rain,Road Construction,142,
TRP01574,2025-01-29,Wednesday,False,Early Morning (5-7am),06:42,06:40,6,68,2,-1.4,yes,FALSE,Moderate (50-80%),Light Rain,None,128,4.5
TRP01585,2025-06-29,sunday,True,Midday (9am-4pm),13:41,13:49,3,61,4,8.5,0,FALSE,Full (80-100%),Clear,road construction,120,3.1
TRP01036,2025-07-18,Friday,0,Midday (9am-4pm),10:59,11:08,5,13,2,9.4,false,No,Low (<50%),Overcast,Road Accident Nearby,70,1.2
TRP02451,2025-05-21,wednesday,0,Midday (9am-4pm),09:43,09:46,5,46,1,3.1,yes,False,Low (<50%),Light Rain,None,88,2.5
TRP01757,2025-06-06,Friday,No,Morning Peak (7-9am),07:29,07:39,6,119,5,10.9,False,False,Low (<50%),Clear,,154,2.5
TRP03113,2025-06-11,Wednesday,false,Evening Peak (4-7pm),16:07,16:07,1,44,7,0.8,yes,No,,Clear,None,Ksh110,3.4
TRP02360,2025-02-26,WEDNESDAY,No,Evening Peak (4-7pm),18:11,18:17,12,91,6,6.5,no,False,Moderate (50-80%),Clear,None,198,2.2
TRP02868,2025-06-21,Saturday,True,Midday (9am-4pm),11:55,11:57,7,57,,2.8,yes,N,Moderate (50-80%),Clear,None,150,4.0
TRP00587,2025-04-27,Sunday,1,Early Morning (5-7am),06:24,06:18,7,89,5,-6.0,False,false,Full (80-100%),Clear,None,150,3.0
TRP01044,2025-01-11,Saturday,True,  Midday (9am-4pm)  ,10:06,10:10,9,48,6,4.7,Y,0,Low (<50%),clear,Road Construction,80,4.0
TRP02414,2025-07-11,Friday,False,Midday (9am-4pm),12:21,12:33,5,23,5,12.7,False,False,Low (<50%),Clear,Traffic Jam,70,1.6
TRP02517,2025-08-01,Friday,0,EVENING PEAK (4-7PM),16:09,16:16,2,47,4,7.1,False,False,Moderate (50-80%),Clear,Overloading Delay,119,2.8
TRP00800,2025-01-09,Thursday,N,Midday (9am-4pm),10:05,10:03,5,1,5,-2.0,TRUE,FALSE,Moderate (50-80%),Light Rain,None,83,4.6
TRP00472,2025-03-02,Sunday,yes,Night (7-10pm),20:42,20:37,5,55,10,-4.1,True,False,Full (80-100%),Clear,Police Checkpoint,70,3.3
TRP01217,2025-03-08,Saturday,TRUE,Midday (9am-4pm),13:06,13:16,5,40,9,10.8,no,no,Moderate (50-80%),Clear,Vehicle Breakdown,70,3.5
TRP00178,2025-06-18,WEDNESDAY,0,Morning Peak (7-9am),07:08,07:19,12,42,4,11.2,False,false,Overloaded (>100%),,Police Checkpoint,Ksh220,1.6
TRP02710,2025-06-07,Saturday,TRUE,Midday (9am-4pm),10:18,10:14,10,77,4,-3.8,Yes,False,Low (<50%),Overcast,None,70,3.9
TRP02376,2025-07-12,saturday,Y,Midday (9am-4pm),14:08,14:09,5,98,5,1.9,1,FALSE,Moderate (50-80%),Clear,traffic jam,70,4.6
TRP01947,2025-08-04,Monday,0,Midday (9am-4pm),13:36,13:42,6,64,10,6.5,FALSE,FALSE,Overloaded (>100%),Clear,Overloading Delay,100,
TRP00680,2025-02-15,Saturday,true,morning peak (7-9am),07:00,06:56,4,44,6,-3.9,TRUE,FALSE,Full (80-100%),Clear,None,127,
TRP01531,2025-07-29,Tuesday,FALSE,Evening Peak (4-7pm),17:25,17:36,3,89,3,11.4,False,false,Full (80-100%),Light Rain,Police Checkpoint,226,1.2
TRP02524,2025-03-10,Monday,False,Night (7-10pm),20:11,20:08,8,91,10,-3.0,yes,False,Low (<50%),Clear,None,60,3.8
TRP02756,2025-05-07,Wednesday,False,Morning Peak (7-9am),08:06,08:15,3,47,11,9.3,No,0,Moderate (50-80%),Light Rain,none,216,
TRP03027,2025-03-30,Sunday,True,Midday (9am-4pm),12:52,12:47,6,23,2,-4.8,True,No,Full (80-100%),Clear,None,100,4.8
TRP00597,15/08/2025,Friday,False,  Midday (9am-4pm)  ,11:57,12:34,4,20,6,37.3,False,0,Moderate (50-80%),Heavy Rain,Vehicle Breakdown,91,2.0
TRP00337,2025-03-26,Wednesday,False,morning peak (7-9am),07:50,08:17,4,31,10,27.8,0,False,Moderate (50-80%),Clear,Vehicle Breakdown,110,1.3
TRP01378,2025-07-01,Tuesday,false,Evening Peak (4-7pm),18:00,18:12,4,113,8,12.5,FALSE,False,Overloaded (>100%),Clear,  None  ,89,1.0
TRP01097,2025-06-28,Saturday,true,Morning Peak (7-9am),08:16,08:27,5,50,6,11.0,FALSE,no,Overloaded (>100%),Heavy Rain,Road Construction,107,1.9
TRP03069,2025-05-02,Friday,False,Early Morning (5-7am),06:14,06:08,7,82,8,-5.3,False,false,Moderate (50-80%),Clear,None,150,2.4
TRP00249,2025-05-28,Wednesday,False,Evening Peak (4-7pm),18:19,18:29,1,21,5,10.3,0,No,Moderate (50-80%),Overcast,Overloading Delay,116,2.1
TRP01052,2025-04-24,Thursday,0,Night (7-10pm),20:40,20:40,6,9999,10,0.1,1,false,  Low (<50%)  ,,NONE,100,4.1
TRP02260,2025/07/06,Sunday,yes,Midday (9am-4pm),14:45,14:40,3,13,5,-5.0,True,False,LOW (<50%),Clear,None,120,3.0
TRP03254,2025-07-02,Wednesday,False,Evening Peak (4-7pm),17:23,17:37,12,78,7,14.7,No,No,Overloaded (>100%),Heavy Rain,None,272,1.5
TRP01893,2025-07-02,Wednesday,N,Evening Peak (4-7pm),16:08,16:08,3,19,5,0.4,TRUE,No,Moderate (50-80%),Clear,None,188,3.6
TRP03299,2025-01-01,Wednesday,False,Early Morning (5-7am),05:55,05:55,6,51,7,0.2,1,false,Low (<50%),Overcast,Police Checkpoint,100,4.8
TRP00827,2025-05-03,SATURDAY,true,Early Morning (5-7am),06:53,07:03,5,9,6,10.2,FALSE,FALSE,Moderate (50-80%),Clear,Vehicle Breakdown,70,2.0
TRP00806,2025-08-28,Thursday,No,  Evening Peak (4-7pm)  ,16:31,16:36,1,62,1,5.8,0,No,Full (80-100%),Clear,none,138,3.2
TRP01212,2025-08-27,Wednesday,0,  Morning Peak (7-9am)  ,08:39,08:44,4,59,7,5.5,no,False,Moderate (50-80%),Clear,None,101,2.2
TRP00241,2025-07-17,Thursday,no,Evening Peak (4-7pm),18:55,18:58,7,39,1,3.1,True,0,Moderate (50-80%),Overcast,None,232,4.4
TRP02174,2025-07-18,Friday,N,Early Morning (5-7am),06:38,06:53,7,104,9,15.1,FALSE,0,Moderate (50-80%),clear,Road Accident Nearby,150,3.1
TRP01462,2025-04-11,FRIDAY,FALSE,Early Morning (5-7am),05:56,06:12,1,85,8,16.4,False,No,Low (<50%),  Clear  ,Road Accident Nearby,100,3.1
TRP01877,2025-03-11,Tuesday,False,Early Morning (5-7am),05:25,05:49,8,64,11,24.9,0,false,Low (<50%),Clear,Vehicle Breakdown,60,3.3
TRP02684,2025-05-28,WEDNESDAY,No,Evening Peak (4-7pm),17:21,17:24,2,25,11,3.5,true,False,Low (<50%),Clear,None,99,3.1
TRP01940,2025-04-22,Tuesday,false,Early Morning (5-7am),06:50,06:44,9,78,11,-5.6,0,No,Low (<50%),Clear,  None  ,Ksh80,3.2
TRP03036,2025-08-23,Saturday,True,Evening Peak (4-7pm),16:34,17:03,12,12,5,29.7,No,no,Overloaded (>100%),Heavy Rain,Traffic Jam,275,1.9
TRP03298,2025-03-20,Thursday,no,Midday (9am-4pm),15:20,15:25,12,75,2,5.1,False,false,Low (<50%),Light Rain,Overloading Delay,,1.9
TRP01390,2025-02-28,  Friday  ,FALSE,Early Morning (5-7am),06:51,07:07,9,19,2,16.9,False,0,Low (<50%),Light Rain,Road Construction,91,2.9
TRP00519,2025-03-24,Monday,false,  Evening Peak (4-7pm)  ,18:37,18:48,2,73,11,11.8,0,No,Full (80-100%),Overcast,Road Construction,132,
TRP02917,2025-02-15,Saturday,True,Morning Peak (7-9am),07:57,08:02,8,98,,5.9 min,false,no,Overloaded (>100%),Clear,none,77,2.2
TRP03432,2025-08-15,Friday,No,Evening Peak (4-7pm),16:20,16:46,7,17,10,26.4,0,false,Full (80-100%),Heavy Rain,Road Construction,265,
TRP00499,2025-05-30,  Friday  ,0,EVENING PEAK (4-7PM),18:18,18:37,2,71,5,19.1,0,no,Moderate (50-80%),Light Rain,Road Accident Nearby,163,3.3
TRP00689,2025-02-16,  Sunday  ,1,Morning Peak (7-9am),08:35,08:36,5,107,8,1.4,TRUE,FALSE,Full (80-100%),Light Rain,NONE,104,3.5
TRP02157,2025-06-27,Friday,No,Evening Peak (4-7pm),17:41,17:45,9,17,6,4.3 min,1,No,Moderate (50-80%),Clear,None,112,4.2
TRP00024,2025-05-17,Saturday,yes,Early Morning (5-7am),06:57,06:52,8,53,11,-4.1,Yes,false,  Full (80-100%)  ,Overcast,None,,2.7
TRP01237,2025-02-05,Wednesday,no,Midday (9am-4pm),09:13,09:14,9,101,5,1.8,1,no,Full (80-100%),Clear,  Overloading Delay  ,80,3.8
TRP00831,2025-05-13,Tuesday,N,Evening Peak (4-7pm),18:47,18:56,3,52,5,9.8,No,FALSE,Full (80-100%),Clear,Police Checkpoint,191,2.5
TRP03387,2025-06-05,Thursday,FALSE,Early Morning (5-7am),05:26,05:30,9,64,1,4.0,Y,False,Full (80-100%),Light Rain,None,87,
TRP00945,2025-01-12,Sunday,yes,Morning Peak (7-9am),07:07,07:12,6,109,11,5.5,N,No,Full (80-100%),Clear,None,154,2.6
TRP00981,2025-04-27,Sunday,TRUE,Morning Peak (7-9am),07:15,07:23,8,66,7,8.1,0,FALSE,N/A,Clear,None,84,2.4
TRP03366,2025-02-25,Tuesday,N,Midday (9am-4pm),13:19,13:31,4,1,7,12.0,false,no,Low (<50%),Clear,vehicle breakdown,80,2.7
TRP03318,2025-05-28,WEDNESDAY,N,Morning Peak (7-9am),07:12,07:24,11,80,8,12.3,False,no,Full (80-100%),Clear,Road Accident Nearby,138,2.8
TRP01555,2025-02-10,Monday,N,Midday (9am-4pm),13:25,13:28,8,56,6,3.9,Yes,false,Full (80-100%),Clear,Road Construction,60,3.1
TRP01188,2025-03-04,Tuesday,False,Midday (9am-4pm),13:35,13:57,7,106,3,22.2,False,false,Full (80-100%),Overcast,Vehicle Breakdown,150,1.5
TRP01239,2025-01-26,Sunday,Yes,Morning Peak (7-9am),07:05,07:11,6,15,4,6.0,false,N,Full (80-100%),Light Rain,None,166,
TRP01795,2025-08-24,Sunday,1,Evening Peak (4-7pm),16:27,16:55,3,43,9,28.0,N,false,Overloaded (>100%),Clear,Vehicle Breakdown,176,3.1
TRP00673,2025-02-10,Monday,false,Morning Peak (7-9am),08:47,08:46,11,5,6,-1.0,yes,false,Low (<50%),Clear,None,142,4.1
TRP02518,2025-07-24,Thursday,N,Midday (9am-4pm),13:48,14:14,7,25,1,26.5,False,No,Full (80-100%),Overcast,Vehicle Breakdown,150,1.7
TRP02325,2025-03-29,Saturday,True,  Evening Peak (4-7pm)  ,18:03,18:12,4,17,7,-84.3,N,FALSE,Full (80-100%),Light Rain,None,141,1.6
TRP00400,2025-06-29,Sunday,Y,Night (7-10pm),19:37,19:59,9,89,2,22.3,N,false,,Clear,Vehicle Breakdown,80,2.4
TRP00058,2025-04-28,Monday,no,Evening Peak (4-7pm),18:22,18:17,7,79,11,-4.1,True,False,Overloaded (>100%),,Overloading Delay,175,5.0
TRP00247,2025-04-21,Monday,False,early morning (5-7am),06:12,06:10,5,70,7,-1.1,Yes,False,Moderate (50-80%),clear,None,70,2.6
TRP01433,2025-06-19,Thursday,False,Evening Peak (4-7pm),18:35,18:36,1,89,8,1.6,true,0,Moderate (50-80%),Clear,none,143,5.0
TRP02114,2025-03-03,Monday,False,Morning Peak (7-9am),07:25,07:39,7,33,6,14.0,no,FALSE,Moderate (50-80%),Clear,OVERLOADING DELAY,230,
TRP00061,2025-07-18,Friday,False,MORNING PEAK (7-9AM),07:37,07:45,5,25,11,8.9,False,0,Full (80-100%),Clear,Police Checkpoint,103,4.2
TRP01251,2025-04-07,Monday,False,Evening Peak (4-7pm),17:13,17:20,1,112,7,7.4,N,N,,Clear,NONE,156,2.1
TRP01032,2025-05-30,Friday,false,  Morning Peak (7-9am)  ,07:42,07:44,3,67,10,2.4,True,False,Overloaded (>100%),Clear,None,147,5.0
TRP00924,2025-05-16,Friday,N,Evening Peak (4-7pm),17:09,17:26,6,111,7,17.1,No,0,Moderate (50-80%),Overcast,Road Accident Nearby,115,
TRP00679,2025-06-17,Tuesday,False,Morning Peak (7-9am),07:51,07:57,12,50,10,6.6,No,False,Overloaded (>100%),Clear,None,199,1.0
TRP01750,2025-05-19,Monday,no,Early Morning (5-7am),05:48,05:51,8,90,11,3.2,1,False,Full (80-100%),Clear,None,60,3.6
TRP00245,2025-07-06,Sunday,Yes,Morning Peak (7-9am),07:55,07:57,8,12,8,2.0,Yes,No,Overloaded (>100%),CLEAR,None,68,3.3
TRP02153,2025-08-04,Monday,no,Morning Peak (7-9am),08:46,08:52,2,34,3,6.1,false,false,Overloaded (>100%),Clear,None,143,2.1
TRP01394,2025-03-13,Thursday,no,Evening Peak (4-7pm),17:46,17:53,3,42,3,7.4,0,0,Moderate (50-80%),,,146,1.3
TRP02129,2025-04-06,Sunday,TRUE,Midday (9am-4pm),09:37,09:34,3,115,11,-2.8,True,0,Low (<50%),Clear,  None  ,120,2.9
TRP01211,2025-08-01,Friday,False,Morning Peak (7-9am),08:57,09:11,11,117,9,14.0,N,N,Low (<50%),Heavy Rain,None,167,3.1
TRP02907,2025-08-17,Sunday,yes,Midday (9am-4pm),14:47,15:08,8,62,2,21.1,False,false,Low (<50%),,Road Accident Nearby,60,
TRP02654,2025-06-13,Friday,N,Midday (9am-4pm),13:54,14:00,11,34,3,6.1,False,False,Moderate (50-80%),Clear,Police Checkpoint,110,2.3
TRP03420,2025-03-11,tuesday,False,MORNING PEAK (7-9AM),07:12,07:38,2,61,2,26.3,FALSE,false,Moderate (50-80%),Overcast,Road Accident Nearby,126,1.8
TRP00018,2025-01-14,Tuesday,false,Evening Peak (4-7pm),18:19,18:26,8,72,5,7.9 min,FALSE,False,Moderate (50-80%),Clear,None,,2.1
TRP00034,2025-01-24,Friday,False,Morning Peak (7-9am),07:07,07:16,9,13,8,9.8,N,false,Moderate (50-80%),Clear,ROAD ACCIDENT NEARBY,123,3.3
TRP03444,2025-06-23,Monday,false,Morning Peak (7-9am),07:26,07:33,5,34,11,7.3,FALSE,false,Overloaded (>100%),Clear,None,97,2.1
TRP01859,2025-01-25,Saturday,1,Evening Peak (4-7pm),18:42,18:52,12,82,11,437.4,No,0,Low (<50%),Light Rain,None,248,3.1
TRP00004,2025-04-29,Tuesday,false,Evening Peak (4-7pm),18:36,18:56,5,77,11,20.8,False,no,Moderate (50-80%),Light Rain,Road Construction,99,3.1
TRP03391,30/07/2025,Wednesday,false,Evening Peak (4-7pm),18:39,18:48,2,89,8,9.0,No,False,Overloaded (>100%),Clear,Police Checkpoint,133,3.4
TRP00238,2025-03-09,Sunday,1,Midday (9am-4pm),12:56,13:01,7,89,8,5.8 min,false,False,Moderate (50-80%),Clear,none,150,2.4
TRP01506,18/03/2025,Tuesday,FALSE,Evening Peak (4-7pm),17:45,17:48,11,120,11,3.0,TRUE,N,Full (80-100%),Clear,None,135,4.3
TRP00015,2025-01-12,Sunday,1,Midday (9am-4pm),10:37,10:42,1,47,9,5.6,false,False,Low (<50%),Overcast,None,100,
TRP01898,2025-02-04,Tuesday,no,Evening Peak (4-7pm),18:26,18:37,9,12,1,11.4,No,0,Low (<50%),Clear,Police Checkpoint,122,3.0
TRP00275,2025/06/21,Saturday,Y,Midday (9am-4pm),13:55,13:59,3,25,4,4.2,True,N,Low (<50%),Overcast,Police Checkpoint,120,5.0
TRP00577,2025-05-18,Sunday,1,Night (7-10pm),19:45,19:40,1,52,4,-4.9,Yes,FALSE,moderate (50-80%),Clear,None,100,5.0
TRP01143,04-19-2025,Saturday,true,Midday (9am-4pm),14:07,14:08,10,80,2,1.9,TRUE,0,Low (<50%),Clear,Overloading Delay,70,4.7
TRP00046,2025-08-25,Monday,false,Morning Peak (7-9am),07:09,07:12,7,77,5,3.9,Y,no,Full (80-100%),Clear,None,203,3.3
TRP01402,2025-06-03,Tuesday,FALSE,Midday (9am-4pm),14:58,15:00,8,29,,2.1,True,False,Full (80-100%),Clear,None,60,2.9
TRP00879,2025-01-02,Thursday,0,Midday (9am-4pm),14:26,14:57,5,68,1,31.9,False,0,Moderate (50-80%),Clear,Vehicle Breakdown,70,4.5
TRP01875,2025-04-09,Wednesday,no,MORNING PEAK (7-9AM),08:18,08:33,5,24,4,15.8,False,N,Moderate (50-80%),Clear,traffic jam,97,1.3
TRP01515,2025-04-13,Sunday,True,Night (7-10pm),19:50,19:47,12,84,3,-2.7,yes,False,Low (<50%),Overcast,Police Checkpoint,160,3.6
TRP01617,2025-05-01,  Thursday  ,False,Early Morning (5-7am),06:20,06:22,3,91,5,2.3 min,Yes,No,Moderate (50-80%),Overcast,None,120,4.3
TRP01408,2025-07-22,Tuesday,False,Midday (9am-4pm),09:13,09:13,11,14,5,0.3,Yes,False,Low (<50%),Clear,None,110,3.4
TRP01984,2025-03-19,Wednesday,N,morning peak (7-9am),07:45,07:52,12,9999,3,7.7,0,FALSE,Full (80-100%),  -  ,None,198,2.9
TRP02057,2025-06-03,Tuesday,0,Morning Peak (7-9am),08:22,08:28,11,73,11,6.9,0,No,Overloaded (>100%),Clear,Traffic Jam,KES 170,2.7
TRP01266,2025-01-11,Saturday,1,Morning Peak (7-9am),08:49,08:55,5,94,4,6.6,no,FALSE,Overloaded (>100%),Light Rain,Police Checkpoint,102,2.6
TRP01280,2025-08-05,Tuesday,false,Midday (9am-4pm),10:58,11:06,12,8,11,8.8,no,FALSE,Full (80-100%),Clear,overloading delay,160,3.8
TRP00488,07-19-2025,Saturday,1,  Morning Peak (7-9am)  ,07:40,07:36,5,42,11,-3.9,Y,False,Full (80-100%),Clear,None,95,
TRP00935,2025-06-04,Wednesday,False,Early Morning (5-7am),05:48,05:43,4,102,3,-4.3,True,0,Moderate (50-80%),Clear,None,80,3.2
TRP03056,2025-03-02,SUNDAY,True,Night (7-10pm),20:34,20:38,5,19,11,4.1,TRUE,N,Low (<50%),Light Rain,Road Construction,83,3.9
TRP03217,2025-03-19,Wednesday,no,Evening Peak (4-7pm),18:47,18:58,11,113,6,11.9 min,FALSE,No,Full (80-100%),Heavy Rain,Overloading Delay,176,2.8
TRP00091,2025-06-19,Thursday,False,Early Morning (5-7am),06:54,07:02,10,84,10,8.1,no,N,Moderate (50-80%),Clear,Traffic Jam,70,
TRP00446,2025-03-22,Saturday,Yes,Evening Peak (4-7pm),17:12,17:30,7,92,3,18.4,No,no,Full (80-100%),Clear,Vehicle Breakdown,222,3.3
TRP01874,2025-07-13,Sunday,TRUE,Midday (9am-4pm),09:27,09:23,1,118,10,-3.1,yes,N,Low (<50%),Clear,Police Checkpoint,Ksh100,3.2
TRP00805,2025-07-09,Wednesday,false,Midday (9am-4pm),15:27,15:21,12,112,7,-5.6,0,FALSE,Low (<50%),Clear,None,160,1.9
TRP01762,2025-05-02,Friday,No,Evening Peak (4-7pm),17:50,18:09,2,23,5,19.0,no,False,Overloaded (>100%),Overcast,Traffic Jam,110,3.4
TRP02152,2025-02-03,Monday,N,MIDDAY (9AM-4PM),09:18,09:19,6,57,6,1.3,1,no,Moderate (50-80%),Light Rain,None,117,2.5
TRP00391,2025-07-05,Saturday,True,Midday (9am-4pm),13:43,14:13,12,77,6,30.1,FALSE,False,Overloaded (>100%),clear,Vehicle Breakdown,160.00,6.6
TRP01802,2025-03-18,TUESDAY,FALSE,Midday (9am-4pm),14:05,14:40,6,111,3,35.9,0,False,Low (<50%),  Light Rain  ,Vehicle Breakdown,125.00,2.9
TRP02968,2025-08-11,Monday,N,Midday (9am-4pm),10:16,10:35,9,36,1,19.5,0,False,Low (<50%),Light Rain,Road Accident Nearby,101,1.3
TRP03135,2025-02-19,Wednesday,N,Evening Peak (4-7pm),16:01,16:14,7,99,10,13.2,False,False,Overloaded (>100%),,Traffic Jam,225,
TRP02810,2025-03-30,Sunday,Yes,Midday (9am-4pm),09:06,09:04,2,112,8,-1.6 min,true,false,Moderate (50-80%),Clear,None,90,
TRP00384,2025-02-13,Thursday,false,Morning Peak (7-9am),07:48,07:53,2,43,9,5.8,No,False,Overloaded (>100%),Light Rain,None,136,2.4
TRP02242,2025-07-09,Wednesday,false,Morning Peak (7-9am),07:11,07:11,6,41,4,0.6,Yes,false,MODERATE (50-80%),Clear,None,130,3.2
TRP00205,2025-06-30,Monday,false,Morning Peak (7-9am),07:21,07:32,2,85,9,11.7,FALSE,false,full (80-100%),Light Rain,None,144,2.9
TRP01126,2025-01-09,Thursday,False,Evening Peak (4-7pm),16:53,16:56,6,7,2,3.6,Y,0,Moderate (50-80%),Clear,None,Ksh123,
TRP02870,2025-05-12,Monday,false,Evening Peak (4-7pm),16:50,16:57,4,101,9,7.0,N,FALSE,Low (<50%),Light Rain,None,130,3.0
TRP00740,2025-06-25,Wednesday,False,Night (7-10pm),21:30,21:30,8,33,11,0.4 min,yes,false,Low (<50%),Clear,None,60,5.0
TRP02059,2025-01-20,Monday,0,  Evening Peak (4-7pm)  ,16:03,16:13,4,43,8,10.8,FALSE,FALSE,,OVERCAST,None,109,2.3
TRP02389,2025-08-04,Monday,False,Morning Peak (7-9am),08:36,08:37,6,6,7,1.0,TRUE,N,Low (<50%),Clear,Police Checkpoint,118,3.4
TRP02473,2025-04-08,Tuesday,No,Morning Peak (7-9am),07:11,07:11,1,100,10,0.4 min,true,N,Low (<50%),overcast,Overloading Delay,133,2.4
TRP02222,2025-02-22,Saturday,True,Evening Peak (4-7pm),17:11,17:13,8,12,4,2.3,Yes,FALSE,Full (80-100%),Clear,None,76,3.5
TRP01220,2025-07-05,Saturday,1,Midday (9am-4pm),14:01,13:57,12,73,3,-3.5,True,No,Moderate (50-80%),Clear,None,160,4.6
TRP00081,2025-01-24,Friday,FALSE,Midday (9am-4pm),09:47,10:03,2,44,8,16.5,false,False,-,Clear,Traffic Jam,90,2.2
TRP02490,2025-01-01,Wednesday,N,Evening Peak (4-7pm),18:58,19:28,7,27,5,30.9,no,false,MODERATE (50-80%),heavy rain,Road Accident Nearby,217,1.3
TRP01551,2025-03-04,Tuesday,0,Midday (9am-4pm),11:22,11:28,7,97,9,6.0,0,N,Overloaded (>100%),Clear,None,KES 150,1.8
TRP01222,2025-02-19,Wednesday,0,Midday (9am-4pm),13:42,13:49,11,43,8,7.5,False,False,Low (<50%),Light Rain,None,139,1.6
TRP00937,2025-04-11,Friday,False,Early Morning (5-7am),06:39,06:36,12,23,2,-2.1,Y,No,Moderate (50-80%),Clear,None,160.00,4.1
TRP02184,2025-05-01,Thursday,false,morning peak (7-9am),08:25,08:30,3,74,5,5.4,false,no,Full (80-100%),Clear,None,Ksh163,3.1
TRP01159,2025-05-05,Monday,0,Midday (9am-4pm),11:34,11:39,5,103,2,5.3,False,False,Moderate (50-80%),Clear,Police Checkpoint,70,2.2
TRP00032,2025-02-18,Tuesday,No,Morning Peak (7-9am),07:21,07:26,2,33,4,5.7,No,False,Moderate (50-80%),,None,126,2.0
TRP02099,2025/08/22,  Friday  ,False,Morning Peak (7-9am),08:24,08:28,2,63,6,4.0,Y,FALSE,Overloaded (>100%),Clear,ROAD CONSTRUCTION,Ksh128,5.0
TRP02850,2025-02-09,Sunday,Y,Morning Peak (7-9am),07:06,07:00,2,89,10,-6.0 min,N,FALSE,Full (80-100%),Clear,None,141,3.6
TRP02990,2025-01-18,Saturday,Yes,Midday (9am-4pm),09:57,09:54,7,75,10,-2.8,True,no,Overloaded (>100%),,None,150,3.9
TRP01397,2025-05-05,Monday,0,Early Morning (5-7am),05:20,05:40,2,67,9,20.0,0,FALSE,MODERATE (50-80%),Clear,Road Accident Nearby,90,2.9
TRP03220,2025-05-22,Thursday,False,midday (9am-4pm),13:58,14:12,10,60,10,14.5,false,False,Moderate (50-80%),Clear,Road Accident Nearby,70,3.2
TRP01693,2025-07-08,Tuesday,FALSE,Morning Peak (7-9am),08:40,08:47,5,51,11,7.7,False,False,Overloaded (>100%),Clear,None,93,3.5
TRP01437,2025-02-21,Friday,no,Midday (9am-4pm),10:10,10:13,4,19,10,3.1,yes,false,Low (<50%),  Light Rain  ,none,101,5.0
TRP01386,2025-03-09,SUNDAY,yes,Morning Peak (7-9am),08:36,08:31,2,31,11,-4.9,yes,No,Full (80-100%),Light Rain,None,134,4.2
TRP02418,2025-05-25,Sunday,yes,Midday (9am-4pm),13:09,13:05,2,10,6,-3.4,True,false,Moderate (50-80%),Clear,,90,2.7
TRP00430,2025-04-15,tuesday,False,Midday (9am-4pm),13:17,13:19,10,120,8,2.1,Yes,N,Overloaded (>100%),Clear,Police Checkpoint,70,3.7
TRP01668,2025-02-15,Saturday,1,Midday (9am-4pm),12:38,13:00,4,97,10,22.7 min,no,no,Moderate (50-80%),Overcast,Vehicle Breakdown,80.00,2.8
TRP01729,2025-04-04,Friday,no,Morning Peak (7-9am),07:39,08:10,9,78,6,31.7,false,no,Full (80-100%),Heavy Rain,Vehicle Breakdown,141,1.2
TRP02357,2025-08-28,Thursday,0,Midday (9am-4pm),09:41,09:44,1,26,8,3.4,True,0,Full (80-100%),Overcast,Road Construction,100,3.3
TRP03441,2025-02-13,Thursday,No,Morning Peak (7-9am),07:47,07:45,4,67,5,-1.2,Yes,no,Moderate (50-80%),Overcast,None,KES 94,4.9
TRP01330,2025-08-26,Tuesday,false,Early Morning (5-7am),06:34,06:32,3,34,1,-2.0,True,False,Full (80-100%),Clear,Overloading Delay,120,4.6
TRP01912,2025-05-25,Sunday,True,Midday (9am-4pm),09:55,09:54,2,49,10,-0.2,1,false,Moderate (50-80%),Clear,None,90,3.6
TRP00034,2025-01-24,Friday,False,Morning Peak (7-9am),07:07,07:16,9,13,8,9.8,N,false,Moderate (50-80%),Clear,ROAD ACCIDENT NEARBY,58,1.9
TRP00363,2025-08-05,Tuesday,FALSE,Night (7-10pm),21:28,21:34,12,52,3,6.6,no,False,Low (<50%),Clear,Overloading Delay,160,2.1
TRP01196,2025-01-12,Sunday,yes,Evening Peak (4-7pm),17:05,17:10,9,19,8,5.6,False,False,Low (<50%),Overcast,Overloading Delay,122,3.4
TRP02946,2025-05-08,Thursday,0,Morning Peak (7-9am),08:36,09:14,12,20,9,38.7,No,False,Moderate (50-80%),Clear,Vehicle Breakdown,198,3.0
TRP03165,2025-06-22,Sunday,True,Morning Peak (7-9am),07:09,07:18,5,64,3,9.3,False,False,Moderate (50-80%),Clear,ROAD CONSTRUCTION,164,3.1
TRP02123,2025-06-01,Sunday,Y,Midday (9am-4pm),11:16,11:29,7,13,3,13.4,false,no,low (<50%),Light Rain,Traffic Jam,162,
TRP02251,2025-08-23,Saturday,1,MORNING PEAK (7-9AM),08:00,08:03,4,98,4,3.3,Yes,False,Overloaded (>100%),Clear,Police Checkpoint,110,4.3
TRP01678,2025-05-26,Monday,False,Evening Peak (4-7pm),18:50,19:18,12,60,9,28.9,False,N,Full (80-100%),Clear,Road Accident Nearby,243,
TRP00369,2025-08-26,Tuesday,FALSE,Night (7-10pm),21:41,22:10,6,101,1,29.3,FALSE,No,Moderate (50-80%),Light Rain,Vehicle Breakdown,KES 118,3.2
TRP02469,2025-01-31,Friday,FALSE,Night (7-10pm),20:12,20:24,11,8,6,12.9,N,False,,Light Rain,Traffic Jam,124,3.3
TRP01738,2025-06-16,Monday,False,Morning Peak (7-9am),08:13,08:25,11,4,2,12.1,0,0,,Overcast,Traffic Jam,136,3.5
TRP01439,2025-02-27,Thursday,FALSE,Midday (9am-4pm),13:12,13:21,4,54,7,9.3,False,false,Low (<50%),  Overcast  ,Road Construction,80,1.5
TRP00914,2025-08-03,Sunday,true,MIDDAY (9AM-4PM),13:36,13:30,10,107,2,-6.0,0,FALSE,Full (80-100%),Clear,None,70,3.4
TRP00830,2025-04-10,thursday,N,Morning Peak (7-9am),08:14,08:17,1,102,8,3.8,1,False,Moderate (50-80%),Clear,None,114,4.9
TRP01565,2025-07-17,Thursday,No,Night (7-10pm),20:38,21:05,2,16,7,27.4,FALSE,0,Full (80-100%),Heavy Rain,Vehicle Breakdown,112,3.3
TRP02973,2025-01-05,  Sunday  ,TRUE,Early Morning (5-7am),05:08,05:16,12,102,11,8.4,0,N,Full (80-100%),Clear,,160,3.0
TRP01189,2025-05-16,Friday,false,Midday (9am-4pm),15:23,15:41,10,84,6,18.3,False,False,Moderate (50-80%),Clear,Road Accident Nearby,70,2.9
TRP01547,2025-01-09,Thursday,N,Midday (9am-4pm),10:22,10:28,1,67,8,6.2,N,false,low (<50%),Light Rain,ROAD CONSTRUCTION,107,1.3
TRP01021,23/02/2025,Sunday,Y,EARLY MORNING (5-7AM),06:47,06:44,12,62,11,-2.3,Y,False,Low (<50%),Clear,None,160.00,3.8
TRP02241,2025-02-19,Wednesday,no,Midday (9am-4pm),10:03,10:29,10,4,2,26.6,No,No,full (80-100%),Overcast,Vehicle Breakdown,70,2.1
TRP02588,2025-06-01,Sunday,Y,  Midday (9am-4pm)  ,14:15,14:09,2,1,4,-6.0,false,False,Moderate (50-80%),Overcast,None,90,2.3
TRP02322,2025-05-07,Wednesday,FALSE,Morning Peak (7-9am),08:58,09:08,5,69,10,10.0,N,FALSE,Full (80-100%),,None,Ksh132,2.6
TRP00791,2025-02-05,Wednesday,N,Midday (9am-4pm),13:24,13:51,4,73,3,27.0,False,False,full (80-100%),Clear,Vehicle Breakdown,80,2.3
TRP01928,2025-05-26,Monday,False,Early Morning (5-7am),05:15,05:10,4,6,5,-4.3,1,False,Low (<50%),Clear,None,80,4.5
TRP01391,2025-06-09,Monday,False,evening peak (4-7pm),18:45,18:51,8,24,6,6.4,false,False,Full (80-100%),Clear,None,90,2.4
TRP02338,2025-08-14,Thursday,0,Evening Peak (4-7pm),16:35,16:48,3,76,9,13.2,No,FALSE,Low (<50%),Overcast,Road Construction,160,2.6
TRP01392,2025-07-05,Saturday,TRUE,Evening Peak (4-7pm),18:16,18:15,3,87,1,-0.5 min,Yes,0,Moderate (50-80%),Light Rain,None,195,1.7
TRP02266,22-Apr-2025,Tuesday,No,Morning Peak (7-9am),08:07,08:32,7,26,4,25.8,N,FALSE,null,Overcast,,KES 223,2.9
TRP01925,2025-01-23,Thursday,No,Evening Peak (4-7pm),18:00,18:04,2,50,6,4.3,True,false,Overloaded (>100%),Overcast,None,117,
TRP02894,10/07/2025,  Thursday  ,False,Midday (9am-4pm),09:34,10:00,7,59,10,26.8,N,No,Full (80-100%),Clear,Vehicle Breakdown,150,3.8
TRP03281,2025-06-15,Sunday,yes,Midday (9am-4pm),09:11,09:15,1,39,8,4.7,True,No,Low (<50%),Clear,Traffic Jam,100,
TRP02108,2025-05-03,Saturday,Yes,Morning Peak (7-9am),08:47,08:46,11,102,7,-1.0,True,No,Moderate (50-80%),Overcast,Overloading Delay,155,3.7
TRP01335,30/05/2025,Friday,N,Midday (9am-4pm),15:32,15:30,4,84,4,-1.3,1,false,Full (80-100%),Light Rain,None,97,3.6
TRP02454,2025-05-23,Friday,FALSE,Midday (9am-4pm),15:19,15:32,11,74,9,13.8,No,No,Moderate (50-80%),Light Rain,Traffic Jam,140,2.1
TRP02119,2025-06-03,Tuesday,0,Morning Peak (7-9am),07:07,07:14,2,50,11,7.1 min,0,FALSE,Full (80-100%),Clear,None,130,2.9
TRP01884,2025-03-17,Monday,N,Morning Peak (7-9am),08:20,08:33,1,111,1,13.4,N,False,low (<50%),Clear,Police Checkpoint,150,3.9
TRP01751,2025-01-31,Friday,False,Early Morning (5-7am),05:29,05:31,2,42,1,2.2,Y,0,Moderate (50-80%),Clear,Road Construction,90,3.4
TRP02463,2025-01-11,Saturday,true,evening peak (4-7pm),17:45,17:47,4,46,2,2.1,Yes,false,Full (80-100%),Clear,Police Checkpoint,116,4.0
TRP03035,2025-02-26,Wednesday,no,Early Morning (5-7am),05:10,05:11,8,52,11,1.4,Y,0,Low (<50%),Clear,None,KES 60,4.3
TRP01260,2025-04-04,Friday,N,Midday (9am-4pm),15:48,15:49,12,7,7,1.6,Y,0,Full (80-100%),Overcast,None,160,4.5
TRP02211,2025-04-13,Sunday,TRUE,Early Morning (5-7am),05:40,05:58,10,106,11,-71.4,false,0,Low (<50%),Clear,Road Accident Nearby,70,2.4
TRP01905,16-Jul-2025,Wednesday,N,morning peak (7-9am),08:36,08:57,11,56,4,21.9,No,no,,Heavy Rain,Police Checkpoint,188,2.8
TRP01187,2025-02-21,Friday,N,Midday (9am-4pm),13:59,13:58,4,2,6,-0.5,yes,False,Overloaded (>100%),Clear,Overloading Delay,80,4.6
TRP03038,2025-01-31,Friday,false,Early Morning (5-7am),05:43,05:45,9,34,3,2.8,True,FALSE,Full (80-100%),Clear,None,80,2.7
TRP02800,2025-03-13,Thursday,0,Morning Peak (7-9am),08:37,08:41,1,82,,4.1,true,0,Full (80-100%),Clear,None,118,3.4
TRP01083,2025-04-26,Saturday,True,Midday (9am-4pm),10:04,10:03,11,28,5,-0.4,True,FALSE,Full (80-100%),Clear,None,,4.2
TRP00873,2025-03-31,Monday,0,Early Morning (5-7am),05:24,05:24,10,100,3,0.9,1,0,Low (<50%),Overcast,None,70,4.8
TRP00664,2025-06-07,Saturday,TRUE,  Midday (9am-4pm)  ,15:13,15:08,7,117,,-5.0,TRUE,0,Moderate (50-80%),Clear,None,KES 150,4.7
TRP00594,2025-07-21,Monday,false,Early Morning (5-7am),05:28,05:25,10,92,4,-2.9,False,Yes,Moderate (50-80%),Light Rain,None,84,3.5
TRP01045,2025-01-03,Friday,FALSE,EVENING PEAK (4-7PM),17:18,17:42,6,107,1,24.2,False,N,Overloaded (>100%),Light Rain,Traffic Jam,187,2.7
TRP00356,2025-05-18,Sunday,true,Night (7-10pm),21:09,21:17,10,79,10,8.7,no,no,Full (80-100%),Light Rain,Traffic Jam,83,1.6
TRP00094,2025-02-07,Friday,N,EARLY MORNING (5-7AM),06:56,06:55,1,55,11,-79.4,yes,0,Low (<50%),light rain,None,111,4.2
TRP00686,2025-01-12,Sunday,Y,Midday (9am-4pm),10:48,10:48,7,53,10,0.7,Yes,0,Low (<50%),overcast,None,Ksh150,3.4
TRP00284,2025-08-16,Saturday,TRUE,Midday (9am-4pm),15:03,15:04,7,13,,1.3,Yes,false,Low (<50%),Overcast,None,150,4.0
TRP00700,2025-07-31,Thursday,0,Midday (9am-4pm),11:15,11:37,2,88,4,22.3,N,0,Low (<50%),Light Rain,Traffic Jam,97,2.4
TRP00083,2025-04-14,MONDAY,0,Evening Peak (4-7pm),17:09,17:17,8,108,2,8.9,false,N,Overloaded (>100%),Clear,Police Checkpoint,88,2.8
TRP00802,2025-06-09,Monday,N,Midday (9am-4pm),13:59,14:13,10,1,3,14.2,false,False,Moderate (50-80%),Heavy Rain,Road Accident Nearby,81,3.3
TRP00225,27/02/2025,Thursday,False,Midday (9am-4pm),12:18,12:21,3,17,11,3.6,1,N,Low (<50%),Clear,None,120,3.7
TRP01218,2025-04-01,Tuesday,N,Evening Peak (4-7pm),18:15,18:23,9,109,3,8.7,False,FALSE,Full (80-100%),Overcast,Road Construction,114,2.9
TRP01014,2025-08-08,Friday,False,Morning Peak (7-9am),07:43,08:13,2,86,6,30.9,no,False,,Clear,Vehicle Breakdown,125.00,2.1
TRP00419,2025-07-02,  Wednesday  ,no,Morning Peak (7-9am),08:07,08:20,1,4,6,13.9,false,N,Full (80-100%),Light Rain,Overloading Delay,175,1.1
TRP02145,2025-01-20,Monday,FALSE,Night (7-10pm),19:05,19:02,12,11,10,-2.6,True,no,Full (80-100%),Clear,None,160,3.4
TRP03470,2025-06-10,Tuesday,0,Evening Peak (4-7pm),18:04,18:32,5,26,2,28.3,False,false,  Low (<50%)  ,,Road Accident Nearby,108,2.5
TRP00961,25/04/2025,Friday,false,Morning Peak (7-9am),07:33,07:46,8,22,10,13.9,FALSE,False,Overloaded (>100%),Clear,Overloading Delay,77,1.4
TRP01987,2025-07-24,Thursday,N,Early Morning (5-7am),06:23,06:27,1,5,7,4.3,1,False,Low (<50%),Light Rain,none,115,3.8
TRP00606,2025-03-25,Tuesday,False,Night (7-10pm),19:27,19:29,9,86,1,2.6,yes,False,Low (<50%),Clear,Road Construction,80,6.8
TRP00585,2025-08-09,Saturday,Y,Evening Peak (4-7pm),18:54,18:56,3,50,7,2.0,True,False,Moderate (50-80%),Clear,None,154,2.8
TRP01120,2025-03-16,Sunday,Yes,Morning Peak (7-9am),08:18,08:31,2,27,10,13.6,no,FALSE,Moderate (50-80%),Light Rain,Police Checkpoint,171,
TRP01137,2025-04-22,Tuesday,False,Morning Peak (7-9am),07:14,07:43,9,41,3,29.9,False,FALSE,Full (80-100%),Clear,Vehicle Breakdown,124,2.5
TRP00796,2025-07-30,Wednesday,False,Morning Peak (7-9am),08:25,08:31,9,26,6,6.2,False,False,Overloaded (>100%),clear,None,119,1.3
TRP01151,2025-03-07,Friday,FALSE,Evening Peak (4-7pm),16:45,16:56,11,54,6,11.4,0,N,Full (80-100%),Clear,Road Construction,167,2.9
TRP00683,2025-01-16,Thursday,False,Early Morning (5-7am),05:56,06:09,12,99,2,13.3,0,False,Moderate (50-80%),Clear,Road Accident Nearby,160,2.4
TRP01706,2025-05-23,Friday,no,Morning Peak (7-9am),08:50,08:53,2,105,5,3.5,yes,No,Overloaded (>100%),Overcast,None,132,3.8
TRP02818,2025-08-20,Wednesday,No,Early Morning (5-7am),05:17,05:11,10,12,6,-6.0,FALSE,0,,Clear,None,70,2.7
TRP02537,2025-07-09,Wednesday,No,Evening Peak (4-7pm),16:15,16:20,7,14,8,5.2,N,FALSE,N/A,light rain,None,199,6.8
TRP03227,2025-02-22,Saturday,Yes,Evening Peak (4-7pm),16:37,16:37,9,47,5,0.0,true,False,Low (<50%),Overcast,Road Construction,119,2.9
TRP02105,2025-06-04,Wednesday,0,Midday (9am-4pm),13:09,13:03,10,90,9,-5.1,No,false,Moderate (50-80%),Clear,None,70,1.8
TRP02220,2025-06-09,Monday,false,Midday (9am-4pm),15:07,15:06,3,61,3,-0.7,True,0,Moderate (50-80%),Clear,None,,4.4
TRP00124,04/07/2025,Friday,No,evening peak (4-7pm),18:46,18:53,8,4,,7.9,FALSE,N,Moderate (50-80%),Light Rain,Police Checkpoint,101,
TRP01103,2025-06-24,Tuesday,false,Early Morning (5-7am),05:30,05:37,9,68,7,7.6,False,False,Moderate (50-80%),Overcast,Police Checkpoint,Ksh80,
TRP00821,2025-08-07,Thursday,False,Night (7-10pm),20:44,20:39,5,10,5,-4.2,Yes,N,Full (80-100%),Clear,None,70.00,6.2
TRP02772,2025-06-04,Wednesday,N,Midday (9am-4pm),14:58,15:16,12,84,8,18.9 min,No,No,Low (<50%),Overcast,Road Accident Nearby,160,3.3
TRP03401,2025-07-30,Wednesday,no,Early Morning (5-7am),06:24,06:25,8,65,10,1.1,1,False,moderate (50-80%),Light Rain,None,63,3.2
TRP00500,2025-06-12,Thursday,N,Midday (9am-4pm),15:15,15:21,10,101,4,6.2,false,False,Moderate (50-80%),Clear,Police Checkpoint,70,
TRP02417,2025-02-13,Thursday,False,Evening Peak (4-7pm),17:12,17:16,5,44,11,4.5,yes,N,Full (80-100%),Clear,None,Ksh111,5.0
TRP01771,2025-03-10,Monday,no,Early Morning (5-7am),05:07,05:04,4,32,7,-2.8,True,FALSE,Full (80-100%),Clear,Overloading Delay,80,5.0
TRP00959,2025-06-04,Wednesday,False,morning peak (7-9am),08:08,08:14,7,89,4,6.3,False,False,Overloaded (>100%),Clear,None,208,1.7
TRP01698,2025-03-23,Sunday,true,Midday (9am-4pm),13:39,13:39,10,23,1,0.3,true,No,MODERATE (50-80%),Clear,none,70,3.7
TRP02729,2025-04-08,Tuesday,false,Early Morning (5-7am),06:11,06:29,4,102,10,18.2,no,False,Moderate (50-80%),Clear,Road Accident Nearby,80,3.7
TRP00857,2025-01-13,Monday,False,Evening Peak (4-7pm),18:03,18:26,9,14,3,23.9,0,false,Low (<50%),  Clear  ,Vehicle Breakdown,113,2.1
TRP01509,2025-07-03,Thursday,FALSE,Evening Peak (4-7pm),16:25,16:33,1,15,5,8.5,no,False,Overloaded (>100%),clear,Road Construction,149,1.5
TRP02621,19/05/2025,Monday,0,Morning Peak (7-9am),07:17,07:34,7,65,,17.9,false,0,Low (<50%),Clear,Road Accident Nearby,192,1.5
TRP02615,2025-07-04,Friday,no,Midday (9am-4pm),15:49,16:03,6,99,5,14.9,False,No,Full (80-100%),Heavy Rain,Road Accident Nearby,119,
TRP00975,2025-07-30,Wednesday,no,Midday (9am-4pm),13:57,14:22,11,35,7,25.8,FALSE,False,Moderate (50-80%),Light Rain,Road Accident Nearby,128,
TRP02957,2025-01-06,Monday,N,  Early Morning (5-7am)  ,05:06,05:34,1,81,1,28.9,N,0,Moderate (50-80%),Clear,Vehicle Breakdown,100,2.4
TRP02031,25/03/2025,Tuesday,False,Midday (9am-4pm),10:51,10:48,11,13,5,-2.3,True,no,Moderate (50-80%),OVERCAST,None,110,3.5
TRP01316,2025-05-25,Sunday,Yes,Early Morning (5-7am),05:00,04:58,4,4,7,-1.3,True,0,Moderate (50-80%),Overcast,None,80,
TRP03323,2025-04-30,wednesday,No,Morning Peak (7-9am),07:43,07:53,5,41,3,10.3,N,false,Overloaded (>100%),Overcast,Overloading Delay,101,2.5
TRP01629,2025-05-01,Thursday,No,EVENING PEAK (4-7PM),17:28,17:32,4,49,11,4.3,True,False,Full (80-100%),Clear,None,90,2.4
TRP00145,2025-06-02,Monday,0,Morning Peak (7-9am),08:29,08:51,11,11,6,22.2,false,no,Overloaded (>100%),Clear,Road Accident Nearby,154,2.5
TRP02379,2025-08-26,Tuesday,N,Morning Peak (7-9am),08:31,08:43,1,95,11,12.8,no,0,  Full (80-100%)  ,Clear,Road Accident Nearby,127,4.0
TRP00977,12-Mar-2025,Wednesday,False,Evening Peak (4-7pm),17:52,18:04,1,53,5,12.3,FALSE,N,Overloaded (>100%),Light Rain,None,189,1.7
TRP00647,2025-07-03,Thursday,N,Evening Peak (4-7pm),18:41,19:05,7,37,8,24.8 min,FALSE,No,Moderate (50-80%),Heavy Rain,Road Construction,199,3.2
TRP01424,2025-06-23,Monday,N,Morning Peak (7-9am),07:09,07:27,10,103,8,18.6,no,No,Moderate (50-80%),Clear,Road Construction,106,2.6
TRP01284,2025-04-16,Wednesday,no,Midday (9am-4pm),09:05,09:06,11,19,11,1.8,1,0,Low (<50%),Clear,Police Checkpoint,,4.1
TRP00409,2025-01-19,Sunday,True,Early Morning (5-7am),05:19,05:19,6,29,11,0.5,Yes,False,Low (<50%),Clear,Overloading Delay,100,5.0
TRP03111,2025-04-09,Wednesday,No,evening peak (4-7pm),18:01,18:05,2,101,6,4.2,Y,false,Full (80-100%),Light Rain,  None  ,124,3.9
TRP01285,2025-08-16,Saturday,Y,Midday (9am-4pm),10:31,10:26,8,110,9,-4.6,FALSE,Yes,Low (<50%),CLEAR,None,60,3.2
TRP02744,2025-06-05,Thursday,False,Evening Peak (4-7pm),16:07,16:18,5,19,9,11.7,0,false,Full (80-100%),Clear,OVERLOADING DELAY,93,
TRP01376,2025-04-06,Sunday,TRUE,Midday (9am-4pm),10:45,10:39,4,19,2,-6.0,No,No,Full (80-100%),NA,None,80,2.9
TRP01539,06-May-2025,Tuesday,N,Evening Peak (4-7pm),17:03,17:05,1,119,1,2.9,TRUE,no,Full (80-100%),Clear,None,154,
TRP02156,2025-03-12,Wednesday,False,Midday (9am-4pm),14:13,14:19,11,74,2,6.8,False,false,Full (80-100%),Light Rain,None,132,3.6
TRP02631,2025-06-08,Sunday,yes,Night (7-10pm),21:50,21:45,5,57,1,-5.0,True,FALSE,Full (80-100%),Clear,None,70,2.5
TRP02623,2025-06-01,Sunday,True,Morning Peak (7-9am),08:17,08:16,10,73,9,-0.5,True,false,Moderate (50-80%),Clear,  None  ,96,4.2
TRP00790,2025-01-17,Friday,N,Midday (9am-4pm),09:41,09:45,4,35,10,4.6,1,No,Full (80-100%),Clear,None,80,5.0
TRP03496,2025-04-12,Saturday,yes,Morning Peak (7-9am),07:41,07:48,12,67,8,7.5,False,false,Moderate (50-80%),CLEAR,,200,2.2
TRP01252,2025-04-09,Wednesday,False,Midday (9am-4pm),12:56,12:58,5,21,9,2.7,yes,N,Low (<50%),Clear,None,70,
TRP00444,2025-07-13,Sunday,yes,Morning Peak (7-9am),08:28,08:40,11,116,5,12.1,no,N,Full (80-100%),Heavy Rain,Police Checkpoint,176,
TRP00397,2025-05-29,Thursday,no,Early Morning (5-7am),06:41,06:43,12,32,9,2.0,yes,N,Low (<50%),Clear,Overloading Delay,160,4.4
TRP01741,2025-07-24,Thursday,0,Midday (9am-4pm),11:06,11:20,8,98,8,14.8,false,N,Low (<50%),Heavy Rain,None,69,3.2
TRP00429,2025-04-05,SATURDAY,True,Morning Peak (7-9am),07:05,07:01,2,64,3,-3.6,TRUE,FALSE,Low (<50%),Clear,None,134,
TRP03264,2025-03-08,Saturday,yes,Evening Peak (4-7pm),17:27,17:39,10,35,6,12.2,no,0,Moderate (50-80%),clear,Road Construction,81,3.8
TRP02704,05-02-2025,friday,no,  Midday (9am-4pm)  ,15:20,15:22,9,38,9,2.8,True,FALSE,Full (80-100%),Clear,None,80,3.5
TRP00076,2025-07-17,Thursday,false,Midday (9am-4pm),13:40,13:37,8,21,9,-2.7,1,no,Low (<50%),Overcast,None,60,
TRP01146,2025-01-07,Tuesday,no,Morning Peak (7-9am),07:13,07:24,10,82,1,11.8,N,No,Overloaded (>100%),Clear,Traffic Jam,95,
TRP03367,2025-01-28,Tuesday,No,Night (7-10pm),19:41,19:42,9,50,7,1.0,Yes,No,Moderate (50-80%),Clear,None,80,3.6
TRP03100,2025-05-22,Thursday,0,Midday (9am-4pm),13:06,13:00,5,18,5,-6.0,False,No,Full (80-100%),Clear,Police Checkpoint,70,2.8
TRP01305,2025-02-07,Friday,0,Midday (9am-4pm),09:29,09:34,9,110,,5.3,False,No,Overloaded (>100%),Clear,Traffic Jam,80,2.5
TRP01756,07-26-2025,Saturday,true,Midday (9am-4pm),11:01,11:02,4,1,,1.4,yes,FALSE,Full (80-100%),Clear,None,80,3.8
TRP02895,2025-03-23,Sunday,TRUE,Early Morning (5-7am),06:05,06:10,10,33,7,5.0,Yes,false,Low (<50%),heavy rain,None,83,3.1
TRP01288,2025-05-02,Friday,False,Morning Peak (7-9am),08:10,08:37,3,87,3,27.2,N,FALSE,Full (80-100%),,Road Accident Nearby,187,1.9
TRP00580,2025-08-16,Saturday,Y,Early Morning (5-7am),06:14,06:10,7,61,8,-3.5,1,no,Overloaded (>100%),Clear,None,150,3.1
TRP00710,2025-08-04,Monday,0,Morning Peak (7-9am),07:11,07:19,9,34,6,8.5,0,false,Moderate (50-80%),  Clear  ,None,110,
TRP01976,2025-07-16,Wednesday,no,Midday (9am-4pm),14:31,14:25,11,120,11,-5.5,N,no,  Moderate (50-80%)  ,Overcast,None,110,3.0
TRP01932,2025-01-13,Monday,False,Midday (9am-4pm),15:58,15:58,1,90,11,0.4,Yes,false,  999  ,Light Rain,None,112,4.4
TRP02303,2025-03-31,Monday,no,Morning Peak (7-9am),07:05,07:24,5,77,1,19.2,FALSE,N,Low (<50%),Clear,Road Construction,84,3.0
TRP00204,2025-08-09,Saturday,TRUE,Early Morning (5-7am),06:47,06:42,3,118,6,-4.7,Yes,N,Full (80-100%),  Clear  ,None,120,4.5
TRP03425,2025-05-19,Monday,N,Evening Peak (4-7pm),18:12,18:17,1,77,8,5.5,FALSE,FALSE,Moderate (50-80%),Clear,None,156,1.9
TRP00179,2025-05-03,Saturday,True,Midday (9am-4pm),11:25,11:21,2,50,7,-4.0,yes,False,Full (80-100%),Clear,  None  ,90,4.3
TRP00984,2025-01-03,Friday,FALSE,Morning Peak (7-9am),07:30,07:35,12,37,,5.7,False,false,,Clear,none,220,3.2
TRP03478,2025-03-14,Friday,N,Midday (9am-4pm),11:17,11:24,11,75,2,7.7,no,N,Low (<50%),Clear,Road Construction,110,2.4
TRP02278,2025-03-01,Saturday,True,Evening Peak (4-7pm),16:02,16:06,3,52,2,4.7 min,true,N,Low (<50%),Clear,None,179,4.1
TRP02126,2025-01-01,Wednesday,false,Night (7-10pm),20:25,20:29,6,82,2,4.5,True,False,Moderate (50-80%),Clear,Road Construction,100,4.1
TRP01290,2025-06-11,Wednesday,False,Morning Peak (7-9am),07:16,07:28,4,89,6,12.7,False,no,Moderate (50-80%),Light Rain,Traffic Jam,,3.3
TRP01543,2025-03-01,saturday,Yes,Evening Peak (4-7pm),16:17,16:33,6,39,8,16.6,0,false,Low (<50%),Clear,Traffic Jam,131,2.9
TRP01219,2025-07-29,Tuesday,False,Night (7-10pm),20:27,20:40,11,5,6,13.9,False,0,Low (<50%),-,Traffic Jam,110,2.4
TRP02348,2025-04-08,Tuesday,0,Night (7-10pm),19:43,19:50,9,65,2,7.5,False,false,Full (80-100%),Clear,Traffic Jam,80,1.3
TRP01983,2025-01-30,Thursday,No,Evening Peak (4-7pm),17:12,17:21,12,118,11,9.0,False,False,Moderate (50-80%),Clear,  Traffic Jam  ,208,2.4
TRP01332,2025-05-19,Monday,N,Night (7-10pm),21:41,21:50,7,68,6,9.8,FALSE,FALSE,Overloaded (>100%),Light Rain,Vehicle Breakdown,181,
TRP01939,2025-03-01,Saturday,true,Night (7-10pm),20:57,21:00,9,47,10,3.1,1,no,Full (80-100%),Clear,NONE,80,5.0
TRP02906,2025-02-16,SUNDAY,1,MIDDAY (9AM-4PM),10:26,10:34,10,55,10,8.7,false,false,Low (<50%),Clear,Traffic Jam,KES 70,1.7
TRP01140,2025-06-27,Friday,False,Night (7-10pm),21:39,22:06,12,83,5,27.9,no,False,Moderate (50-80%),NA,Vehicle Breakdown,160,2.8
TRP00855,2025-08-15,Friday,N,Midday (9am-4pm),09:11,09:18,7,88,4,7.0,0,FALSE,Moderate (50-80%),Clear,Police Checkpoint,150,3.1
TRP00558,2025-05-16,Friday,false,Morning Peak (7-9am),07:49,08:08,1,54,8,19.4,FALSE,no,Full (80-100%),CLEAR,vehicle breakdown,152,2.3
TRP01928,2025-05-26,Monday,False,Early Morning (5-7am),05:15,05:10,4,6,5,-4.3,1,False,Low (<50%),Clear,None,80,4.5
TRP03247,2025-05-24,Saturday,Yes,Midday (9am-4pm),12:14,12:24,10,39,3,10.9,no,N,Moderate (50-80%),Clear,Road Construction,70,3.5
TRP01327,2025-06-13,Friday,no,Midday (9am-4pm),13:51,13:48,1,43,4,-2.2,True,no,Low (<50%),Clear,,100,3.9
TRP00851,2025-06-07,  Saturday  ,1,Evening Peak (4-7pm),17:36,17:37,12,95,3,1.1,TRUE,0,Overloaded (>100%),Clear,None,,4.9
TRP00722,2025-03-16,Sunday,yes,morning peak (7-9am),08:49,09:02,5,69,8,13.6,0,0,Full (80-100%),Light Rain,None,120,1.2
TRP02309,26/06/2025,Thursday,No,Evening Peak (4-7pm),17:53,18:25,1,13,7,32.8,N,False,Full (80-100%),Clear,Vehicle Breakdown,111,1.9
TRP01723,2025-08-07,Thursday,N,Night (7-10pm),20:00,20:03,6,101,8,3.8,Y,false,low (<50%),Clear,Police Checkpoint,100,4.3
TRP03272,2025-06-15,Sunday,1,Midday (9am-4pm),12:01,12:20,4,48,6,19.6,No,False,Low (<50%),Clear,Vehicle Breakdown,80.00,1.2
TRP00747,2025-03-10,Monday,FALSE,Night (7-10pm),21:24,21:25,11,73,7,1.7,1,False,,Clear,Overloading Delay,110,2.3
TRP02009,2025-03-17,  Monday  ,N,Morning Peak (7-9am),08:51,08:56,12,90,6,5.6,False,No,MODERATE (50-80%),Clear,NONE,249,2.1
TRP02438,2025-07-23,Wednesday,FALSE,Evening Peak (4-7pm),16:04,16:11,2,116,11,7.4,False,no,Low (<50%),Clear,none,126,2.0
TRP00508,2025-02-26,Wednesday,false,Evening Peak (4-7pm),17:59,18:08,4,74,8,9.2,no,0,Full (80-100%),Clear,OVERLOADING DELAY,119,2.6
TRP00812,2025-04-16,Wednesday,FALSE,Midday (9am-4pm),13:49,14:00,12,85,10,11.6,False,0,Moderate (50-80%),Clear,Road Construction,160,3.0
TRP01582,2025-01-31,Friday,FALSE,Evening Peak (4-7pm),17:13,17:18,11,6,1,5.7,false,No,LOW (<50%),Overcast,None,139,3.6
TRP01337,2025-03-14,Friday,false,Midday (9am-4pm),10:32,10:40,10,23,4,8.1,false,N,Moderate (50-80%),Heavy Rain,None,87,1.7
TRP02560,2025-07-01,Tuesday,No,Early Morning (5-7am),06:37,06:36,7,79,,-0.9,True,0,Moderate (50-80%),Clear,Police Checkpoint,150,2.8
TRP00460,2025-07-25,Friday,0,Evening Peak (4-7pm),16:04,16:10,1,115,3,6.2,No,No,Moderate (50-80%),Clear,None,153,3.4
TRP00633,2025-05-17,Saturday,Y,Midday (9am-4pm),09:42,09:56,6,62,10,14.1,false,no,Low (<50%),Clear,Traffic Jam,100,
TRP00811,2025-06-09,Monday,0,Evening Peak (4-7pm),18:03,18:12,12,71,10,9.8,0,False,Overloaded (>100%),Overcast,NONE,201,3.9
TRP00462,2025-06-30,Monday,False,Midday (9am-4pm),09:43,10:02,12,36,3,19.7 min,False,0,Full (80-100%),Heavy Rain,None,205,6.0
TRP00581,2025-07-11,Friday,false,Midday (9am-4pm),11:35,11:36,5,63,11,-96.3,true,N,Low (<50%),Clear,None,70,3.5
TRP00692,2025-01-26,Sunday,TRUE,Evening Peak (4-7pm),17:35,17:36,6,5,3,1.3,TRUE,false,Overloaded (>100%),Clear,None,116,7.4
TRP01737,2025-08-22,Friday,False,Midday (9am-4pm),15:16,15:22,10,70,10,6.6,False,N,Full (80-100%),HEAVY RAIN,None,73,3.0
TRP00358,2025/05/25,Sunday,True,morning peak (7-9am),08:11,08:20,8,21,4,9.9,No,No,Moderate (50-80%),Clear,Road Construction,KES 68,1.6
TRP01791,2025-06-21,Saturday,True,Midday (9am-4pm),11:04,11:09,4,30,10,5.2,False,False,Moderate (50-80%),Clear,Overloading Delay,80,2.4
TRP02066,2025-04-02,  Wednesday  ,False,Midday (9am-4pm),11:10,11:15,1,5,11,5.0,Y,False,Moderate (50-80%),Clear,Police Checkpoint,100,
TRP00554,2025-02-25,Tuesday,0,  Midday (9am-4pm)  ,14:21,14:33,5,92,10,12.4,false,FALSE,Low (<50%),CLEAR,Traffic Jam,70,2.6
TRP00586,2025-08-08,Friday,N,evening peak (4-7pm),17:17,17:13,1,10,1,-3.7,True,false,Moderate (50-80%),Clear,None,139,3.7
TRP00677,2025-01-19,SUNDAY,yes,Midday (9am-4pm),12:16,12:22,1,114,3,6.6,0,No,Overloaded (>100%),Clear,Police Checkpoint,100,1.4
TRP01250,2025-05-24,Saturday,Y,Evening Peak (4-7pm),16:37,16:44,3,66,3,7.2,N,false,Overloaded (>100%),Clear,None,150,2.8
TRP01739,2025-01-04,Saturday,True,Evening Peak (4-7pm),17:51,18:02,3,42,1,11.3,False,0,Full (80-100%),Light Rain,None,183,3.0
TRP00706,2025-01-26,Sunday,Y,Evening Peak (4-7pm),17:23,17:24,5,98,9,1.6,False,1,Full (80-100%),Overcast,none,91,2.4
TRP02681,2025-04-07,Monday,0,Morning Peak (7-9am),07:13,07:22,1,75,10,9.4,no,No,Moderate (50-80%),Clear,  None  ,,1.0
TRP00687,2025-05-17,Saturday,Yes,Morning Peak (7-9am),07:29,07:29,9,54,2,0.3,0,yes,Full (80-100%),,Overloading Delay,Ksh126,2.6
TRP02655,2025-02-27,Thursday,N,Midday (9am-4pm),12:31,12:38,9,6,4,7.3,False,false,Moderate (50-80%),Clear,Vehicle Breakdown,80,
TRP00672,2025-01-20,Monday,N,Midday (9am-4pm),14:16,14:19,5,10,1,3.6,Yes,FALSE,Overloaded (>100%),Clear,None,70,1.9
TRP03091,2025-03-11,tuesday,FALSE,EVENING PEAK (4-7PM),17:43,17:53,8,89,1,10.2,false,0,Full (80-100%),Clear,None,77,2.9
TRP01501,2025-04-05,Saturday,yes,Midday (9am-4pm),09:27,09:26,2,66,11,-0.9,True,0,Moderate (50-80%),CLEAR,Police Checkpoint,155,2.5
TRP01532,2025-05-17,Saturday,true,Midday (9am-4pm),10:46,10:42,3,67,7,-3.8,True,False,Full (80-100%),Clear,Overloading Delay,Ksh120,3.8
TRP02207,2025-04-02,Wednesday,FALSE,Morning Peak (7-9am),07:37,07:48,11,63,1,11.9,False,no,Moderate (50-80%),Clear,Road Accident Nearby,147,3.7
TRP03327,2025-01-20,Monday,0,Morning Peak (7-9am),07:31,08:00,11,64,10,29.1,No,N,Low (<50%),Clear,Vehicle Breakdown,146,2.1
TRP02700,2025-04-20,Sunday,1,Midday (9am-4pm),09:09,09:12,12,86,1,3.1,Y,0,  Moderate (50-80%)  ,CLEAR,Road Construction,160,3.3
TRP02730,2025-05-07,Wednesday,false,Midday (9am-4pm),13:43,13:58,9,101,8,15.2,0,FALSE,Low (<50%),Clear,Road Accident Nearby,80,2.3
TRP01165,05/06/2025,Thursday,FALSE,evening peak (4-7pm),17:24,17:24,3,92,2,-0.0,Y,N,Full (80-100%),,None,156,3.4
TRP02474,2025-04-30,Wednesday,N,Morning Peak (7-9am),08:48,09:16,6,21,10,28.3,False,False,Low (<50%),Clear,Road Accident Nearby,126,1.0
TRP02082,2025-07-22,tuesday,FALSE,Morning Peak (7-9am),07:10,07:23,5,31,3,13.7,FALSE,False,Overloaded (>100%),Clear,None,89,1.4
TRP00525,2025-03-15,Saturday,TRUE,Night (7-10pm),20:15,20:12,2,90,6,-2.9 min,True,0,Full (80-100%),CLEAR,None,90,4.5
TRP01292,2025-05-05,Monday,FALSE,Midday (9am-4pm),09:26,09:41,4,119,4,15.4,False,FALSE,Full (80-100%),Heavy Rain,None,92,3.7
TRP02738,2025-03-05,Wednesday,No,Evening Peak (4-7pm),16:48,16:59,6,79,5,11.4,FALSE,0,Low (<50%),Clear,Police Checkpoint,119,1.7
TRP00390,2025-04-24,Thursday,FALSE,Evening Peak (4-7pm),17:37,17:53,10,94,7,16.2,False,FALSE,Full (80-100%),Clear,Road Accident Nearby,90,2.4
TRP02834,11/03/2025,Tuesday,No,Early Morning (5-7am),06:00,06:13,10,87,10,13.9,0,False,Full (80-100%),Light Rain,  Traffic Jam  ,90,1.0
TRP00056,2025-03-04,Tuesday,no,Evening Peak (4-7pm),16:40,16:46,8,80,6,6.8,FALSE,0,Moderate (50-80%),Clear,None,88,
TRP02523,2025-05-12,Monday,False,Morning Peak (7-9am),07:37,07:38,2,117,1,1.8,yes,No,Moderate (50-80%),,None,124,3.3
TRP01926,2025-05-10,SATURDAY,TRUE,Midday (9am-4pm),14:56,15:00,7,119,2,4.2,True,False,Moderate (50-80%),,NONE,150,5.0
TRP02723,2025-02-09,Sunday,TRUE,Midday (9am-4pm),10:11,10:24,7,1,4,13.3,0,false,,Clear,Traffic Jam,150,3.9
TRP00880,2025-02-05,Wednesday,False,Early Morning (5-7am),05:14,05:17,12,19,11,3.0,Yes,No,Moderate (50-80%),Overcast,Police Checkpoint,160,4.4
TRP01133,2025-04-01,tuesday,False,Early Morning (5-7am),06:57,06:56,8,88,2,-1.0,TRUE,False,Moderate (50-80%),Light Rain,None,64,4.9
TRP02124,2025-08-10,Sunday,yes,Evening Peak (4-7pm),17:48,17:51,3,118,5,3.1,yes,0,Moderate (50-80%),Clear,none,172,3.6
TRP01051,2025-02-21,Friday,False,Evening Peak (4-7pm),16:40,17:05,5,73,2,25.6,N,FALSE,Full (80-100%),Clear,Vehicle Breakdown,93,3.3
TRP00020,2025-03-15,Saturday,True,Evening Peak (4-7pm),16:58,17:10,4,4,1,12.1,false,False,MODERATE (50-80%),Light Rain,Police Checkpoint,132,2.3
TRP03308,2025/06/29,sunday,true,midday (9am-4pm),11:25,11:24,5,77,10,-0.9,TRUE,FALSE,N/A,Clear,Road Construction,70,5.4
TRP01796,2025-05-23,Friday,false,Morning Peak (7-9am),08:45,08:53,7,55,9,8.0,False,Yes,LOW (<50%),Clear,Road Accident Nearby,227,2.5
TRP01466,2025-02-03,Monday,FALSE,Evening Peak (4-7pm),17:07,17:17,7,73,8,10.8,FALSE,0,Full (80-100%),Clear,Police Checkpoint,195,2.9
TRP01486,08-Aug-2025,Friday,No,Midday (9am-4pm),09:51,10:00,12,20,5,9.7,False,false,Low (<50%),Clear,Police Checkpoint,160,3.9
TRP01844,2025-05-22,Thursday,FALSE,Evening Peak (4-7pm),18:28,18:43,3,39,7,15.3,0,No,Low (<50%),Light Rain,None,153,2.6
TRP01794,04-29-2025,Tuesday,false,Morning Peak (7-9am),07:16,07:22,10,32,9,6.3 min,no,No,overloaded (>100%),Clear,None,84,3.2
TRP02864,2025-02-06,Thursday,N,Early Morning (5-7am),06:12,06:09,8,58,6,-2.6,TRUE,False,Moderate (50-80%),Light Rain,None,69,2.9
TRP01686,2025-05-06,Tuesday,0,Midday (9am-4pm),15:04,15:07,8,89,6,3.0,Y,0,Low (<50%),Clear,Overloading Delay,60,5.0
TRP01258,2025-08-18,Monday,False,Evening Peak (4-7pm),17:33,17:37,5,100,11,4.2,yes,FALSE,,Clear,None,107,3.1
TRP01776,2025-04-07,Monday,FALSE,EVENING PEAK (4-7PM),18:59,19:25,4,74,9,26.1,False,false,Full (80-100%),light rain,Road Accident Nearby,146,1.2
TRP02707,2025-05-11,Sunday,true,Morning Peak (7-9am),08:06,08:13,12,5,11,7.3,0,No,Full (80-100%),Clear,None,207,1.7
TRP02040,2025-01-06,Monday,No,Early Morning (5-7am),06:29,06:33,12,6,7,4.4 min,True,N,  Full (80-100%)  ,Light Rain,,184,5.0
TRP00506,2025-07-07,Monday,N,Morning Peak (7-9am),08:58,09:01,3,26,10,3.5,true,0,Moderate (50-80%),Clear,None,Ksh165,4.6
TRP03418,14-Jun-2025,Saturday,True,Midday (9am-4pm),10:40,10:36,5,34,7,-3.7,True,0,Low (<50%),Clear,None,70,3.6
TRP00146,2025-01-06,Monday,false,Morning Peak (7-9am),07:52,07:56,11,11,5,4.2,TRUE,N,,Clear,None,145,3.3
TRP01035,2025-07-21,Monday,no,Midday (9am-4pm),11:09,11:11,3,66,7,2.3,yes,no,Moderate (50-80%),  Clear  ,None,120,4.5
TRP02636,2025-02-01,Saturday,1,Early Morning (5-7am),05:21,05:43,6,93,2,22.7,FALSE,False,Moderate (50-80%),Light Rain,Vehicle Breakdown,123,2.3
TRP02913,2025-07-03,Thursday,FALSE,Midday (9am-4pm),09:48,09:43,9,96,1,-4.5,1,false,Low (<50%),Clear,,80,
TRP01568,2025-04-25,Friday,N,Midday (9am-4pm),11:27,11:24,11,98,11,-2.1,TRUE,FALSE,Low (<50%),Clear,None,110,4.4
TRP02499,2025-03-02,Sunday,Y,Midday (9am-4pm),12:25,12:20,3,8,8,-4.5,True,No,Moderate (50-80%),Overcast,None,120,
TRP00438,2025-01-08,Wednesday,FALSE,Early Morning (5-7am),05:26,05:29,10,82,9,3.7,TRUE,no,Moderate (50-80%),Overcast,None,KES 70,3.2
TRP02819,2025-03-23,Sunday,TRUE,Morning Peak (7-9am),08:48,08:54,1,16,1,6.8,No,No,FULL (80-100%),Clear,None,,1.9
TRP02332,2025-02-17,Monday,FALSE,Midday (9am-4pm),13:21,13:20,10,1,6,-0.4,TRUE,no,  Full (80-100%)  ,Clear,Overloading Delay,70,4.1
TRP01102,2025-06-26,Thursday,False,Morning Peak (7-9am),08:13,08:19,1,8,3,6.0,False,N,Low (<50%),Light Rain,  None  ,181,1.9
TRP03009,2025-06-08,Sunday,True,Evening Peak (4-7pm),16:29,16:33,9,33,10,4.7,True,no,Full (80-100%),Clear,None,118,2.9
TRP01425,2025-05-23,Friday,False,Morning Peak (7-9am),07:26,07:39,3,79,11,13.0,False,true,Low (<50%),Light Rain,Road Accident Nearby,211,3.0
TRP02904,2025-07-14,Monday,N,Midday (9am-4pm),10:12,10:28,12,78,5,16.1,No,False,Low (<50%),Clear,Road Accident Nearby,160,2.3
TRP01092,2025-07-23,Wednesday,No,Midday (9am-4pm),09:54,09:55,3,39,5,1.5,true,No,Full (80-100%),Clear,None,120,2.3
TRP02144,2025-03-11,Tuesday,FALSE,Evening Peak (4-7pm),18:55,19:12,12,54,2,17.9,N,N,Moderate (50-80%),Clear,  Road Accident Nearby  ,249,3.4
TRP00126,2025-08-13,Wednesday,False,Early Morning (5-7am),06:59,07:15,7,75,7,16.0,False,False,Full (80-100%),Clear,Vehicle Breakdown,150,2.0
TRP02122,2025-02-05,Wednesday,False,Morning Peak (7-9am),07:17,07:24,9,41,10,7.9,false,false,moderate (50-80%),Light Rain,Road Construction,133,2.0
TRP00516,2025-01-31,Friday,False,Morning Peak (7-9am),07:45,07:42,4,110,1,-2.8,1,No,Full (80-100%),CLEAR,None,104,3.3
TRP01301,2025-06-07,Saturday,True,Night (7-10pm),20:13,20:20,5,33,6,7.6,FALSE,No,Low (<50%),Heavy Rain,None,84,3.7
TRP00869,2025-08-27,Wednesday,0,Night (7-10pm),20:25,20:30,7,14,10,5.6,no,false,Low (<50%),Light Rain,None,161,3.2
TRP02717,2025-07-05,Saturday,1,Early Morning (5-7am),05:05,05:10,11,119,8,5.3,N,no,Moderate (50-80%),Light Rain,  Overloading Delay  ,KES 126,2.4
TRP02104,2025-04-01,  Tuesday  ,false,Midday (9am-4pm),12:48,13:01,11,17,2,13.9,no,N,Full (80-100%),Light Rain,Traffic Jam,123,2.2
TRP03466,2025-05-22,Thursday,no,Midday (9am-4pm),11:34,11:43,7,101,4,9.0,false,no,Moderate (50-80%),Clear,Road Construction,150,2.4
TRP02090,2025-04-02,Wednesday,False,Midday (9am-4pm),12:23,12:24,4,98,4,1.7,true,FALSE,Moderate (50-80%),Overcast,Police Checkpoint,80,
TRP01773,2025-03-07,Friday,No,Midday (9am-4pm),13:24,13:26,11,47,9,2.5,True,No,Full (80-100%),Clear,None,110,5.0
TRP03085,2025-06-07,  Saturday  ,True,Midday (9am-4pm),12:19,12:14,1,63,3,-4.4,N,true,Full (80-100%),Clear,None,100,2.6
TRP00543,2025-05-10,Saturday,1,Midday (9am-4pm),11:20,11:16,1,97,10,-3.7,Y,N,OVERLOADED (>100%),Overcast,none,100,3.1
TRP02412,2025-08-18,Monday,False,Midday (9am-4pm),11:58,12:08,7,87,1,10.2 min,False,0,N/A,Clear,Road Construction,150,4.0
TRP00228,2025-06-14,Saturday,true,Midday (9am-4pm),10:08,10:09,6,69,1,1.0,Y,No,Low (<50%),Overcast,Police Checkpoint,100,3.4
TRP02937,2025-02-06,Thursday,no,Morning Peak (7-9am),07:06,07:23,3,62,7,17.4,N,N,Overloaded (>100%),Overcast,road construction,189,2.1
TRP00603,04/08/2025,MONDAY,N,Midday (9am-4pm),10:56,10:57,11,110,7,1.5,true,N,Moderate (50-80%),Light Rain,None,119,3.0
TRP00392,2025-01-07,Tuesday,false,Morning Peak (7-9am),08:14,08:22,6,97,5,8.1,False,FALSE,Full (80-100%),,None,152,2.4
TRP00658,2025-02-16,sunday,True,Midday (9am-4pm),14:55,14:56,12,103,3,1.1,true,N,Low (<50%),Clear,,160,4.3
TRP00890,2025-06-01,SUNDAY,yes,Midday (9am-4pm),14:54,15:04,2,56,11,10.4,False,0,Full (80-100%),Clear,Vehicle Breakdown,90,3.2
TRP00422,2025-01-23,Thursday,false,Evening Peak (4-7pm),17:58,17:56,9,105,9,-1.4,Y,FALSE,FULL (80-100%),Clear,None,KES 88,4.4
TRP03248,13/02/2025,Thursday,FALSE,Evening Peak (4-7pm),18:03,17:58,8,29,9,-4.9,True,no,Overloaded (>100%),Clear,None,85,4.1
TRP01010,2025-08-16,  Saturday  ,Y,morning peak (7-9am),07:53,08:04,2,59,4,11.5 min,False,No,Full (80-100%),Clear,Vehicle Breakdown,131,1.1
TRP00413,2025-04-17,Thursday,0,Evening Peak (4-7pm),16:30,16:39,2,13,9,9.1,false,no,Overloaded (>100%),Clear,Traffic Jam,100,1.2
TRP03492,2025-02-20,THURSDAY,False,Midday (9am-4pm),15:37,15:37,1,83,1,0.0,Y,N,Moderate (50-80%),Clear,None,100.00,3.3
TRP01456,2025-03-15,Saturday,Yes,evening peak (4-7pm),16:25,16:28,5,88,1,3.6,True,0,Moderate (50-80%),Clear,None,107,4.3
TRP00082,2025-01-19,Sunday,TRUE,Evening Peak (4-7pm),17:49,17:54,3,96,3,5.3,false,false,Full (80-100%),Clear,None,148,
TRP00137,2025-01-12,  Sunday  ,Yes,Evening Peak (4-7pm),16:18,16:17,8,29,9,-0.2,true,0,Low (<50%),Clear,None,76,2.6
TRP03246,2025-03-24,Monday,FALSE,Morning Peak (7-9am),07:24,07:38,1,67,2,14.7,False,FALSE,Moderate (50-80%),LIGHT RAIN,Vehicle Breakdown,127,
TRP00752,2025-06-25,Wednesday,No,Midday (9am-4pm),13:22,13:34,12,49,10,12.6 min,N,0,N/A,HEAVY RAIN,None,KES 172,1.7
TRP02928,2025-08-24,Sunday,True,Morning Peak (7-9am),08:32,08:26,6,68,9,-5.1,no,N,Moderate (50-80%),Clear,None,132,3.6
TRP03312,2025-04-09,Wednesday,N,Midday (9am-4pm),12:59,13:03,8,72,6,4.3,Y,N,Full (80-100%),Clear,Police Checkpoint,60,4.9
TRP03200,2025-05-28,Wednesday,No,Evening Peak (4-7pm),18:52,18:58,1,49,4,6.5,N,N,Full (80-100%),Clear,None,KES 140,3.4
TRP00093,2025-06-23,Monday,FALSE,Midday (9am-4pm),15:36,15:47,9,71,,11.8,no,False,Moderate (50-80%),Heavy Rain,None,84,2.6
TRP02163,2025-08-28,Thursday,false,Morning Peak (7-9am),07:37,07:43,8,53,10,6.6,FALSE,false,Full (80-100%),Clear,None,83,1.2
TRP01907,2025-01-16,thursday,N,Early Morning (5-7am),06:06,06:15,6,67,3,9.6,0,False,FULL (80-100%),Light Rain,  Road Construction  ,124,2.9
TRP03119,2025-07-02,Wednesday,no,Evening Peak (4-7pm),17:20,17:30,12,70,11,10.4,False,false,  Low (<50%)  ,Clear,None,242,
TRP02771,2025-02-03,Monday,N,Early Morning (5-7am),05:58,06:12,10,38,2,14.6,0,FALSE,Full (80-100%),Heavy Rain,None,75,3.2
TRP00207,15/05/2025,thursday,FALSE,Evening Peak (4-7pm),17:17,17:26,8,62,4,9.4,no,False,Full (80-100%),Light Rain,None,95,1.5
TRP00324,02-18-2025,Tuesday,False,Morning Peak (7-9am),07:55,08:12,5,120,9,17.7,False,No,Full (80-100%),Heavy Rain,Police Checkpoint,94,2.8
TRP01095,07-22-2025,Tuesday,N,Evening Peak (4-7pm),16:52,17:13,7,48,2,21.5,No,False,Full (80-100%),Light Rain,Vehicle Breakdown,265,2.4
TRP01406,03-17-2025,Monday,no,Evening Peak (4-7pm),18:57,19:06,3,21,6,9.7,False,0,Moderate (50-80%),Light Rain,None,160,2.1
TRP02770,07/06/2025,Saturday,Y,Midday (9am-4pm),10:08,10:03,10,67,4,-4.4,yes,N,Full (80-100%),Clear,None,70,4.3
TRP01315,2025-01-15,Wednesday,no,Midday (9am-4pm),15:02,15:00,1,39,5,-1.2 min,True,No,Full (80-100%),clear,NONE,100,3.6
TRP02273,2025-06-27,Friday,N,Evening Peak (4-7pm),18:38,18:40,9,111,9,2.4,N,True,Moderate (50-80%),Clear,Overloading Delay,98,3.3
TRP00381,2025-08-07,Thursday,0,  Early Morning (5-7am)  ,06:39,06:49,8,106,7,10.7,No,False,Low (<50%),Light Rain,None,64,2.5
TRP03369,2025-07-09,Wednesday,False,Midday (9am-4pm),15:40,15:55,3,40,2,15.6,False,0,Moderate (50-80%),Clear,Road Accident Nearby,120,2.0
TRP00457,2025-01-22,Wednesday,False,Evening Peak (4-7pm),18:31,18:40,7,68,2,9.5,False,0,,Clear,Overloading Delay,212,1.2
TRP01763,2025-02-05,Wednesday,FALSE,Early Morning (5-7am),06:51,07:06,11,23,2,15.0,N,no,MODERATE (50-80%),Heavy Rain,Overloading Delay,115,2.8
TRP03093,2025-04-23,Wednesday,no,Morning Peak (7-9am),08:00,07:58,1,106,2,-1.6,true,False,Overloaded (>100%),Overcast,None,Ksh126,4.3
TRP02121,2025-06-02,Monday,False,midday (9am-4pm),15:55,15:57,8,33,7,2.1,true,FALSE,Low (<50%),Clear,None,,4.4
TRP00303,2025-02-15,Saturday,1,Midday (9am-4pm),14:54,14:48,10,94,7,-5.2,No,No,Low (<50%),Clear,None,70,1.2
TRP01389,2025-02-02,Sunday,Yes,Midday (9am-4pm),12:23,12:18,11,119,5,-4.8,no,Yes,Low (<50%),Clear,  None  ,KES 110,2.7
TRP00682,2025-02-23,Sunday,yes,Morning Peak (7-9am),08:58,09:17,6,91,4,19.9,no,False,Full (80-100%),Light Rain,Traffic Jam,117,2.2
TRP02324,2025-07-13,Sunday,True,Midday (9am-4pm),14:18,14:33,7,77,8,15.4,No,False,Moderate (50-80%),Clear,Vehicle Breakdown,Ksh150,2.6
TRP03221,2025-06-24,Tuesday,False,Evening Peak (4-7pm),17:23,17:31,10,119,11,8.3,no,no,n/a,Clear,Overloading Delay,105,3.4
TRP01381,2025-03-22,Saturday,1,Early Morning (5-7am),05:25,05:37,1,120,3,12.1,FALSE,FALSE,Low (<50%),Clear,Vehicle Breakdown,100,2.0
TRP01634,2025-06-12,thursday,No,Evening Peak (4-7pm),17:50,17:53,11,38,4,3.8,Yes,N,,Clear,None,145,3.4
TRP00926,2025-04-10,Thursday,False,Morning Peak (7-9am),08:51,09:05,9,36,11,14.1,false,no,full (80-100%),Clear,Police Checkpoint,93,2.7
TRP00904,2025-06-24,Tuesday,false,Night (7-10pm),21:59,22:11,8,60,6,12.6,No,FALSE,MODERATE (50-80%),Clear,Road Accident Nearby,60,1.8
TRP02233,2025-07-05,Saturday,1,Morning Peak (7-9am),07:45,07:49,12,20,1,4.3,TRUE,N,Overloaded (>100%),,Overloading Delay,241,4.9
TRP02356,2025-06-20,friday,False,Midday (9am-4pm),12:53,12:53,1,30,4,0.1,Y,N,Low (<50%),Clear,None,100,2.2
TRP00336,2025-07-05,Saturday,1,Midday (9am-4pm),10:37,10:31,1,58,3,-6.0,0,no,Full (80-100%),Clear,None,Ksh100,3.1
TRP00310,2025-07-25,Friday,no,Evening Peak (4-7pm),16:11,16:10,2,40,11,-0.3,True,N,Full (80-100%),Clear,NONE,129,5.0
TRP01607,2025-08-21,Thursday,FALSE,Morning Peak (7-9am),07:03,07:15,12,76,6,12.0,False,N,Moderate (50-80%),  Clear  ,Overloading Delay,250,2.9
TRP02361,2025-08-10,Sunday,true,Evening Peak (4-7pm),17:31,17:54,5,85,5,23.6,N,no,Overloaded (>100%),Light Rain,Road Accident Nearby,93,2.9
TRP01817,2025-03-21,Friday,false,Morning Peak (7-9am),07:54,08:12,6,74,11,18.5,0,0,Moderate (50-80%),Clear,Vehicle Breakdown,155,3.6
TRP02924,2025-08-05,Tuesday,False,Evening Peak (4-7pm),18:26,18:52,6,99,4,26.7,FALSE,No,overloaded (>100%),Clear,Vehicle Breakdown,159,3.1
TRP01587,2025-04-09,Wednesday,FALSE,Morning Peak (7-9am),07:08,07:22,7,71,2,14.4,false,false,Moderate (50-80%),Clear,Road Construction,Ksh171,2.3
TRP01612,2025-01-17,Friday,No,Night (7-10pm),19:32,19:29,2,74,7,-2.8,yes,FALSE,Low (<50%),,None,Ksh112,2.7
TRP01484,2025-06-02,Monday,no,Evening Peak (4-7pm),16:39,16:45,12,10,8,6.0,No,FALSE,Full (80-100%),Clear,None,244,3.2
TRP01922,2025-03-14,Friday,false,Morning Peak (7-9am),08:04,08:16,11,38,9,12.9,no,N,Overloaded (>100%),Heavy Rain,None,145,1.0
TRP03224,2025-03-23,Sunday,True,Evening Peak (4-7pm),17:46,17:56,3,22,11,10.6,False,no,Full (80-100%),Clear,None,157,3.3
TRP03435,2025-04-05,Saturday,yes,evening peak (4-7pm),17:04,16:58,5,40,,-6.0,0,false,Overloaded (>100%),Clear,Overloading Delay,82,1.7
TRP02899,2025-01-17,Friday,no,Morning Peak (7-9am),08:15,08:25,10,92,11,10.2,N,False,Moderate (50-80%),Light Rain,None,117,
TRP02161,2025-05-16,Friday,FALSE,Evening Peak (4-7pm),18:26,18:34,3,13,9,8.1,false,N,Moderate (50-80%),,None,143,1.4
TRP02866,2025-07-28,Monday,N,Morning Peak (7-9am),07:15,07:19,10,87,9,4.1,Yes,No,Full (80-100%),Clear,Police Checkpoint,90,10.0
TRP00217,2025-08-17,Sunday,TRUE,Midday (9am-4pm),14:11,14:10,5,116,6,-0.4,Y,No,Moderate (50-80%),Clear,Overloading Delay,70,2.8
TRP01520,2025-07-11,Friday,N,Morning Peak (7-9am),07:28,07:33,1,101,1,5.8,No,0,-,Clear,None,124,1.1
TRP02809,2025-02-18,Tuesday,N,Evening Peak (4-7pm),16:07,16:05,9,34,7,-1.7,Yes,0,Overloaded (>100%),Clear,None,,4.9
TRP00993,07-27-2025,sunday,true,Midday (9am-4pm),11:03,11:12,6,58,11,9.6,false,No,Low (<50%),Overcast,Road Construction,KES 100,1.7
TRP03450,2025-02-15,Saturday,Yes,Evening Peak (4-7pm),18:23,18:25,8,105,4,2.8,1,FALSE,Moderate (50-80%),Light Rain,None,86,3.9
TRP03243,2025-07-26,Saturday,yes,Midday (9am-4pm),11:51,11:51,10,70,9,0.9,yes,N,Low (<50%),Clear,Traffic Jam,70,2.6
TRP02374,2025-03-08,Saturday,True,  Midday (9am-4pm)  ,15:58,15:55,5,96,6,-2.5,yes,False,Moderate (50-80%),Clear,none,70,
TRP00607,2025-03-06,THURSDAY,false,Midday (9am-4pm),15:24,15:39,12,39,7,15.6,no,False,Moderate (50-80%),N/A,Traffic Jam,160,1.0
TRP03440,2025-07-03,Thursday,false,EVENING PEAK (4-7PM),16:11,16:30,3,40,5,19.4,FALSE,False,  Moderate (50-80%)  ,Heavy Rain,None,225,2.5
TRP00765,2025-06-25,Wednesday,no,Evening Peak (4-7pm),16:20,16:41,6,112,1,21.0,No,No,Full (80-100%),Heavy Rain,Road Construction,138,2.8
TRP01111,2025-06-18,Wednesday,N,Morning Peak (7-9am),07:03,07:08,10,96,9,5.7,No,False,Overloaded (>100%),Clear,None,91,2.7
TRP01975,2025-01-07,Tuesday,FALSE,Early Morning (5-7am),05:39,05:45,1,110,,6.3,False,False,Moderate (50-80%),NA,Road Construction,Ksh100,8.2
TRP00098,2025-05-06,Tuesday,N,Morning Peak (7-9am),08:23,08:36,3,11,9,13.4 min,FALSE,N,Low (<50%),Clear,  Traffic Jam  ,177,2.1
TRP02789,2025-01-03,Friday,FALSE,Morning Peak (7-9am),07:10,07:23,12,6,11,13.6,0,no,Moderate (50-80%),Clear,  None  ,181,
TRP02873,2025-08-04,Monday,0,Midday (9am-4pm),13:47,13:52,8,110,3,5.2,False,FALSE,Low (<50%),Clear,Road Accident Nearby,KES 60,2.1
TRP00273,2025-04-26,Saturday,true,MIDDAY (9AM-4PM),12:31,12:31,2,72,11,0.9,yes,False,Low (<50%),Clear,None,90,4.5
TRP01113,2025-05-27,Tuesday,False,Midday (9am-4pm),15:16,15:11,6,48,7,-4.8,true,False,Full (80-100%),Clear,None,,4.3
TRP01440,14/08/2025,Thursday,False,Midday (9am-4pm),09:31,09:35,10,70,10,4.9,yes,False,Full (80-100%),Light Rain,None,73,
TRP03168,2025-03-28,Friday,False,Morning Peak (7-9am),07:44,08:14,1,116,11,30.7,N,No,moderate (50-80%),Clear,Road Accident Nearby,156,3.1
TRP03026,2025-04-05,Saturday,Y,Evening Peak (4-7pm),16:46,17:13,11,88,7,27.8,no,no,FULL (80-100%),Clear,Vehicle Breakdown,175,3.0
TRP00352,2025-01-21,Tuesday,False,Early Morning (5-7am),06:53,07:11,7,101,11,18.3,false,FALSE,Full (80-100%),Overcast,Road Accident Nearby,150,1.8
TRP01821,2025-07-08,Tuesday,N,  Early Morning (5-7am)  ,06:06,06:11,7,119,4,5.2,N,N,Moderate (50-80%),Clear,Overloading Delay,150,3.5
TRP03332,2025-04-04,Friday,False,  Morning Peak (7-9am)  ,08:07,08:10,5,23,7,3.3,yes,0,Moderate (50-80%),Overcast,None,78,2.6
TRP03379,2025-03-22,Saturday,True,Evening Peak (4-7pm),17:36,17:39,12,100,2,3.9,yes,N,Full (80-100%),Light Rain,None,231,4.2
TRP02179,2025-04-01,  Tuesday  ,no,Midday (9am-4pm),09:20,09:19,10,111,3,-0.2,TRUE,False,Moderate (50-80%),Clear,  None  ,70,3.1
TRP00038,2025-03-08,Saturday,True,  Midday (9am-4pm)  ,13:17,13:23,10,54,8,6.9,False,False,FULL (80-100%),Clear,traffic jam,70,3.3
TRP03392,01-09-2025,Thursday,N,Evening Peak (4-7pm),18:54,19:06,4,95,1,12.0,false,No,Moderate (50-80%),Clear,None,109,2.4
TRP00173,2025-01-01,Wednesday,0,Morning Peak (7-9am),07:02,07:09,2,54,7,7.1,FALSE,No,Moderate (50-80%),Clear,None,108,2.7
TRP03316,2025-04-26,Saturday,TRUE,Evening Peak (4-7pm),17:42,18:02,12,81,6,20.1,0,false,Moderate (50-80%),Overcast,Road Accident Nearby,215,3.0
TRP01407,2025-01-25,Saturday,true,Midday (9am-4pm),11:20,11:17,7,82,10,-2.1,1,N,moderate (50-80%),Clear,None,150,4.8
TRP01495,2025-04-14,Monday,False,Morning Peak (7-9am),07:48,08:02,3,103,5,14.1,FALSE,0,Moderate (50-80%),Clear,Road Accident Nearby,155,2.3
TRP02391,2025-08-03,Sunday,True,Midday (9am-4pm),09:49,09:57,7,94,8,8.3,no,false,Full (80-100%),Clear,Road Construction,150,2.4
TRP00735,2025-07-10,Thursday,FALSE,Night (7-10pm),20:20,20:28,12,111,7,8.9,False,No,Moderate (50-80%),Clear,Police Checkpoint,160,2.3
TRP02787,2025-06-09,Monday,No,Night (7-10pm),19:55,20:02,3,71,9,7.9,no,No,Low (<50%),Clear,Road Construction,120,1.0
TRP01596,2025-04-30,Wednesday,FALSE,Evening Peak (4-7pm),17:05,17:22,5,53,1,17.8,FALSE,0,Low (<50%),Clear,Traffic Jam,86,2.3
TRP01677,08-10-2025,  Sunday  ,TRUE,Morning Peak (7-9am),08:04,08:11,3,7,8,7.8,false,False,Moderate (50-80%),Light Rain,  None  ,178,3.1
TRP00399,2025-07-31,Thursday,no,Evening Peak (4-7pm),17:49,17:53,7,7,8,4.9,Yes,FALSE,  Low (<50%)  ,Clear,None,181,4.0
TRP03497,2025-08-16,SATURDAY,TRUE,Midday (9am-4pm),13:22,13:23,7,8,2,1.8,Y,No,Low (<50%),,Road Construction,150,3.5
TRP00060,2025-05-21,Wednesday,no,Early Morning (5-7am),05:42,05:58,3,90,10,16.8,False,false,  Moderate (50-80%)  ,Overcast,Road Accident Nearby,120,2.1
TRP00699,2025-07-31,Thursday,0,Midday (9am-4pm),09:46,09:52,2,30,5,6.5,False,N,Full (80-100%),Clear,Road Construction,90,2.5
TRP02452,2025-07-13,Sunday,1,Midday (9am-4pm),11:05,11:01,1,44,10,-3.7,true,No,  Full (80-100%)  ,Clear,None,100,
TRP02382,2025-01-12,Sunday,Yes,Evening Peak (4-7pm),17:18,17:37,4,23,4,19.8,no,0,Low (<50%),Clear,Road Accident Nearby,89,3.3
TRP02395,2025-04-01,Tuesday,N,EARLY MORNING (5-7AM),05:29,05:25,6,26,,-3.2,True,No,LOW (<50%),Clear,None,100,5.0
TRP01923,2025-04-22,Tuesday,false,Early Morning (5-7am),06:45,06:48,6,37,,3.4,TRUE,False,Low (<50%),Light Rain,NONE,122,4.0
TRP01480,2025-04-03,Thursday,No,Morning Peak (7-9am),07:11,07:31,1,116,11,20.9,No,False,MODERATE (50-80%),Clear,,125,3.0
TRP00320,2025-06-06,friday,0,Night (7-10pm),20:21,20:17,6,46,10,-3.1,Yes,FALSE,Low (<50%),Light Rain,None,115,3.6
TRP00171,2025-07-19,SATURDAY,Y,Midday (9am-4pm),11:13,11:10,1,47,1,-2.9,yes,N,FULL (80-100%),Clear,none,100,2.7
TRP02428,2025-07-26,saturday,True,Morning Peak (7-9am),08:57,09:25,8,78,11,28.9,N,no,Low (<50%),,,86,2.0
TRP01300,2025-07-12,Saturday,Y,Evening Peak (4-7pm),16:05,16:16,12,116,5,11.5,no,False,NA,Light Rain,Police Checkpoint,270,2.4
TRP03052,2025-04-23,Wednesday,FALSE,Morning Peak (7-9am),08:38,09:05,4,10,7,27.7,FALSE,N,Low (<50%),Light Rain,Vehicle Breakdown,111,1.3
TRP03310,2025-05-27,Tuesday,N,Evening Peak (4-7pm),16:20,16:39,3,52,3,19.5,False,false,N/A,Light Rain,Traffic Jam,200,3.3
TRP03408,2025-07-21,Monday,N,Midday (9am-4pm),10:31,10:26,8,64,11,-4.1,True,FALSE,MODERATE (50-80%),Clear,NONE,60,3.6
TRP02486,2025-06-26,Thursday,no,Morning Peak (7-9am),08:30,08:34,8,59,10,4.6,TRUE,False,Overloaded (>100%),Clear,Police Checkpoint,,3.3
TRP01571,2025-01-09,Thursday,N,Evening Peak (4-7pm),16:50,17:15,10,116,5,25.5,False,False,Full (80-100%),Clear,Road Accident Nearby,83,2.6
TRP00536,2025-04-13,Sunday,Y,Evening Peak (4-7pm),17:01,17:00,2,107,10,-0.1,True,0,Moderate (50-80%),,None,99,4.4
TRP03239,2025-03-07,Friday,N,Morning Peak (7-9am),07:33,07:57,1,9999,1,24.3,FALSE,N,OVERLOADED (>100%),,Road Accident Nearby,121,3.7
TRP02551,01-05-2025,sunday,Y,Evening Peak (4-7pm),18:57,19:02,6,109,4,-82.2,false,False,FULL (80-100%),Light Rain,None,147,2.6
TRP00776,2025-05-31,saturday,Y,Midday (9am-4pm),09:52,10:08,10,37,4,16.3,No,N,Moderate (50-80%),Heavy Rain,Traffic Jam,84,2.2
TRP00280,2025-04-09,Wednesday,FALSE,Midday (9am-4pm),13:44,13:49,11,43,8,5.8,N,False,Low (<50%),Light Rain,Traffic Jam,116,4.2
TRP00468,2025-01-29,Wednesday,No,Morning Peak (7-9am),08:00,08:11,7,117,1,11.0,FALSE,0,Full (80-100%),Clear,Police Checkpoint,185,2.7
TRP02528,2025-04-18,Friday,false,Evening Peak (4-7pm),18:29,18:34,9,11,4,5.0,TRUE,false,Low (<50%),,Overloading Delay,100,2.8
TRP00737,2025-08-19,tuesday,False,Morning Peak (7-9am),07:21,07:35,3,7,6,14.8,False,FALSE,Full (80-100%),Heavy Rain,None,210,2.0
TRP00077,2025-06-15,Sunday,True,Night (7-10pm),20:07,20:02,6,31,11,-4.7,TRUE,No,Moderate (50-80%),Clear,None,100,
TRP01865,2025-05-08,Thursday,0,Night (7-10pm),19:55,20:18,7,63,10,23.7,0,False,Moderate (50-80%),Clear,Vehicle Breakdown,150,2.8
   ,2025-08-24,Sunday,1,Evening Peak (4-7pm),16:18,16:28,11,71,2,10.4,No,0,,Heavy Rain,Overloading Delay,154,1.1
TRP01526,2025-05-20,Tuesday,no,Morning Peak (7-9am),08:24,08:54,11,6,1,30.8,False,False,Full (80-100%),Clear,VEHICLE BREAKDOWN,124,2.7
TRP01721,2025-02-16,Sunday,True,Morning Peak (7-9am),08:47,08:53,2,20,11,6.5,false,FALSE,full (80-100%),Clear,None,106,2.3
TRP02214,2025-08-16,Saturday,Y,Evening Peak (4-7pm),18:39,18:44,5,120,10,5.1,false,N,Overloaded (>100%),Clear,None,91,3.6
TRP00685,2025-06-05,Thursday,False,EVENING PEAK (4-7PM),18:56,18:55,3,80,9,-0.5,True,false,Full (80-100%),Clear,None,174,
TRP01525,2025-05-09,Friday,False,Early Morning (5-7am),06:17,06:20,2,92,6,3.5,true,0,moderate (50-80%),Clear,None,,3.1
TRP01718,2025-01-09,Thursday,FALSE,  Midday (9am-4pm)  ,10:33,10:48,12,29,9,15.0,false,false,Low (<50%),Light Rain,Overloading Delay,197,2.5
TRP00434,2025-03-11,Tuesday,FALSE,Midday (9am-4pm),13:05,13:11,11,26,6,6.2,False,FALSE,Low (<50%),Clear,Road Construction,110,3.6
TRP01687,2025-02-12,Wednesday,FALSE,Night (7-10pm),19:01,19:13,11,107,4,12.3,False,False,Full (80-100%),Clear,Road Construction,110,2.6
TRP00637,2025-06-03,Tuesday,False,Evening Peak (4-7pm),17:20,17:28,7,72,6,8.2,FALSE,false,,Clear,  Overloading Delay  ,199,2.3
TRP02198,2025-07-09,Wednesday,False,Evening Peak (4-7pm),18:50,18:50,4,84,4,0.8,yes,No,Moderate (50-80%),Clear,Police Checkpoint,115,4.3
TRP01463,2025-08-17,Sunday,TRUE,Evening Peak (4-7pm),16:10,16:11,5,52,5,1.7,yes,0,,Overcast,None,81,2.9
TRP00954,2025-01-25,Saturday,True,Morning Peak (7-9am),08:50,08:56,2,2,6,6.9,N,0,Full (80-100%),Overcast,None,140,2.9
TRP03221,2025-06-24,Tuesday,False,Evening Peak (4-7pm),17:23,17:31,10,119,11,8.3,no,no,n/a,Clear,Overloading Delay,105,3.4
TRP00192,2025-05-24,Saturday,True,Midday (9am-4pm),09:36,09:46,3,46,4,10.6,FALSE,No,Low (<50%),Clear,Traffic Jam,120,1.7
TRP02976,2025-06-20,Friday,0,Midday (9am-4pm),12:42,12:36,12,9,5,-5.8,false,No,Low (<50%),Clear,None,160,3.9
TRP01042,2025-01-08,Wednesday,N,Midday (9am-4pm),09:05,09:22,9,56,8,17.4,False,FALSE,Low (<50%),Clear,Road Accident Nearby,80,1.8
TRP01405,2025-06-24,Tuesday,False,  Night (7-10pm)  ,19:20,19:36,10,65,3,16.9,N,No,Low (<50%),Clear,Road Accident Nearby,,2.1
TRP00730,2025-04-13,Sunday,TRUE,Early Morning (5-7am),05:23,05:41,4,114,,18.1,No,no,low (<50%),Light Rain,Road Accident Nearby,100,
TRP01492,2025-02-07,Friday,no,Morning Peak (7-9am),07:15,07:24,7,103,5,9.3,N,False,Full (80-100%),Overcast,None,183,3.8
TRP02736,2025-02-17,Monday,FALSE,Night (7-10pm),21:09,21:13,3,94,2,4.2,Yes,false,Moderate (50-80%),Clear,none,120,3.6
TRP00667,2025-02-23,Sunday,1,Evening Peak (4-7pm),18:43,18:41,11,49,8,-1.7,True,0,Moderate (50-80%),Light Rain,None,175,3.7
TRP00640,06-08-2025,Sunday,True,Evening Peak (4-7pm),16:16,16:23,10,31,11,7.4,N,N,full (80-100%),Clear,None,84,4.0
TRP00415,14/01/2025,Tuesday,0,Morning Peak (7-9am),07:15,07:26,3,16,9,11.0,False,false,Overloaded (>100%),Clear,,183,1.7
TRP00436,2025-07-09,Wednesday,false,Midday (9am-4pm),13:06,13:08,10,116,8,2.3,true,false,Moderate (50-80%),Clear,None,,5.0
TRP01842,2025-04-23,Wednesday,no,Night (7-10pm),21:18,21:22,4,1,11,4.9,true,FALSE,Moderate (50-80%),Light Rain,None,KES 89,3.0
TRP00820,2025-02-15,Saturday,true,Evening Peak (4-7pm),16:07,16:19,6,16,11,12.8,N,no,Moderate (50-80%),,Road Construction,153,2.1
TRP02421,2025-01-01,Wednesday,N,Evening Peak (4-7pm),18:02,18:23,7,71,1,21.2,False,False,Low (<50%),Clear,Traffic Jam,KES 183,3.0
TRP03333,2025-02-08,Saturday,1,Morning Peak (7-9am),08:30,08:27,12,38,11,-2.4,1,False,Moderate (50-80%),Clear,,199,2.5
TRP01685,06-15-2025,Sunday,true,Morning Peak (7-9am),07:26,07:33,6,89,3,7.1,No,FALSE,Overloaded (>100%),Clear,Overloading Delay,152,1.3
TRP01009,2025-06-07,Saturday,True,  Morning Peak (7-9am)  ,07:49,08:12,10,85,2,23.2,false,false,Full (80-100%),Clear,Road Accident Nearby,89,2.3
TRP00272,2025-06-07,Saturday,TRUE,Midday (9am-4pm),15:15,15:25,1,44,7,10.0,False,false,Full (80-100%),  Overcast  ,VEHICLE BREAKDOWN,100,4.6
TRP01393,2025-01-26,sunday,Y,Midday (9am-4pm),11:14,11:14,2,16,5,0.5,Y,FALSE,Moderate (50-80%),Clear,Overloading Delay,Ksh90,4.0
TRP02286,2025-03-24,Monday,No,Evening Peak (4-7pm),17:11,17:32,3,40,7,21.7,False,FALSE,Moderate (50-80%),Overcast,Road Accident Nearby,185,2.7
TRP02192,2025-08-21,Thursday,0,Midday (9am-4pm),09:03,09:11,12,9,6,8.9,N,False,Low (<50%),Clear,Road Construction,160,4.0
TRP00704,2025-07-06,Sunday,Yes,Night (7-10pm),21:02,21:10,7,31,9,8.0,False,0,Full (80-100%),Light Rain,Traffic Jam,164,3.8
TRP02325,2025-03-29,Saturday,True,  Evening Peak (4-7pm)  ,18:03,18:12,4,17,7,-84.3,N,FALSE,Full (80-100%),Light Rain,None,141,1.6
TRP00262,2025-03-26,Wednesday,False,Midday (9am-4pm),11:06,11:00,5,92,8,-6.0,N,N,Moderate (50-80%),Clear,  None  ,70,1.0
TRP01670,2025-06-02,monday,false,Night (7-10pm),21:07,21:18,10,64,6,11.0,FALSE,false,Moderate (50-80%),Heavy Rain,None,89,1.6
TRP02113,2025-06-21,Saturday,Y,Midday (9am-4pm),11:54,11:50,9,16,11,-3.9,1,False,Moderate (50-80%),Clear,Police Checkpoint,80,2.9
TRP01228,2025-07-01,Tuesday,FALSE,Evening Peak (4-7pm),17:13,17:27,10,28,4,14.4,0,False,Overloaded (>100%),Heavy Rain,None,108,3.0
TRP02902,2025-07-20,Sunday,Yes,Midday (9am-4pm),11:08,11:14,3,71,2,6.3,false,False,n/a,Clear,Traffic Jam,120,2.7
TRP01639,2025-07-25,Friday,N,Midday (9am-4pm),11:57,12:09,10,84,5,12.0,False,false,Moderate (50-80%),Clear,traffic jam,70,3.1
TRP00493,2025-06-16,Monday,False,Early Morning (5-7am),05:45,06:01,6,96,9,16.1,0,false,Full (80-100%),Clear,Vehicle Breakdown,100,2.6
TRP00055,2025-05-12,Monday,No,Night (7-10pm),21:39,21:50,5,101,9,11.4,No,No,Full (80-100%),Clear,Traffic Jam,70,2.4
TRP02814,2025-04-02,Wednesday,false,Night (7-10pm),21:54,22:03,11,118,9,9.7,No,N,Moderate (50-80%),Clear,Road Construction,110,1.7
TRP01183,2025-08-11,Monday,False,evening peak (4-7pm),18:49,19:09,11,14,9,20.0,No,N,N/A,CLEAR,traffic jam,137,2.4
TRP03102,2025-04-20,Sunday,yes,Morning Peak (7-9am),07:17,07:35,3,62,2,18.0,0,False,Low (<50%),Clear,Road Accident Nearby,145,2.5
TRP00915,2025-01-21,Tuesday,False,Early Morning (5-7am),05:19,05:40,5,103,2,21.7,FALSE,N,Moderate (50-80%),Clear,Vehicle Breakdown,70,
TRP01031,2025-03-23,Sunday,True,Night (7-10pm),21:56,21:57,7,120,4,1.9,yes,FALSE,Moderate (50-80%),Clear,Police Checkpoint,167,3.2
TRP00601,2025-03-08,Saturday,yes,midday (9am-4pm),12:00,12:00,5,108,7,0.6,Y,N,Overloaded (>100%),,Traffic Jam,70,4.8
TRP00036,2025-02-10,Monday,N,Evening Peak (4-7pm),18:41,18:38,4,78,2,-2.4,true,false,Full (80-100%),Clear,None,92,4.4
TRP00715,2025-05-01,Thursday,FALSE,Evening Peak (4-7pm),16:49,16:54,12,25,3,5.8,No,False,Full (80-100%),CLEAR,None,231,1.1
TRP01390,2025-02-28,  Friday  ,FALSE,Early Morning (5-7am),06:51,07:07,9,19,2,16.9,False,0,Low (<50%),Light Rain,Road Construction,91,2.9
TRP00675,2025-01-19,  Sunday  ,TRUE,Midday (9am-4pm),15:31,15:30,3,73,5,-0.5,yes,FALSE,low (<50%),,None,130,3.5
TRP00451,2025-08-22,Friday,FALSE,MORNING PEAK (7-9AM),08:55,09:02,4,16,4,7.9,False,No,Overloaded (>100%),Clear,None,120,4.0
TRP02061,2025-04-17,thursday,false,Early Morning (5-7am),06:07,06:29,1,7,5,22.4,no,No,Full (80-100%),Clear,Road Accident Nearby,100,4.0
TRP01319,2025-08-14,Thursday,False,Night (7-10pm),21:57,21:59,11,89,10,2.8,True,FALSE,  Overloaded (>100%)  ,Overcast,none,110,
TRP01566,2025-03-08,Saturday,yes,Morning Peak (7-9am),07:59,08:01,8,56,8,2.6,Y,N,Overloaded (>100%),Clear,None,78,3.6
TRP01904,2025-05-31,Saturday,True,Early Morning (5-7am),06:43,06:38,10,58,2,-4.5,True,false,Moderate (50-80%),Clear,None,70,2.4
TRP01238,2025-04-23,Wednesday,0,Midday (9am-4pm),10:44,10:49,10,78,5,5.8,False,False,Moderate (50-80%),Light Rain,None,90,2.3
TRP00188,2025-01-25,Saturday,True,Midday (9am-4pm),09:18,09:18,10,3,10,0.3,TRUE,N,Moderate (50-80%),Light Rain,None,85,2.7
TRP02903,27/02/2025,Thursday,N,Evening Peak (4-7pm),18:34,18:45,8,63,8,11.4,False,FALSE,Low (<50%),Light Rain,None,90,3.7
TRP03210,2025-08-09,Saturday,Yes,Midday (9am-4pm),15:12,15:36,12,1,8,24.5 min,False,No,Low (<50%),Clear,Vehicle Breakdown,160,1.8
TRP00044,2025-04-24,Thursday,FALSE,MIDDAY (9AM-4PM),15:32,15:26,7,18,11,-6.0,No,False,Moderate (50-80%),Clear,none,150,1.9
TRP02400,2025-03-27,Thursday,FALSE,Night (7-10pm),20:59,21:06,6,93,7,7.1,No,No,Overloaded (>100%),HEAVY RAIN,None,126,3.7
TRP03201,2025-03-26,Wednesday,no,Evening Peak (4-7pm),17:37,17:39,1,98,8,2.2,Yes,FALSE,moderate (50-80%),Clear,Road Construction,133,2.7
TRP02910,2025-05-09,Friday,FALSE,Early Morning (5-7am),05:59,05:56,9,81,2,-2.9,True,0,Low (<50%),Clear,None,80,5.0
TRP01443,2025-07-29,Tuesday,False,Morning Peak (7-9am),07:01,07:17,5,30,11,16.1,False,FALSE,Overloaded (>100%),Heavy Rain,None,121,3.9
TRP02635,2025-01-03,Friday,false,Midday (9am-4pm),14:00,14:01,3,88,8,1.5,true,No,Moderate (50-80%),Light Rain,None,144,3.5
TRP02178,2025-01-18,Saturday,yes,Midday (9am-4pm),14:33,14:39,3,96,1,6.2,N,0,Moderate (50-80%),Overcast,Police Checkpoint,120,1.0
TRP01679,2025-08-12,Tuesday,0,Evening Peak (4-7pm),16:46,17:15,6,72,8,29.8 min,0,no,  Low (<50%)  ,Clear,Vehicle Breakdown,137,1.7
TRP03291,2025-08-12,Tuesday,No,Midday (9am-4pm),10:47,10:54,8,46,2,7.9,N,No,Moderate (50-80%),Clear,Road Accident Nearby,60,1.0
TRP01985,2025-05-03,Saturday,Yes,Night (7-10pm),20:20,20:14,6,79,10,-6.0,False,No,Full (80-100%),Clear,,100,3.7
TRP01736,2025-02-18,Tuesday,No,Early Morning (5-7am),05:52,06:06,10,99,11,14.4,false,False,,Clear,Road Accident Nearby,70,2.7
TRP00512,2025-03-07,Friday,no,Evening Peak (4-7pm),16:49,16:53,6,78,8,4.0,Y,False,Moderate (50-80%),Overcast,None,125,2.5
TRP01182,2025-06-12,Thursday,FALSE,Midday (9am-4pm),11:58,11:56,8,66,8,-1.2,yes,FALSE,Full (80-100%),Clear,None,60,4.1
TRP00418,2025-03-10,Monday,No,Evening Peak (4-7pm),18:45,19:02,7,32,5,17.4,0,FALSE,Full (80-100%),clear,Traffic Jam,,3.7
TRP00932,2025-06-22,Sunday,1,Morning Peak (7-9am),07:22,07:26,10,110,1,4.8,yes,false,Low (<50%),Light Rain,None,93,3.8
TRP00224,2025-03-27,Thursday,False,Night (7-10pm),20:48,20:48,2,117,9,0.8,Y,no,Low (<50%),,None,,3.3
TRP01192,03/06/2025,Tuesday,False,Midday (9am-4pm),12:29,12:39,1,88,7,10.8,no,No,  Moderate (50-80%)  ,Clear,road accident nearby,100,1.7
TRP00362,2025-06-18,Wednesday,No,Midday (9am-4pm),15:15,15:25,12,16,10,10.0,No,No,Low (<50%),clear,Traffic Jam,160,1.7
TRP02548,2025-05-29,Thursday,N,Early Morning (5-7am),06:22,06:23,2,119,4,1.3,TRUE,false,Full (80-100%),Clear,Overloading Delay,,4.3
TRP02697,2025-03-27,Thursday,N,Midday (9am-4pm),12:26,12:37,12,32,11,11.7,0,False,low (<50%),n/a,Road Construction,160,2.1
TRP03213,2025-05-27,Tuesday,FALSE,Early Morning (5-7am),05:46,06:02,12,101,6,16.2,False,False,Moderate (50-80%),Clear,Traffic Jam,160,1.9
TRP03172,2025-04-29,Tuesday,N,Evening Peak (4-7pm),16:57,17:00,6,55,8,3.3,True,False,Moderate (50-80%),CLEAR,None,Ksh150,3.9
TRP00160,2025-03-19,Wednesday,N,Evening Peak (4-7pm),18:16,18:33,12,64,8,17.6,no,no,Full (80-100%),Light Rain,Traffic Jam,237,
TRP01475,2025-07-05,Saturday,true,Midday (9am-4pm),10:15,10:15,7,103,,0.1,1,False,Low (<50%),Clear,None,150.00,
TRP00174,2025-03-03,Monday,False,Evening Peak (4-7pm),17:02,17:13,10,118,3,11.3,0,0,Full (80-100%),Light Rain,None,107,3.1
TRP03295,2025-06-07,Saturday,1,Midday (9am-4pm),10:50,10:53,3,82,8,3.3,TRUE,0,Low (<50%),,Overloading Delay,120,5.0
TRP01356,2025-05-27,Tuesday,0,  Evening Peak (4-7pm)  ,16:07,16:06,1,98,9,-0.2,True,N,Overloaded (>100%),Clear,None,126,5.0
TRP01298,2025-07-02,Wednesday,N,Early Morning (5-7am),05:45,05:40,6,116,9,-4.5,Yes,no,n/a,Clear,NONE,100,3.6
TRP03325,2025-03-12,Wednesday,False,Morning Peak (7-9am),08:31,08:35,2,90,9,4.9,TRUE,false,Full (80-100%),Clear,None,105,4.3
TRP00028,2025-07-04,Friday,no,Night (7-10pm),20:49,20:54,3,7,10,5.4,False,FALSE,Low (<50%),Overcast,None,120,2.8
TRP00033,2025-02-07,Friday,FALSE,Midday (9am-4pm),15:47,15:47,1,6,9,0.4,Y,False,Full (80-100%),Clear,overloading delay,100,3.2
TRP02585,2025-02-22,Saturday,yes,Midday (9am-4pm),13:09,13:04,5,31,3,-4.1 min,Y,false,Full (80-100%),Clear,Overloading Delay,70,4.0
TRP01409,2025-03-29,Saturday,yes,Midday (9am-4pm),14:57,14:59,5,62,10,2.8,1,N,Moderate (50-80%),Light Rain,None,84,3.4
TRP00502,2025-07-19,Saturday,True,Evening Peak (4-7pm),18:19,18:13,1,70,4,-6.0,N,N,Low (<50%),Clear,None,119,1.6
TRP02494,03-22-2025,Saturday,true,Midday (9am-4pm),13:59,14:04,2,62,2,5.2,No,FALSE,Moderate (50-80%),Heavy Rain,None,109,2.8
TRP03010,2025-03-17,Monday,N,Morning Peak (7-9am),07:46,08:08,12,61,4,22.7,False,false,Moderate (50-80%),Heavy Rain,None,265,2.3
TRP01179,2025-03-26,Wednesday,false,Morning Peak (7-9am),07:47,07:52,8,90,8,5.7,False,False,Moderate (50-80%),999,None,67,1.8
TRP03416,04-02-2025,Wednesday,N,Early Morning (5-7am),06:23,06:29,11,21,9,6.7,No,False,Moderate (50-80%),Clear,Police Checkpoint,110,2.8
TRP00483,2025-06-28,Saturday,True,Evening Peak (4-7pm),16:25,16:24,5,119,8,-0.7,Y,N,Full (80-100%),Clear,None,93,3.2
TRP02987,2025-04-06,Sunday,TRUE,Midday (9am-4pm),10:34,10:31,12,120,3,-2.8,TRUE,No,Low (<50%),Clear,None,160,2.9
TRP01577,2025-02-05,wednesday,false,Midday (9am-4pm),15:14,15:08,11,79,3,-6.0,no,No,Full (80-100%),Clear,  None  ,110,3.8
TRP00775,2025-05-02,Friday,FALSE,Midday (9am-4pm),11:47,12:01,3,57,11,14.8,No,false,Moderate (50-80%),Heavy Rain,TRAFFIC JAM,155,3.6
TRP02282,2025-03-20,Thursday,FALSE,Midday (9am-4pm),11:41,12:06,9,94,10,25.6,0,no,Moderate (50-80%),,Road Accident Nearby,80,1.2
TRP03189,2025-02-26,Wednesday,0,Evening Peak (4-7pm),17:13,17:15,11,53,2,2.9,Yes,N,Moderate (50-80%),Clear,None,142,2.7
TRP02165,2025-01-06,Monday,FALSE,EVENING PEAK (4-7PM),18:52,18:53,2,41,10,1.5,True,No,Overloaded (>100%),Clear,None,142,4.0
TRP01231,2025-02-26,Wednesday,no,Midday (9am-4pm),09:09,09:03,5,45,2,-6.0,No,False,Low (<50%),Clear,None,70,1.7
TRP00909,27/08/2025,Wednesday,N,Midday (9am-4pm),10:48,11:09,9,7,3,21.4,no,No,Full (80-100%),Light Rain,road accident nearby,90,4.2
TRP02229,2025-08-17,Sunday,yes,Midday (9am-4pm),09:40,09:44,5,102,8,4.7,1,FALSE,Low (<50%),Clear,,70,4.5
TRP02480,2025-05-28,Wednesday,no,Evening Peak (4-7pm),17:03,17:20,2,8,8,17.5,0,0,Overloaded (>100%),Light Rain,Traffic Jam,155,4.0
TRP01839,2025-05-31,Saturday,True,Evening Peak (4-7pm),18:03,18:18,8,116,3,15.1,no,No,Low (<50%),Light Rain,Overloading Delay,88,2.0
TRP00589,2025-03-11,Tuesday,false,Morning Peak (7-9am),07:52,07:59,5,80,1,7.6,False,no,Overloaded (>100%),Clear,Traffic Jam,101,2.5
TRP00184,2025-04-12,Saturday,Y,Midday (9am-4pm),10:34,10:30,11,39,11,-3.2,true,N,  Moderate (50-80%)  ,Clear,None,110,3.2
TRP02340,2025-03-19,Wednesday,no,Night (7-10pm),21:16,21:34,8,57,8,18.3,N,FALSE,Low (<50%),Light Rain,Road Accident Nearby,71,3.1
TRP02567,2025-04-17,Thursday,N,Morning Peak (7-9am),08:04,08:11,1,9999,,7.5,FALSE,0,Overloaded (>100%),Light Rain,None,146,2.3
TRP03046,2025-05-19,Monday,False,Morning Peak (7-9am),07:12,07:36,2,76,8,24.4,false,false,Full (80-100%),Heavy Rain,OVERLOADING DELAY,166,2.3
TRP03280,2025-04-13,Sunday,Yes,Early Morning (5-7am),05:22,05:19,5,58,2,-3.0,True,No,Low (<50%),Clear,None,70,3.5
TRP00295,19/02/2025,Wednesday,False,Morning Peak (7-9am),07:33,07:40,9,44,7,7.6,no,False,  Full (80-100%)  ,Light Rain,Overloading Delay,156,1.5
TRP00695,2025-03-11,tuesday,False,Early Morning (5-7am),05:34,05:54,7,64,6,20.4,false,False,Moderate (50-80%),Clear,Vehicle Breakdown,150,1.0
TRP02506,16-Jun-2025,Monday,False,Morning Peak (7-9am),07:09,07:05,2,87,2,-3.4,1,No,Full (80-100%),Clear,None,134,3.5
TRP00075,2025-02-21,Friday,N,Morning Peak (7-9am),08:43,08:40,3,117,11,-2.7,yes,FALSE,Moderate (50-80%),,None,139,4.8
TRP02361,2025-08-10,Sunday,true,Evening Peak (4-7pm),17:31,17:54,5,85,5,23.6,N,no,Overloaded (>100%),Light Rain,Road Accident Nearby,93,2.9
TRP02218,2025-06-10,TUESDAY,0,Early Morning (5-7am),05:04,05:03,11,30,2,-0.3,true,N,Low (<50%),Clear,NONE,110,4.4
TRP02526,2025-07-13,Sunday,TRUE,Midday (9am-4pm),14:13,14:22,5,50,5,9.9,No,no,Low (<50%),Light Rain,Overloading Delay,90,2.9
TRP00755,2025-08-10,Sunday,yes,Midday (9am-4pm),12:10,12:04,1,24,1,-6.0,FALSE,N,Full (80-100%),Clear,None,100,2.0
TRP03183,2025-04-13,Sunday,True,Midday (9am-4pm),11:32,11:38,5,103,11,6.2,N,False,Moderate (50-80%),clear,Road Accident Nearby,70,2.6
TRP00897,2025-05-16,Friday,No,Midday (9am-4pm),12:21,12:20,11,118,1,-0.6,true,no,Overloaded (>100%),Clear,none,KES 110,
TRP03214,2025-06-22,sunday,yes,Midday (9am-4pm),13:05,13:26,8,76,8,21.5,No,False,Low (<50%),  Light Rain  ,Vehicle Breakdown,74,2.2
TRP00331,2025-04-16,Wednesday,False,Midday (9am-4pm),09:23,09:26,5,54,6,3.9,FALSE,1,Full (80-100%),overcast,Road Construction,70,2.8
TRP00545,2025-03-25,Tuesday,0,Midday (9am-4pm),12:09,12:14,9,96,8,5.2,False,FALSE,Low (<50%),Light Rain,Road Construction,103,2.8
TRP00870,2025-05-21,Wednesday,FALSE,early morning (5-7am),06:39,06:33,9,42,7,-6.0,no,No,moderate (50-80%),clear,None,80,2.7
TRP02547,2025-08-05,Tuesday,False,Early Morning (5-7am),06:04,06:17,6,64,2,13.2,false,0,Moderate (50-80%),Light Rain,road accident nearby,115,1.8
TRP01545,14/03/2025,Friday,False,Early Morning (5-7am),05:14,05:23,4,43,2,9.7,false,FALSE,Moderate (50-80%),Heavy Rain,Overloading Delay,92,2.6
TRP01048,2025-04-24,Thursday,false,Midday (9am-4pm),09:20,09:20,9,72,9,0.6,True,no,Low (<50%),CLEAR,None,80,2.6
TRP03320,2025-05-07,Wednesday,false,Early Morning (5-7am),06:18,06:25,4,59,3,7.0,no,0,Full (80-100%),Clear,Road Construction,80,1.1
TRP02456,2025-04-07,  Monday  ,False,  Morning Peak (7-9am)  ,07:15,07:10,8,42,1,-4.4,1,No,Moderate (50-80%),Clear,None,72,2.6
TRP02929,2025-03-21,Friday,false,Evening Peak (4-7pm),18:58,19:11,5,24,4,13.1,FALSE,FALSE,Overloaded (>100%),Light Rain,Overloading Delay,90,
TRP01278,2025-03-21,Friday,No,Evening Peak (4-7pm),18:57,19:12,2,48,5,15.4,No,False,Moderate (50-80%),Light Rain,None,136,3.5
TRP02219,2025-07-14,Monday,0,Morning Peak (7-9am),07:55,07:55,7,117,1,0.6,TRUE,False,Moderate (50-80%),CLEAR,None,211,3.1
TRP00503,2025-03-14,Friday,False,Evening Peak (4-7pm),16:36,16:38,12,110,10,2.4,True,FALSE,,Clear,none,236,3.8
TRP02521,2025-01-09,Thursday,false,Night (7-10pm),20:17,20:25,8,63,1,8.1,false,false,Moderate (50-80%),Clear,None,60,2.4
TRP02678,2025-07-29,Tuesday,false,Morning Peak (7-9am),07:31,07:33,6,5,5,2.5,True,No,Low (<50%),clear,None,120,5.0
TRP02849,2025-08-19,TUESDAY,0,Night (7-10pm),20:09,20:03,4,30,1,-5.9,False,false,Full (80-100%),Clear,None,80,3.2
TRP00602,2025-01-31,Friday,False,Midday (9am-4pm),10:17,10:34,5,58,2,17.0,false,False,Low (<50%),Heavy Rain,Police Checkpoint,73,2.0
TRP00974,2025-04-08,Tuesday,No,Night (7-10pm),20:43,20:44,11,10,11,1.1 min,TRUE,N,Low (<50%),Clear,None,110,4.5
TRP00785,2025-05-12,Monday,N,Morning Peak (7-9am),07:29,07:42,10,72,5,13.4,No,False,Full (80-100%),  Clear  ,Road Construction,78,1.5
TRP02402,2025-07-30,  Wednesday  ,no,EARLY MORNING (5-7AM),05:34,05:38,7,20,8,4.5,Y,N,Full (80-100%),Overcast,None,150,4.3
TRP03411,2025-03-31,Monday,No,Morning Peak (7-9am),07:18,07:18,5,120,7,0.1,yes,false,Low (<50%),Overcast,None,110,3.5
TRP01299,2025-02-01,Saturday,1,Evening Peak (4-7pm),17:56,17:57,4,12,3,1.7,True,no,LOW (<50%),Clear,None,109,3.6
TRP02416,2025-07-31,Thursday,False,evening peak (4-7pm),17:05,17:10,5,46,2,5.4,False,False,Overloaded (>100%),Clear,None,108,2.0
TRP01790,07-13-2025,Sunday,yes,Evening Peak (4-7pm),17:33,17:43,1,65,9,10.8,0,False,Full (80-100%),  Clear  ,None,143,2.1
TRP01093,2025-03-23,Sunday,True,Evening Peak (4-7pm),17:50,18:00,7,95,10,10.0 min,False,N,Low (<50%),Clear,None,237,2.8
TRP02302,2025-08-08,Friday,no,Evening Peak (4-7pm),18:49,19:08,7,103,8,19.3,False,False,Full (80-100%),Overcast,  Road Accident Nearby  ,238,1.8
TRP02364,2025-01-03,Friday,false,Morning Peak (7-9am),07:42,07:40,1,12,4,-1.2,0,True,Moderate (50-80%),Clear,None,154,1.3
TRP03306,2025-01-17,Friday,FALSE,Night (7-10pm),21:43,21:39,6,119,7,-3.4,yes,False,Moderate (50-80%),,None,100,2.0
TRP01209,01-17-2025,Friday,False,Midday (9am-4pm),09:11,09:13,3,9,9,2.1,True,false,Low (<50%),Overcast,None,120,4.0
TRP03171,2025-02-19,Wednesday,FALSE,Evening Peak (4-7pm),17:25,17:32,9,94,11,7.7,False,False,Moderate (50-80%),  Clear  ,None,KES 117,3.5
TRP02037,2025-05-07,Wednesday,false,Morning Peak (7-9am),08:45,08:55,10,88,8,10.1,no,no,Low (<50%),Clear,Road Construction,103,2.5
TRP02761,2025-05-31,saturday,TRUE,Midday (9am-4pm),10:52,10:59,6,55,8,7.6,0,False,Moderate (50-80%),Clear,Road Construction,100,3.5
TRP01803,2025-04-02,Wednesday,FALSE,Midday (9am-4pm),09:48,09:53,9,103,7,5.4,no,no,Low (<50%),Light Rain,Police Checkpoint,103,2.2
TRP00660,2025-01-14,Tuesday,no,Night (7-10pm),20:52,20:51,11,33,9,-0.4,yes,no,Moderate (50-80%),Clear,None,110,3.6
TRP01438,2025-06-02,Monday,false,midday (9am-4pm),12:01,12:01,10,75,10,0.2,True,False,Low (<50%),Clear,Police Checkpoint,70,4.1
TRP02483,2025-08-18,Monday,no,Morning Peak (7-9am),07:17,07:38,11,3,5,21.8,0,false,Moderate (50-80%),Clear,Traffic Jam,159,3.0
TRP00980,2025-07-29,Tuesday,0,Evening Peak (4-7pm),18:40,18:54,12,13,6,14.9,No,False,Moderate (50-80%),Light Rain,None,228,1.6
TRP02200,2025-01-16,Thursday,FALSE,Midday (9am-4pm),11:26,11:34,7,6,5,8.9,False,False,,Overcast,Police Checkpoint,150,2.6
TRP01375,2025/06/28,Saturday,Y,Midday (9am-4pm),13:04,13:02,2,118,3,248.8,True,False,Low (<50%),  Clear  ,Road Construction,90,2.5
TRP01454,2025-02-23,Sunday,Y,Early Morning (5-7am),06:36,06:31,5,37,11,-4.3,True,False,Moderate (50-80%),Clear,None,70,3.7
TRP03329,2025-04-21,Monday,no,Night (7-10pm),21:09,21:25,1,51,1,16.6,False,false,Full (80-100%),,ROAD CONSTRUCTION,111,3.6
TRP01911,2025-06-26,Thursday,False,midday (9am-4pm),13:32,13:35,2,53,3,3.9,Yes,no,Moderate (50-80%),Light Rain,None,101,3.1
TRP01226,2025-07-25,Friday,no,Midday (9am-4pm),12:00,12:08,10,13,4,8.2,N,0,Low (<50%),Clear,Road Accident Nearby,70,1.3
TRP00142,2025-07-08,Tuesday,N,Midday (9am-4pm),11:25,11:24,5,9,10,-0.4,Y,no,Overloaded (>100%),Clear,None,70,2.4
TRP02141,2025-08-12,Tuesday,N,Evening Peak (4-7pm),18:59,18:54,6,103,6,-4.3 min,yes,0,Moderate (50-80%),Clear,None,121,3.4
TRP01785,2025-01-10,Friday,False,Midday (9am-4pm),14:16,14:16,5,112,9,0.0,1,false,Moderate (50-80%),Clear,None,70,4.1
TRP00822,2025-08-07,Thursday,false,Morning Peak (7-9am),07:43,07:45,11,46,1,2.8,TRUE,No,Full (80-100%),Clear,None,152,4.0
TRP01173,2025-01-10,Friday,no,Morning Peak (7-9am),08:31,08:33,10,18,2,2.9,TRUE,0,Moderate (50-80%),Clear,None,Ksh84,4.7
TRP00575,2025-05-07,Wednesday,FALSE,Early Morning (5-7am),05:33,05:33,3,103,3,0.3,Yes,false,Overloaded (>100%),Light Rain,None,142,6.6
TRP01851,2025-08-27,Wednesday,0,Evening Peak (4-7pm),16:24,16:39,9,76,5,15.8,N,false,Moderate (50-80%),Clear,None,97,2.3
TRP01527,2025-03-11,Tuesday,false,Morning Peak (7-9am),08:06,08:07,9,114,3,1.1,1,false,FULL (80-100%),unknown,None,96,3.2
TRP03487,2025-01-14,Tuesday,No,Midday (9am-4pm),11:04,11:22,7,87,3,18.0,N,false,overloaded (>100%),Clear,TRAFFIC JAM,150,2.4
TRP02969,2025-06-13,Friday,FALSE,NIGHT (7-10PM),21:54,21:53,1,104,5,-0.3,yes,False,Low (<50%),Clear,Police Checkpoint,100,4.3
TRP00642,2025-08-15,Friday,N,Morning Peak (7-9am),08:30,08:39,12,103,7,9.6,No,false,Moderate (50-80%),Light Rain,None,239,1.7
TRP02605,2025-06-07,Saturday,Yes,Morning Peak (7-9am),07:12,07:17,9,88,11,5.6,No,False,Full (80-100%),Clear,road construction,107,2.0
TRP03343,2025-05-02,Friday,False,Midday (9am-4pm),09:17,09:25,3,81,3,8.2,no,FALSE,Overloaded (>100%),Overcast,Police Checkpoint,120,3.1
TRP03190,2025-03-09,Sunday,True,Midday (9am-4pm),10:32,10:29,11,110,11,-2.2,Y,false,Full (80-100%),Clear,Police Checkpoint,110,4.3
TRP01775,2025-07-15,Tuesday,false,MORNING PEAK (7-9AM),08:28,08:39,2,57,9,11.3,no,FALSE,full (80-100%),Overcast,None,140,2.4
TRP02712,2025-01-24,Friday,False,Early Morning (5-7am),06:08,06:06,4,74,,-1.2,True,False,Moderate (50-80%),Clear,None,80,3.6
TRP00214,2025-03-06,Thursday,0,Morning Peak (7-9am),07:15,07:21,6,85,4,6.9,false,False,Overloaded (>100%),Clear,Police Checkpoint,110,1.8
TRP02094,2025-03-01,Saturday,True,Morning Peak (7-9am),08:31,08:40,11,16,9,9.9,False,False,MODERATE (50-80%),Clear,Traffic Jam,175,3.5
TRP03410,2025-04-12,Saturday,1,Midday (9am-4pm),09:33,09:28,9,45,2,-4.2,True,False,Overloaded (>100%),Clear,None,80,4.1
TRP02604,2025-02-13,Thursday,No,Early Morning (5-7am),05:03,05:03,9,112,3,0.7,True,no,Low (<50%),Light Rain,None,95,
TRP02464,2025-07-09,Wednesday,no,Evening Peak (4-7pm),18:37,18:43,2,53,6,6.8 min,0,No,Full (80-100%),Clear,None,120,2.6
TRP01573,2025-08-17,Sunday,True,Midday (9am-4pm),12:34,12:32,12,54,1,-1.7,true,no,,Overcast,None,160,4.7
TRP02754,2025-02-13,Thursday,False,Evening Peak (4-7pm),16:56,17:06,2,78,11,10.2,False,no,Overloaded (>100%),Clear,None,131,2.3
TRP01657,2025-01-01,Wednesday,FALSE,Evening Peak (4-7pm),16:49,16:47,6,76,6,-1.4 min,Yes,0,Full (80-100%),Clear,None,114,4.6
TRP00501,2025-05-19,Monday,False,Morning Peak (7-9am),08:51,08:56,12,34,8,5.0,True,0,Full (80-100%),Clear,None,243,5.0
TRP02265,2025-03-11,Tuesday,False,Early Morning (5-7am),06:57,06:53,2,22,6,-3.8,1,N,Full (80-100%),Clear,None,90,4.7
TRP00613,2025-04-11,Friday,false,Early Morning (5-7am),06:34,06:30,8,27,5,-4.0,yes,FALSE,Moderate (50-80%),Clear,None,60,3.9
TRP00099,2025-08-04,Monday,false,Evening Peak (4-7pm),17:06,17:23,6,11,7,17.8,0,0,Full (80-100%),HEAVY RAIN,None,160,2.2
TRP00971,2025-06-08,Sunday,TRUE,Night (7-10pm),21:08,21:08,12,112,5,0.6,Y,False,Moderate (50-80%),Light Rain,Police Checkpoint,198,4.1
TRP00252,2025-07-24,Thursday,False,Evening Peak (4-7pm),16:47,16:54,6,72,5,274.8,False,FALSE,Full (80-100%),Clear,NONE,139,3.3
TRP02534,2025-08-04,Monday,false,Midday (9am-4pm),12:24,12:26,4,71,6,2.9,True,N,Low (<50%),Clear,None,80,3.6
TRP01428,2025-01-11,SATURDAY,true,Midday (9am-4pm),10:52,11:11,1,44,1,19.5,no,0,Low (<50%),Heavy Rain,Traffic Jam,125,2.7
TRP01692,2025-08-03,Sunday,TRUE,Midday (9am-4pm),10:17,10:18,3,70,6,1.4 min,True,no,Full (80-100%),Clear,None,120,4.8
TRP01377,2025/02/27,Thursday,N,Midday (9am-4pm),15:17,15:39,1,27,3,22.1,False,0,,  Clear  ,road accident nearby,100,3.4
TRP02257,2025-02-27,Thursday,false,Early Morning (5-7am),05:50,06:12,5,6,8,22.4,no,false,Moderate (50-80%),Light Rain,Vehicle Breakdown,77,2.3
TRP02551,01-05-2025,sunday,Y,Evening Peak (4-7pm),18:57,19:02,6,109,4,-82.2,false,False,FULL (80-100%),Light Rain,None,147,2.6
TRP03059,2025-05-11,Sunday,true,Midday (9am-4pm),15:56,16:20,6,20,7,24.3,N,False,low (<50%),Overcast,Road Accident Nearby,100,5.4
TRP01784,2025-08-28,Thursday,FALSE,early morning (5-7am),05:37,06:04,7,25,6,27.2,no,False,Full (80-100%),Overcast,Vehicle Breakdown,Ksh150,2.1
TRP02482,2025-05-09,Friday,no,Early Morning (5-7am),05:15,05:18,7,95,11,3.8,1,FALSE,moderate (50-80%),Clear,None,150,3.3
TRP03078,2025-02-07,Friday,0,Midday (9am-4pm),14:03,14:18,9,48,1,15.0,no,false,Low (<50%),CLEAR,Traffic Jam,80,3.0
TRP00154,2025-06-30,Monday,false,  Midday (9am-4pm)  ,09:58,09:58,4,92,4,0.7,1,0,  Low (<50%)  ,Heavy Rain,None,98,3.9
TRP00375,2025-04-26,Saturday,yes,Early Morning (5-7am),06:35,06:38,5,53,10,3.3,True,False,  Full (80-100%)  ,Clear,Road Construction,70,3.4
TRP02677,2025-08-27,Wednesday,No,Midday (9am-4pm),15:05,15:18,6,102,11,13.6,N,false,Full (80-100%),Clear,Road Accident Nearby,100,2.6
TRP02637,2025-06-20,Friday,False,Morning Peak (7-9am),08:49,09:15,12,18,2,26.3,false,no,Full (80-100%),Clear,Traffic Jam,195,2.0
TRP02983,06/07/2025,Sunday,1,Evening Peak (4-7pm),16:34,16:38,6,97,7,4.7,1,0,Moderate (50-80%),Clear,None,155,
TRP00198,2025-05-10,saturday,yes,Early Morning (5-7am),06:54,06:48,3,52,3,-5.4,No,0,Moderate (50-80%),Clear,None,KES 120,2.4
TRP02752,11/03/2025,Tuesday,0,Morning Peak (7-9am),07:03,07:05,6,30,7,2.6,true,no,Full (80-100%),Clear,None,140,3.6
TRP02202,2025-08-08,Friday,no,Morning Peak (7-9am),07:09,07:16,3,60,2,7.7,N,False,Moderate (50-80%),Clear,None,137,2.1
TRP00611,2025-01-14,Tuesday,no,Night (7-10pm),21:55,22:10,9,66,10,15.8,N,No,Full (80-100%),Clear,Vehicle Breakdown,80,3.3
TRP01616,02-21-2025,Friday,N,Evening Peak (4-7pm),17:32,17:36,8,102,2,4.3,TRUE,0,,Overcast,Police Checkpoint,88,3.7
TRP02679,19/02/2025,Wednesday,0,Midday (9am-4pm),13:40,13:45,4,94,2,5.4,no,False,Full (80-100%),Clear,Overloading Delay,80,2.2
TRP00801,2025-06-11,Wednesday,0,Evening Peak (4-7pm),17:48,18:04,6,86,2,16.3,N,False,Overloaded (>100%),LIGHT RAIN,None,185,1.6
TRP00345,2025-02-27,Thursday,No,Morning Peak (7-9am),07:22,07:44,9,115,6,22.2,no,false,Full (80-100%),Clear,Traffic Jam,112,
TRP02330,2025-06-23,  Monday  ,0,Morning Peak (7-9am),08:19,08:25,11,15,11,6.8,No,no,Moderate (50-80%),Clear,Road Accident Nearby,162,2.1
TRP01882,2025-04-21,Monday,FALSE,Night (7-10pm),21:25,21:40,3,93,1,15.0,0,N,Moderate (50-80%),Clear,Vehicle Breakdown,120,1.7
TRP00012,2025-05-07,Wednesday,0,Evening Peak (4-7pm),16:58,16:56,6,54,5,-2.0,TRUE,FALSE,Moderate (50-80%),Overcast,None,118,4.5
TRP02689,2025-01-22,Wednesday,False,Morning Peak (7-9am),08:56,09:16,5,107,3,20.3,N,N,Full (80-100%),unknown,Vehicle Breakdown,84,3.1
TRP03162,2025-07-28,Monday,no,Morning Peak (7-9am),07:07,07:38,1,23,8,31.3,0,FALSE,Moderate (50-80%),  NA  ,Vehicle Breakdown,136,3.5
TRP01397,2025-05-05,Monday,0,Early Morning (5-7am),05:20,05:40,2,67,9,20.0,0,FALSE,MODERATE (50-80%),Clear,Road Accident Nearby,90,2.9
TRP02832,2025-08-20,Wednesday,FALSE,Midday (9am-4pm),10:29,10:26,9,76,2,-3.0,True,No,Full (80-100%),Clear,Road Construction,80,4.3
TRP01176,2025-05-19,Monday,False,EVENING PEAK (4-7PM),16:23,16:28,1,5,7,5.7,False,FALSE,Low (<50%),Clear,  None  ,112,2.8
TRP03260,2025-04-22,Tuesday,N,Morning Peak (7-9am),07:25,07:29,9,68,10,4.6,True,N,Full (80-100%),Clear,None,125,3.1
TRP02507,2025-06-27,Friday,False,Evening Peak (4-7pm),17:31,17:46,7,43,3,15.9,No,0,Moderate (50-80%),Heavy Rain,None,219,2.2
TRP02797,2025-05-26,Monday,False,  Morning Peak (7-9am)  ,07:48,07:58,6,114,5,10.7,0,no,Moderate (50-80%),Light Rain,Police Checkpoint,165,
TRP01067,2025-01-16,Thursday,No,Early Morning (5-7am),05:25,05:27,8,73,9,2.7,TRUE,N,Moderate (50-80%),Clear,Road Construction,KES 60,
TRP03282,2025-07-01,Tuesday,False,Morning Peak (7-9am),08:28,08:36,3,8,11,8.9,no,No,Overloaded (>100%),Light Rain,None,234,3.0
TRP01453,2025-02-24,Monday,0,Morning Peak (7-9am),08:34,08:46,7,21,6,12.0,False,0,Full (80-100%),CLEAR,None,187,2.1
TRP02625,2025-07-08,Tuesday,No,Morning Peak (7-9am),08:20,08:25,3,60,2,5.4 min,N,FALSE,Full (80-100%),,NONE,,2.4
TRP01124,2025-03-14,Friday,False,MIDDAY (9AM-4PM),13:07,13:20,11,16,9,13.2,False,false,Moderate (50-80%),Light Rain,Road Construction,KES 122,2.7
TRP02921,2025-06-08,Sunday,true,MORNING PEAK (7-9AM),08:44,08:44,7,9,8,0.7,1,No,Full (80-100%),Clear,none,198,5.0
TRP02372,2025-01-23,Thursday,FALSE,Evening Peak (4-7pm),18:15,18:32,1,117,10,17.7,false,False,999,Clear,Road Accident Nearby,132,3.3
TRP01106,2025-07-15,tuesday,No,Midday (9am-4pm),14:38,14:41,7,87,2,3.2,true,False,Moderate (50-80%),clear,Police Checkpoint,150,3.9
TRP02593,2025-06-22,Sunday,Yes,  Early Morning (5-7am)  ,05:14,05:11,3,54,2,-2.9,Y,False,Moderate (50-80%),Clear,None,120,3.7
TRP00571,2025-04-06,Sunday,Y,Early Morning (5-7am),05:39,05:52,8,101,,13.4,no,no,999,  Clear  ,,60,6.2
TRP03307,2025-02-27,Thursday,False,Morning Peak (7-9am),07:31,07:30,5,29,4,-0.4,yes,N,,Clear,None,111,3.5
TRP02753,2025-04-27,Sunday,true,Evening Peak (4-7pm),18:48,18:58,7,95,8,10.0,no,False,Full (80-100%),Clear,Road Construction,209,2.8
TRP01745,18-Feb-2025,Tuesday,No,Midday (9am-4pm),09:08,09:11,7,54,1,3.6,Y,no,Moderate (50-80%),Clear,None,150,2.2
TRP00481,2025-04-04,Friday,False,Evening Peak (4-7pm),16:44,17:03,7,118,10,19.9,False,0,999,,Road Accident Nearby,200,3.1
TRP03360,2025-05-06,Tuesday,False,Early Morning (5-7am),06:09,06:10,2,75,8,353.0,yes,False,Moderate (50-80%),Clear,Traffic Jam,90,2.8
TRP03165,2025-06-22,Sunday,True,Morning Peak (7-9am),07:09,07:18,5,64,3,9.3,False,False,Moderate (50-80%),Clear,ROAD CONSTRUCTION,96,
TRP02075,2025-08-26,Tuesday,FALSE,Early Morning (5-7am),05:38,05:39,1,10,7,347.3,true,False,moderate (50-80%),Light Rain,  None  ,125,4.7
TRP00840,2025-01-07,Tuesday,false,EVENING PEAK (4-7PM),18:35,18:38,5,30,6,3.8,True,false,Overloaded (>100%),Clear,None,98,3.3
TRP02574,05-01-2025,  Thursday  ,False,Evening Peak (4-7pm),17:30,17:39,12,29,4,9.3,false,FALSE,Moderate (50-80%),Clear,Overloading Delay,248,1.1
TRP00786,2025-07-02,Wednesday,No,Night (7-10pm),21:23,21:24,5,113,8,1.6,Y,0,Low (<50%),clear,None,Ksh70,3.7
TRP02887,2025-03-06,Thursday,False,EVENING PEAK (4-7PM),17:58,17:58,7,41,2,-0.0,Y,False,Full (80-100%),Clear,None,198,7.8
TRP02667,2025-03-24,Monday,No,Evening Peak (4-7pm),17:21,17:25,7,79,4,4.2,Y,no,Overloaded (>100%),Light Rain,None,239,2.3
TRP00195,2025-06-04,Wednesday,No,Evening Peak (4-7pm),16:00,16:01,3,77,9,1.0,True,N,Full (80-100%),Clear,NONE,139,
TRP00983,2025-06-26,Thursday,False,Evening Peak (4-7pm),16:08,16:12,3,75,2,4.0,1,No,Low (<50%),Clear,None,133,2.7
TRP02553,2025-02-01,Saturday,true,Morning Peak (7-9am),08:48,09:13,5,38,11,25.3,No,false,Moderate (50-80%),Clear,Vehicle Breakdown,88,1.8
TRP01714,07-13-2025,Sunday,Yes,Morning Peak (7-9am),07:34,07:33,8,4,8,-0.6,yes,N,Full (80-100%),Clear,Police Checkpoint,72,4.5
TRP02962,2025-02-10,Monday,0,Night (7-10pm),19:06,19:16,4,67,11,10.7,No,no,moderate (50-80%),N/A,Vehicle Breakdown,,2.4
TRP01996,2025-01-28,Tuesday,no,Morning Peak (7-9am),08:28,08:37,8,87,5,9.4,false,false,Moderate (50-80%),Overcast,None,77,
TRP01564,2025-06-25,Wednesday,False,Early Morning (5-7am),05:41,06:09,6,118,2,28.1,False,No,Low (<50%),Light Rain,Vehicle Breakdown,118,3.0
TRP00411,2025-05-10,Saturday,Yes,Evening Peak (4-7pm),16:35,16:39,10,73,2,4.2,Yes,False,Low (<50%),Light Rain,None,107,4.2
TRP02093,2025-07-15,  Tuesday  ,FALSE,Evening Peak (4-7pm),17:36,18:01,10,60,2,25.9,false,no,Low (<50%),clear,  Road Accident Nearby  ,94,1.7
TRP00299,2025-04-05,Saturday,Yes,Midday (9am-4pm),13:35,13:35,5,106,7,-0.0,Y,False,Moderate (50-80%),,None,85,2.8
TRP03273,2025-02-14,Friday,0,Night (7-10pm),21:47,21:50,8,7,4,3.1,True,no,Full (80-100%),Clear,None,60,3.5
TRP01287,2025-02-15,Saturday,yes,Evening Peak (4-7pm),16:23,16:26,12,56,9,3.4,true,false,Moderate (50-80%),Clear,Police Checkpoint,180,4.1
TRP01235,2025-02-25,TUESDAY,False,Evening Peak (4-7pm),18:22,18:30,10,89,6,8.4,FALSE,false,,Clear,Road Accident Nearby,KES 89,3.0
TRP01858,27-Apr-2025,Sunday,yes,Midday (9am-4pm),13:22,13:37,10,90,2,15.4,N,N,Overloaded (>100%),Light Rain,Road Accident Nearby,78,3.2
TRP00770,2025-08-22,Friday,0,Night (7-10pm),20:21,20:29,7,116,1,8.6,False,False,Moderate (50-80%),Light Rain,None,164,2.7
TRP01349,2025-03-23,Sunday,True,early morning (5-7am),05:59,06:15,4,30,2,16.3,False,No,Moderate (50-80%),Light Rain,Road Accident Nearby,93,2.6
TRP02476,2025-06-10,Tuesday,0,Morning Peak (7-9am),08:26,08:31,5,57,10,5.1,False,N,Full (80-100%),Light Rain,None,124,3.3
TRP02781,2025-08-19,Tuesday,False,MORNING PEAK (7-9AM),07:09,07:17,4,61,9,8.2,False,False,Moderate (50-80%),Light Rain,Police Checkpoint,104,
TRP00630,2025-02-23,Sunday,yes,Morning Peak (7-9am),08:02,08:01,11,28,3,-0.2,Y,FALSE,Moderate (50-80%),Clear,Police Checkpoint,173,4.6
TRP00521,15-Mar-2025,Saturday,True,Early Morning (5-7am),06:35,06:31,8,102,4,-3.7,True,no,Low (<50%),Clear,None,60,2.9
TRP03258,2025-02-12,Wednesday,False,Morning Peak (7-9am),07:01,07:10,6,95,7,9.7,no,False,Moderate (50-80%),Light Rain,None,128,1.8
TRP02385,2025-05-15,thursday,False,Morning Peak (7-9am),08:32,08:41,9,109,11,9.3,False,no,Moderate (50-80%),CLEAR,Overloading Delay,104,2.1
TRP02032,2025-06-20,Friday,False,Morning Peak (7-9am),08:30,08:46,7,10,8,16.0 min,no,N,Overloaded (>100%),Light Rain,OVERLOADING DELAY,269,2.5
TRP00645,2025-01-29,Wednesday,N,Evening Peak (4-7pm),18:24,18:24,2,63,7,0.7,yes,False,Full (80-100%),Clear,None,127,4.4
TRP02029,2025-03-21,Friday,0,Morning Peak (7-9am),08:31,08:36,2,47,10,5.2,False,N,Full (80-100%),Light Rain,Road Construction,108,2.9
TRP00465,2025/02/14,friday,no,  Night (7-10pm)  ,21:41,21:43,1,10,8,2.3,yes,False,Low (<50%),Clear,None,100,4.4
TRP02140,2025-07-08,tuesday,False,Early Morning (5-7am),06:13,06:23,3,82,10,10.7,no,FALSE,Moderate (50-80%),clear,Traffic Jam,120,1.7
TRP01826,2025-05-26,Monday,N,Night (7-10pm),20:49,21:01,7,67,2,12.5,no,0,Moderate (50-80%),Clear,Traffic Jam,150,2.5
TRP02731,2025-01-27,MONDAY,no,Midday (9am-4pm),13:36,13:41,7,61,10,5.4,N,False,full (80-100%),Clear,Road Construction,150,1.9
TRP02132,2025-06-06,Friday,0,Evening Peak (4-7pm),18:12,18:21,3,29,2,9.6,false,no,Full (80-100%),Clear,Police Checkpoint,156,3.7
TRP01275,2025-03-18,Tuesday,N,Midday (9am-4pm),09:14,09:21,7,39,1,7.1,false,no,Low (<50%),Clear,Overloading Delay,150,3.3
TRP03047,2025-03-26,Wednesday,FALSE,Morning Peak (7-9am),07:23,07:28,1,9,1,5.5,0,FALSE,Full (80-100%),Clear,Police Checkpoint,111,
TRP00969,06-26-2025,Thursday,False,Midday (9am-4pm),12:30,12:31,10,89,4,1.5,Yes,False,Moderate (50-80%),Clear,Police Checkpoint,Ksh70,4.7
TRP00130,2025-06-04,Wednesday,false,Evening Peak (4-7pm),16:23,16:32,12,70,3,9.3,False,False,Full (80-100%),Clear,None,KES 221,5.2
TRP00431,2025-05-29,Thursday,no,Morning Peak (7-9am),08:09,08:16,2,113,4,7.7,False,False,Moderate (50-80%),Clear,Road Construction,110,1.6
TRP02189,2025-05-18,SUNDAY,Yes,Early Morning (5-7am),05:26,05:23,8,1,8,-2.7,Y,N,Moderate (50-80%),Clear,None,60,4.7
TRP03436,2025-03-24,Monday,no,Midday (9am-4pm),10:35,10:33,5,116,3,-1.1,1,0,,Overcast,None,70,2.7
TRP03182,2025-08-09,Saturday,TRUE,Midday (9am-4pm),15:47,15:45,11,23,1,-1.6,1,no,Low (<50%),Heavy Rain,None,131,2.1
TRP00808,2025-07-02,Wednesday,0,Morning Peak (7-9am),07:09,07:32,4,104,9,23.9,0,False,Full (80-100%),Light Rain,Road Accident Nearby,99,5.0
TRP01116,2025-02-22,Saturday,True,Night (7-10pm),19:58,19:57,12,46,4,-0.4,Y,false,Full (80-100%),Clear,None,160,4.3
TRP00991,2025-08-26,Tuesday,N,Evening Peak (4-7pm),18:04,18:19,5,96,7,15.3,false,N,Low (<50%),Clear,Traffic Jam,84,4.3
TRP02780,2025-07-23,Wednesday,0,Morning Peak (7-9am),07:19,07:30,9,79,9,11.3,False,FALSE,Full (80-100%),Light Rain,Police Checkpoint,111,1.3
TRP01434,2025-08-17,Sunday,Y,Midday (9am-4pm),13:37,13:39,8,33,10,2.7,true,FALSE,Overloaded (>100%),,None,60,3.3
TRP01879,2025-05-30,Friday,N,Evening Peak (4-7pm),16:16,16:24,1,73,11,8.4,False,0,Overloaded (>100%),Clear,Traffic Jam,133,2.7
TRP01816,2025-02-16,Sunday,true,Midday (9am-4pm),11:35,11:40,6,104,6,5.0 min,True,0,Low (<50%),clear,Police Checkpoint,100,3.6
TRP02378,06-25-2025,Wednesday,FALSE,Midday (9am-4pm),11:37,11:43,12,85,6,6.4 min,No,false,Full (80-100%),Light Rain,Road Construction,177,2.8
TRP02739,2025-08-24,Sunday,Yes,Evening Peak (4-7pm),17:32,17:38,7,71,4,6.9,FALSE,0,,Overcast,None,205,1.9
TRP02275,2025-06-15,Sunday,yes,Midday (9am-4pm),09:46,09:43,9,38,5,-2.9,True,N,Full (80-100%),Clear,None,80,5.0
TRP00420,2025-04-05,Saturday,1,Evening Peak (4-7pm),18:16,18:27,10,23,2,11.7,False,false,Full (80-100%),Clear,VEHICLE BREAKDOWN,94,2.5
TRP02699,01-Apr-2025,Tuesday,False,Morning Peak (7-9am),07:35,07:38,8,93,4,3.1,TRUE,N,Overloaded (>100%),Clear,None,86,2.2
TRP01152,2025-02-10,Monday,False,Night (7-10pm),21:42,21:38,10,87,11,-3.1,Yes,false,FULL (80-100%),Clear,None,70,
TRP02016,24/03/2025,Monday,No,Morning Peak (7-9am),07:47,07:43,4,111,1,-3.9,true,No,Full (80-100%),Clear,None,125,4.0
TRP02640,2025-04-30,Wednesday,no,Midday (9am-4pm),14:48,14:50,11,14,3,2.3,Y,no,Moderate (50-80%),Clear,None,110,2.9
TRP02035,2025-02-08,Saturday,1,Midday (9am-4pm),13:23,13:17,9,51,11,-6.0,0,False,Low (<50%),Clear,None,80,2.6
TRP00795,2025-04-12,Saturday,True,Midday (9am-4pm),10:32,10:33,6,11,8,1.7,1,N,Full (80-100%),Clear,Police Checkpoint,100,4.5
TRP00997,2025-07-22,Tuesday,no,evening peak (4-7pm),16:09,16:24,2,57,11,15.8,False,N,Moderate (50-80%),LIGHT RAIN,Road Construction,130,2.4
TRP00342,2025-07-17,Thursday,False,Evening Peak (4-7pm),17:36,17:40,10,77,3,4.1,1,N,Moderate (50-80%),Clear,None,79,
TRP00826,2025-01-03,FRIDAY,False,Night (7-10pm),21:53,21:55,12,2,4,2.6,True,FALSE,Full (80-100%),Clear,Police Checkpoint,160,4.2
TRP02481,2025-08-01,Friday,False,MORNING PEAK (7-9AM),07:58,07:58,5,50,2,0.5 min,1,False,Moderate (50-80%),  Clear  ,None,106,4.2
TRP01469,2025-03-01,saturday,True,Morning Peak (7-9am),07:28,07:32,2,82,8,4.4,N,Yes,Moderate (50-80%),Clear,NONE,107,2.1
TRP03075,08-01-2025,Friday,No,Early Morning (5-7am),05:25,05:39,1,30,3,14.4,false,FALSE,Full (80-100%),Overcast,Road Accident Nearby,100,2.3
TRP00121,2025-07-14,Monday,False,Midday (9am-4pm),09:39,09:49,1,120,9,10.6,FALSE,false,Low (<50%),Clear,Traffic Jam,100,
TRP03103,2025-06-28,Saturday,Y,Morning Peak (7-9am),08:27,08:34,12,22,11,7.7,False,no,Full (80-100%),Clear,Overloading Delay,210,2.4
TRP01198,01-02-2025,  Thursday  ,N,Early Morning (5-7am),05:34,05:56,2,42,2,22.1,FALSE,No,Overloaded (>100%),Heavy Rain,Traffic Jam,113,2.4
TRP00819,2025-08-12,Tuesday,No,Morning Peak (7-9am),08:46,08:56,3,22,,10.0,false,False,Full (80-100%),Clear,Overloading Delay,Ksh187,1.8
TRP03097,2025-07-17,Thursday,no,Early Morning (5-7am),06:04,06:03,8,92,2,-0.9,true,false,Low (<50%),Overcast,None,60,7.2
TRP02590,2025-07-30,Wednesday,No,Evening Peak (4-7pm),17:00,17:17,8,11,6,17.6,False,no,Overloaded (>100%),Clear,Traffic Jam,86,
TRP03108,2025-03-30,Sunday,True,Night (7-10pm),19:43,19:37,10,15,7,-6.0,N,no,Low (<50%),clear,None,70,4.1
TRP00029,2025-01-23,Thursday,0,Morning Peak (7-9am),08:10,08:20,12,93,6,10.7,False,No,,,Traffic Jam,239,2.5
TRP02301,2025-03-20,Thursday,False,Early Morning (5-7am),05:37,05:39,2,31,1,2.3,True,No,Low (<50%),Clear,Traffic Jam,90,3.2
TRP02821,2025-05-15,Thursday,false,Evening Peak (4-7pm),16:41,16:49,1,112,5,8.8,false,false,Overloaded (>100%),,None,130,2.7
TRP00925,2025-05-26,Monday,FALSE,Midday (9am-4pm),13:40,13:42,1,26,8,2.1,true,False,Low (<50%),Clear,None,100,2.9
TRP01640,2025-08-13,wednesday,False,Early Morning (5-7am),06:06,06:13,10,29,10,7.2,FALSE,N,Low (<50%),Overcast,Road Construction,70,3.2
TRP01206,2025-01-28,Tuesday,N,Morning Peak (7-9am),08:32,08:37,1,49,4,5.3,False,FALSE,Moderate (50-80%),Clear,None,138,1.0
TRP01876,2025-07-04,Friday,False,Morning Peak (7-9am),07:24,07:38,5,65,1,14.2,False,False,Moderate (50-80%),Clear,Overloading Delay,81,3.7
TRP00635,2025-04-13,Sunday,1,Evening Peak (4-7pm),18:05,18:14,8,85,11,9.3,0,0,Overloaded (>100%),Clear,Traffic Jam,KES 78,
TRP01841,2025-05-02,Friday,FALSE,Evening Peak (4-7pm),18:58,19:09,5,15,10,11.3,N,false,Low (<50%),Clear,None,93,4.1
TRP02664,2025-02-18,Tuesday,N,Evening Peak (4-7pm),17:00,17:25,12,2,6,25.4,N,0,Overloaded (>100%),Heavy Rain,None,216,3.5
TRP01245,2025-08-18,Monday,False,Evening Peak (4-7pm),17:16,17:28,11,72,3,12.1,0,No,Low (<50%),Light Rain,Police Checkpoint,162,4.1
TRP03454,2025-06-05,Thursday,False,Evening Peak (4-7pm),17:46,17:50,11,69,11,4.9,Yes,No,Overloaded (>100%),  Clear  ,None,142,3.2
TRP01867,2025-04-25,Friday,no,Early Morning (5-7am),06:02,06:22,9,68,5,20.2,No,false,Moderate (50-80%),Overcast,vehicle breakdown,80,2.7
TRP01342,2025-04-27,Sunday,Yes,Night (7-10pm),19:58,20:20,4,24,4,22.8,0,False,Low (<50%),Clear,Vehicle Breakdown,80,3.7
TRP01071,2025-05-01,Thursday,no,EARLY MORNING (5-7AM),05:31,05:35,4,53,1,4.3,Y,0,Full (80-100%),Overcast,Overloading Delay,80,2.6
TRP00388,2025-06-27,Friday,No,Evening Peak (4-7pm),18:00,18:29,11,38,10,29.5 min,no,no,Full (80-100%),Overcast,Vehicle Breakdown,127,2.8
TRP01671,2025-03-22,Saturday,TRUE,Midday (9am-4pm),14:22,14:35,9,22,11,13.0,No,False,Low (<50%),Light Rain,Road Construction,93,2.9
TRP02279,2025-03-04,Tuesday,N,Midday (9am-4pm),14:01,14:07,4,77,7,6.8,0,FALSE,Full (80-100%),,Road Construction,80,2.1
TRP01669,2025-03-22,Saturday,True,Morning Peak (7-9am),07:42,07:53,2,44,9,11.0,False,FALSE,Overloaded (>100%),Clear,Road Accident Nearby,141,3.8
TRP02261,2025-01-18,Saturday,True,morning peak (7-9am),07:10,07:17,7,120,2,7.5,False,FALSE,Low (<50%),Clear,Overloading Delay,216.00,3.7
TRP02541,2025-02-04,Tuesday,false,Evening Peak (4-7pm),17:13,17:31,9,7,4,18.5 min,False,FALSE,low (<50%),,ROAD ACCIDENT NEARBY,109,2.8
TRP00372,2025-04-29,Tuesday,N,Evening Peak (4-7pm),17:49,17:57,9,52,8,8.2,no,FALSE,Full (80-100%),Clear,None,101,2.4
TRP02256,2025-05-24,Saturday,1,Early Morning (5-7am),06:27,06:40,8,95,5,13.5,N,0,Full (80-100%),Clear,,60,1.7
TRP01599,2025-03-25,tuesday,0,Morning Peak (7-9am),08:24,08:46,9,8,10,22.4,No,no,Full (80-100%),Heavy Rain,Traffic Jam,160,1.5
TRP00070,2025-08-26,Tuesday,No,Morning Peak (7-9am),07:59,08:17,3,55,1,18.6,false,false,Moderate (50-80%),CLEAR,Police Checkpoint,139,3.5
TRP02465,2025-03-24,Monday,0,Early Morning (5-7am),05:41,05:56,3,115,5,15.3 min,N,FALSE,Moderate (50-80%),Light Rain,Road Accident Nearby,Ksh132,2.7
TRP00534,2025-07-25,Friday,False,Morning Peak (7-9am),08:10,08:18,3,21,8,8.4,FALSE,FALSE,Moderate (50-80%),Clear,Road Construction,163,1.6
TRP00940,2025-03-01,Saturday,Yes,Midday (9am-4pm),13:36,13:31,2,111,4,-4.4,Yes,N,Moderate (50-80%),Clear,None,90,3.2
TRP02774,2025-03-28,Friday,False,Morning Peak (7-9am),08:26,08:24,10,26,8,-1.5,yes,No,Overloaded (>100%),Clear,None,103,3.6
TRP01927,2025-04-02,Wednesday,no,Evening Peak (4-7pm),18:13,18:17,11,117,11,4.7,Yes,no,Overloaded (>100%),Clear,None,152,1.9
TRP02860,2025-02-01,Saturday,1,Midday (9am-4pm),10:39,10:45,10,6,9,6.1,false,N,Full (80-100%),N/A,Overloading Delay,77,5.4
TRP01216,2025-01-13,Monday,FALSE,Midday (9am-4pm),15:13,15:09,9,14,11,-3.2,yes,no,Low (<50%),Clear,None,80,4.3
TRP03294,2025-08-02,Saturday,Yes,Evening Peak (4-7pm),16:38,16:36,2,101,4,-1.7,TRUE,no,Moderate (50-80%),Clear,None,136,
TRP01265,2025-03-21,Friday,N,Evening Peak (4-7pm),17:27,17:33,4,48,6,6.2,0,0,Low (<50%),Light Rain,None,97,2.1
TRP02758,2025-08-28,Thursday,No,Morning Peak (7-9am),08:13,08:23,2,35,2,10.2,No,N,Full (80-100%),Light Rain,Road Construction,157,2.8
TRP02998,2025-02-22,Saturday,true,Midday (9am-4pm),11:04,10:58,10,67,5,-6.0,False,No,Low (<50%),Clear,None,70,1.9
TRP02020,2025-07-28,Monday,0,Evening Peak (4-7pm),16:06,16:18,8,82,7,12.8,0,N,Low (<50%),Clear,Overloading Delay,79,
TRP02504,2025-08-10,Sunday,True,Midday (9am-4pm),10:33,10:50,5,68,1,17.5,no,False,Moderate (50-80%),Light Rain,Road Accident Nearby,84,1.9
TRP01254,2025-05-13,Tuesday,No,Morning Peak (7-9am),08:16,08:27,6,79,2,11.3,False,0,,Light Rain,,168,3.2
TRP03156,2025-05-02,Friday,no,Early Morning (5-7am),05:33,05:38,12,67,1,5.4,no,No,Moderate (50-80%),Light Rain,None,189,3.3
TRP02877,09/03/2025,Sunday,True,Midday (9am-4pm),12:05,12:10,3,33,5,5.0,true,0,Moderate (50-80%),light rain,overloading delay,132,3.4
TRP00845,2025-07-22,Tuesday,0,Midday (9am-4pm),09:27,09:32,11,58,6,5.3,0,FALSE,MODERATE (50-80%),Clear,None,110,1.2
TRP02475,2025-07-22,Tuesday,False,Evening Peak (4-7pm),16:23,16:27,3,14,10,4.2,1,N,moderate (50-80%),Clear,None,183,3.2
TRP02531,2025-05-11,Sunday,true,Morning Peak (7-9am),08:42,08:36,10,21,8,-6.0,no,False,Moderate (50-80%),Clear,None,107,3.9
TRP01845,2025-08-23,Saturday,1,Night (7-10pm),19:05,19:01,4,113,11,-3.7,Y,no,Full (80-100%),Clear,None,80,3.2
TRP03019,2025-04-28,Monday,FALSE,Evening Peak (4-7pm),18:04,18:24,7,106,3,20.4,no,0,moderate (50-80%),Heavy Rain,None,287,4.2
TRP02749,2025-06-20,Friday,false,Evening Peak (4-7pm),18:56,19:02,4,16,1,6.8,false,False,Moderate (50-80%),Clear,Road Construction,116,2.2
TRP03050,2025-03-24,Monday,FALSE,Evening Peak (4-7pm),16:57,17:06,1,80,6,9.3,N,False,Low (<50%),Overcast,Road Construction,150,2.2
TRP03304,2025-06-30,Monday,False,Morning Peak (7-9am),08:13,08:41,11,16,2,28.9,FALSE,False,N/A,Light Rain,vehicle breakdown,172,3.3
TRP03125,2025-06-17,Tuesday,FALSE,Evening Peak (4-7pm),16:38,16:43,11,116,6,5.2,0,False,Full (80-100%),  Overcast  ,Road Construction,165,2.7
TRP01935,2025-08-20,Wednesday,FALSE,Midday (9am-4pm),12:16,12:53,11,98,5,37.5,no,no,Low (<50%),Heavy Rain,Vehicle Breakdown,123,1.4
TRP00872,2025-06-13,Friday,False,Evening Peak (4-7pm),18:23,18:35,12,64,7,12.0,N,No,Low (<50%),Clear,road construction,199,2.6
TRP00755,2025-08-10,Sunday,yes,Midday (9am-4pm),12:10,12:04,1,24,1,-6.0,FALSE,N,Full (80-100%),Clear,None,100,2.0
TRP02919,2025-08-21,Thursday,no,Midday (9am-4pm),13:30,13:33,9,6,9,3.3,TRUE,N,Full (80-100%),Clear,None,80,3.5
TRP01175,2025-08-27,Wednesday,0,Morning Peak (7-9am),08:28,08:33,8,61,7,5.6,False,False,Full (80-100%),Clear,Overloading Delay,94,3.8
TRP02459,2025-05-07,Wednesday,N,Midday (9am-4pm),11:23,11:22,9,44,8,-0.3,Y,false,Moderate (50-80%),Clear,None,80,3.3
TRP02269,2025-08-26,Tuesday,N,early morning (5-7am),06:20,06:21,7,10,10,1.2,true,False,Moderate (50-80%),Clear,Overloading Delay,Ksh150,3.6
TRP00526,2025-05-28,Wednesday,False,Early Morning (5-7am),06:08,06:12,9,105,10,4.3,True,False,Moderate (50-80%),Heavy Rain,None,93,
TRP01373,2025-01-26,Sunday,Yes,Midday (9am-4pm),13:03,13:13,11,5,7,10.0,FALSE,FALSE,Moderate (50-80%),N/A,Traffic Jam,110,2.1
TRP02451,2025-05-21,wednesday,0,Midday (9am-4pm),09:43,09:46,5,46,1,3.1,yes,False,Low (<50%),Light Rain,None,88,2.5
TRP02289,2025-03-13,Thursday,False,Midday (9am-4pm),15:17,15:19,4,119,10,2.0,1,false,Full (80-100%),clear,None,80,2.7
TRP02766,2025-04-01,Tuesday,N,Evening Peak (4-7pm),17:15,17:11,8,39,3,-3.8 min,yes,N,Moderate (50-80%),Clear,None,91,2.8
TRP01837,2025-07-14,Monday,no,Night (7-10pm),19:22,19:38,12,83,6,16.9,False,N,Full (80-100%),Light Rain,Vehicle Breakdown,203,2.8
TRP00576,2025-05-18,Sunday,TRUE,Early Morning (5-7am),05:03,05:10,5,62,4,7.2,FALSE,no,Low (<50%),,Traffic Jam,70,2.9
TRP01138,2025-03-05,Wednesday,False,Midday (9am-4pm),10:45,10:41,10,105,3,-3.6,True,false,Full (80-100%),Clear,None,70,2.2
TRP02139,2025-05-19,Monday,false,Evening Peak (4-7pm),16:11,16:06,11,4,4,-4.7,1,FALSE,Moderate (50-80%),,Overloading Delay,158,4.4
TRP01344,2025-02-16,Sunday,True,Night (7-10pm),20:00,20:07,11,79,5,7.0,N,No,Low (<50%),Light Rain,Traffic Jam,140,3.8
TRP00073,2025-01-09,Thursday,No,Evening Peak (4-7pm),16:47,16:44,9,70,5,-2.2,yes,false,Moderate (50-80%),Clear,None,88,2.7
TRP00584,22/01/2025,Wednesday,N,MIDDAY (9AM-4PM),09:40,09:37,7,27,9,-2.5,True,false,Low (<50%),CLEAR,None,150,2.5
TRP02146,2025-08-12,tuesday,N,Evening Peak (4-7pm),16:32,16:42,11,71,1,10.6,no,False,Moderate (50-80%),,Traffic Jam,162,1.1
TRP00100,2025-05-16,  Friday  ,false,Midday (9am-4pm),13:54,13:51,4,73,10,-2.9,True,no,Moderate (50-80%),Light Rain,None,95,
TRP01510,2025-02-23,Sunday,True,Morning Peak (7-9am),07:33,07:38,3,37,7,5.1,false,False,Low (<50%),Overcast,None,139,1.6
TRP01243,2025-04-21,Monday,FALSE,Midday (9am-4pm),09:13,09:11,1,86,5,-1.1,yes,0,Overloaded (>100%),null,None,100,2.7
TRP03077,2025-04-15,Tuesday,False,Midday (9am-4pm),12:13,12:20,3,90,2,7.2,false,FALSE,Low (<50%),Clear,Police Checkpoint,120,1.5
TRP02291,2025-03-11,Tuesday,no,evening peak (4-7pm),18:56,19:17,9,48,1,21.7,False,FALSE,Full (80-100%),,Road Construction,115,2.6
TRP02068,2025-01-03,Friday,False,Evening Peak (4-7pm),18:11,18:17,5,52,4,6.2,false,False,MODERATE (50-80%),Light Rain,None,KES 111,2.4
TRP01642,2025-06-27,Friday,FALSE,Morning Peak (7-9am),07:45,07:48,10,70,10,3.1,Y,false,Low (<50%),Overcast,None,92,4.0
TRP00839,2025-02-24,Monday,No,Midday (9am-4pm),14:33,14:44,8,74,3,-64.9,no,no,Low (<50%),Clear,vehicle breakdown,60,2.5
TRP01413,2025-03-06,THURSDAY,false,Evening Peak (4-7pm),16:02,16:26,2,25,3,24.9,False,False,Overloaded (>100%),Light Rain,vehicle breakdown,150,3.2
TRP00191,2025-02-09,Sunday,Y,Early Morning (5-7am),05:35,05:33,4,26,3,-2.0,Yes,False,Low (<50%),Light Rain,None,99,
TRP00053,2025-08-07,Thursday,False,Evening Peak (4-7pm),16:45,16:56,12,15,9,11.8 min,No,0,Overloaded (>100%),Heavy Rain,None,228,1.4
TRP02300,2025-03-18,Tuesday,0,Morning Peak (7-9am),07:34,08:11,7,21,2,37.9,false,0,Full (80-100%),Clear,VEHICLE BREAKDOWN,203,4.1
TRP03176,13-Feb-2025,Thursday,FALSE,Midday (9am-4pm),12:21,12:28,1,9,5,7.2,No,0,Full (80-100%),Overcast,Road Construction,100,
TRP02673,2025-05-07,Wednesday,No,Evening Peak (4-7pm),16:30,16:57,8,28,9,27.3,No,FALSE,Moderate (50-80%),Clear,Vehicle Breakdown,KES 78,2.8
TRP00212,2025-04-29,Tuesday,FALSE,Evening Peak (4-7pm),16:41,16:52,8,100,5,416.0,0,False,Moderate (50-80%),Light Rain,None,88,
TRP01318,2025-04-29,Tuesday,false,Morning Peak (7-9am),08:58,09:09,12,107,3,11.8,FALSE,false,Overloaded (>100%),Overcast,Overloading Delay,252,
TRP01039,16/02/2025,Sunday,True,Night (7-10pm),21:49,21:43,9,101,5,439.6,False,N,Moderate (50-80%),999,None,80,3.0
TRP02485,2025-03-07,Friday,false,Morning Peak (7-9am),07:40,07:51,9,22,5,11.6,False,True,Moderate (50-80%),CLEAR,Traffic Jam,90,2.2
TRP02135,2025-01-02,Thursday,False,Evening Peak (4-7pm),17:54,18:13,6,26,5,19.8,FALSE,0,,Clear,Road Accident Nearby,112.00,2.9
TRP01703,2025-08-13,Wednesday,N,Evening Peak (4-7pm),17:12,17:15,1,63,,3.8,TRUE,FALSE,Moderate (50-80%),Clear,None,145,5.0
TRP02718,2025-04-11,Friday,0,Evening Peak (4-7pm),16:59,17:33,4,61,3,34.3,0,False,Low (<50%),,Road Accident Nearby,119,1.9
TRP03211,2025-07-07,monday,FALSE,MIDDAY (9AM-4PM),15:37,15:42,6,53,8,5.3,No,False,Full (80-100%),Overcast,Police Checkpoint,,1.9
TRP00750,2025-04-09,WEDNESDAY,No,Evening Peak (4-7pm),17:39,18:07,2,103,3,28.0,0,0,Full (80-100%),Light Rain,Road Accident Nearby,148,2.9
TRP02127,2025-07-26,Saturday,1,Early Morning (5-7am),06:19,06:16,5,90,3,-2.2,Yes,No,Moderate (50-80%),,None,70,5.0
TRP03203,2025-03-18,Tuesday,False,Midday (9am-4pm),11:45,11:47,9,10,8,2.5,Y,False,Moderate (50-80%),Clear,None,80,3.2
TRP01064,2025-01-09,Thursday,no,Evening Peak (4-7pm),18:54,19:05,10,18,,11.2,FALSE,False,Full (80-100%),Heavy Rain,None,91,1.7
TRP01385,2025-01-05,Sunday,True,Night (7-10pm),19:28,19:33,10,90,11,5.0,Y,no,Moderate (50-80%),Heavy Rain,Overloading Delay,85,3.9
TRP02488,2025-05-10,Saturday,Yes,midday (9am-4pm),11:16,11:34,3,109,11,18.0,no,False,Low (<50%),Clear,Vehicle Breakdown,120,1.8
TRP01429,2025-01-01,Wednesday,false,Midday (9am-4pm),10:44,10:41,2,22,5,-2.5,True,false,Low (<50%),Overcast,None,90,3.6
TRP03423,2025-05-25,Sunday,TRUE,Morning Peak (7-9am),08:47,09:03,9,105,10,16.2 min,False,FALSE,Full (80-100%),  Light Rain  ,Road Accident Nearby,,2.6
TRP03110,2025-01-26,Sunday,true,Evening Peak (4-7pm),18:19,18:38,1,37,4,19.3,False,0,FULL (80-100%),Clear,Road Accident Nearby,120,
TRP01828,2025-06-28,  Saturday  ,True,Midday (9am-4pm),13:55,13:51,8,34,4,-3.9,yes,0,Moderate (50-80%),,None,KES 60,3.9
TRP03192,2025-02-17,Monday,0,Morning Peak (7-9am),07:18,07:33,9,34,2,15.6,FALSE,false,Moderate (50-80%),heavy rain,None,KES 106,
TRP00621,2025-01-13,Monday,False,Midday (9am-4pm),09:20,09:18,1,19,4,-1.4,No,yes,Moderate (50-80%),Clear,None,Ksh100,1.8
TRP03226,2025-01-05,Sunday,True,Midday (9am-4pm),13:34,13:51,1,28,5,17.2,No,No,  Moderate (50-80%)  ,Overcast,Road Accident Nearby,100,
TRP02000,2025-01-29,Wednesday,N,Morning Peak (7-9am),07:48,08:11,9,15,1,23.3,false,false,Low (<50%),Heavy Rain,Road Construction,117,3.0
TRP02155,2025-02-26,Wednesday,False,Early Morning (5-7am),06:10,06:06,10,119,11,-3.8,Yes,N,Full (80-100%),  Clear  ,  None  ,Ksh70,3.5
TRP00901,2025-01-29,Wednesday,false,Midday (9am-4pm),09:45,09:48,6,6,10,3.7,true,0,Low (<50%),Clear,OVERLOADING DELAY,100,4.1
TRP00713,2025-03-03,Monday,FALSE,Midday (9am-4pm),10:02,10:20,10,90,7,18.8,False,False,Moderate (50-80%),Heavy Rain,Police Checkpoint,KES 81,3.1
TRP01501,2025-04-05,Saturday,yes,Midday (9am-4pm),09:27,09:26,2,66,11,-0.9,True,0,Moderate (50-80%),CLEAR,Police Checkpoint,90,4.7
TRP01033,2025-01-01,Wednesday,N,Midday (9am-4pm),09:33,09:41,12,27,8,8.5,FALSE,0,Low (<50%),Light Rain,Police Checkpoint,198,3.7
TRP01087,11/03/2025,Tuesday,False,Morning Peak (7-9am),07:45,08:08,1,27,11,23.1,no,no,Moderate (50-80%),Light Rain,Traffic Jam,Ksh179,2.4
TRP01049,2025-01-27,Monday,no,Morning Peak (7-9am),08:09,08:26,4,15,2,17.9,False,True,Moderate (50-80%),Light Rain,None,139,3.0
TRP02627,2025-01-21,Tuesday,False,Night (7-10pm),20:02,20:08,10,62,4,6.3,N,false,Moderate (50-80%),Clear,None,70,2.6
TRP01918,2025-07-26,Saturday,1,Evening Peak (4-7pm),17:00,17:11,7,25,6,11.5,false,False,  Moderate (50-80%)  ,Light Rain,Police Checkpoint,253,3.4
TRP00943,2025-02-15,Saturday,Yes,Midday (9am-4pm),13:00,12:54,10,24,,-6.0,FALSE,false,Moderate (50-80%),Clear,None,70,3.0
TRP02246,2025-01-04,Saturday,True,Night (7-10pm),21:59,22:02,1,88,10,3.6,Yes,False,MODERATE (50-80%),Overcast,Police Checkpoint,100,3.7
TRP00515,2025-04-07,Monday,0,Early Morning (5-7am),05:52,05:57,11,93,5,5.3,False,1,Low (<50%),Light Rain,none,125,3.4
TRP00674,2025-02-15,Saturday,1,Early Morning (5-7am),05:26,05:38,4,42,6,12.6,0,0,Full (80-100%),Clear,vehicle breakdown,80,1.8
TRP01853,2025-04-21,Monday,False,Morning Peak (7-9am),08:49,09:06,9,87,2,17.4,FALSE,false,Full (80-100%),Light Rain,None,120,2.4
TRP02232,2025-07-27,Sunday,1,Midday (9am-4pm),12:10,12:16,5,73,3,6.7,no,False,Low (<50%),,traffic jam,70,1.7
TRP01449,2025-02-08,Saturday,1,Evening Peak (4-7pm),17:24,17:49,7,98,3,25.3 min,false,0,Overloaded (>100%),Heavy Rain,Vehicle Breakdown,281,
TRP00183,2025-08-05,Tuesday,false,Morning Peak (7-9am),08:12,08:35,3,94,2,23.3,false,0,Moderate (50-80%),Clear,Vehicle Breakdown,177,3.1
TRP03477,2025-02-10,Monday,False,Midday (9am-4pm),11:22,11:29,6,74,3,7.1,No,0,Low (<50%),Heavy Rain,None,110,2.9
TRP01213,2025-03-26,Wednesday,FALSE,Early Morning (5-7am),06:38,06:37,5,63,2,-0.5,TRUE,FALSE,Low (<50%),Clear,None,70,4.4
TRP00463,2025-06-23,Monday,no,Evening Peak (4-7pm),18:47,18:54,8,82,11,7.9,N,FALSE,overloaded (>100%),Overcast,Traffic Jam,79,3.0
TRP03193,04/04/2025,Friday,False,Morning Peak (7-9am),08:56,09:07,10,99,7,11.8,N,No,Full (80-100%),Clear,Overloading Delay,103,4.3
TRP03114,2025-03-20,Thursday,False,morning peak (7-9am),08:31,08:40,2,60,1,9.0 min,false,N,,  Light Rain  ,Overloading Delay,152,2.3
TRP01293,2025-01-22,Wednesday,False,Midday (9am-4pm),09:59,10:05,7,113,2,6.7,FALSE,False,Low (<50%),Clear,Overloading Delay,150,3.6
TRP01613,2025-07-12,saturday,TRUE,Midday (9am-4pm),13:51,13:45,1,95,7,-5.1,N,No,Low (<50%),Clear,  None  ,100,1.4
TRP00951,2025-03-05,Wednesday,False,Early Morning (5-7am),06:31,06:58,12,41,4,27.0,N,FALSE,Full (80-100%),Heavy Rain,Vehicle Breakdown,,3.6
TRP02785,2025-03-10,Monday,False,Early Morning (5-7am),06:00,06:07,12,77,11,7.9,no,FALSE,Moderate (50-80%),Clear,Road Construction,160,2.8
TRP00891,2025-03-03,Monday,No,Midday (9am-4pm),12:08,12:10,1,60,7,2.3,yes,no,Full (80-100%),Clear,None,100,4.4
TRP02603,2025-04-26,Saturday,true,Evening Peak (4-7pm),18:40,18:49,7,4,11,9.1,False,no,Full (80-100%),Clear,Road Accident Nearby,167,2.6
TRP01864,2025-05-09,Friday,FALSE,Early Morning (5-7am),06:08,06:17,4,8,7,9.4,FALSE,Y,moderate (50-80%),Heavy Rain,None,94,2.4
TRP01229,2025-03-29,Saturday,1,MIDDAY (9AM-4PM),11:39,11:42,5,111,9,3.1,yes,FALSE,Low (<50%),,Traffic Jam,70,4.4
TRP01645,2025-07-28,Monday,N,Morning Peak (7-9am),08:10,08:05,7,3,7,-4.2,Y,false,Moderate (50-80%),Clear,None,172,3.0
TRP00231,2025-04-29,Tuesday,No,evening peak (4-7pm),16:00,16:11,12,1,4,11.1,false,N,MODERATE (50-80%),Clear,Road Accident Nearby,178,4.2
TRP01474,2025-08-08,Friday,No,Early Morning (5-7am),05:04,05:07,11,11,5,3.7,True,False,Full (80-100%),Clear,police checkpoint,110,1.8
TRP02017,2025-04-15,Tuesday,False,Morning Peak (7-9am),08:04,08:12,6,87,9,8.5 min,FALSE,No,Moderate (50-80%),Clear,Road Construction,Ksh135,4.0
TRP02231,2025-05-09,Friday,False,Night (7-10pm),21:49,21:48,8,92,6,-0.1,Y,0,Overloaded (>100%),Clear,None,60,4.3
TRP02757,2025-03-05,wednesday,No,Evening Peak (4-7pm),16:24,16:40,5,109,9,16.0 min,false,N,Low (<50%),Heavy Rain,None,104,
TRP00968,2025-04-01,Tuesday,N,Morning Peak (7-9am),07:33,07:38,4,2,2,5.3,No,FALSE,Full (80-100%),Overcast,NONE,101,2.2
TRP02065,2025-04-22,Tuesday,FALSE,Morning Peak (7-9am),08:47,08:54,1,14,9,7.4,False,False,Full (80-100%),Clear,None,146,2.6
TRP01149,2025-05-19,Monday,N,Morning Peak (7-9am),08:10,08:22,1,75,9,12.8,No,false,Overloaded (>100%),Clear,Road Accident Nearby,,2.2
TRP00753,2025-02-24,Monday,False,Morning Peak (7-9am),07:36,07:40,12,86,5,4.6,1,N,LOW (<50%),Clear,None,250,4.2
TRP00619,2025-08-13,wednesday,0,Morning Peak (7-9am),07:22,07:28,11,93,8,6.2,no,False,Moderate (50-80%),Clear,None,139,2.4
TRP01460,2025-07-31,Thursday,0,Morning Peak (7-9am),07:38,07:52,8,84,,14.1,N,false,Low (<50%),LIGHT RAIN,Road Construction,103,2.7
TRP01127,2025-01-04,Saturday,true,Morning Peak (7-9am),07:22,07:31,12,28,5,9.9,false,false,Full (80-100%),LIGHT RAIN,None,250,2.0
TRP00306,2025-04-19,Saturday,1,Night (7-10pm),21:16,21:15,1,85,10,-0.4,TRUE,False,Low (<50%),Clear,Overloading Delay,100,3.5
TRP02648,2025-05-30,Friday,no,Early Morning (5-7am),06:45,06:41,9,74,11,-3.3,True,False,  Moderate (50-80%)  ,,None,80,4.6
TRP03000,2025-05-05,Monday,0,Midday (9am-4pm),09:19,09:29,8,9,10,10.8,N,No,Low (<50%),Clear,Traffic Jam,60,3.2
TRP01274,2025-07-26,Saturday,yes,Midday (9am-4pm),09:10,09:15,1,96,2,5.0,Yes,no,Full (80-100%),Clear,Overloading Delay,100,4.2
TRP00866,2025-07-01,Tuesday,0,Evening Peak (4-7pm),18:15,18:17,6,3,3,2.5,True,No,Moderate (50-80%),Clear,None,149,5.0
TRP03471,2025-01-24,Friday,no,Evening Peak (4-7pm),18:46,19:14,3,75,6,28.8,N,FALSE,Moderate (50-80%),Clear,Vehicle Breakdown,172,2.7
TRP00240,2025-04-19,Saturday,True,Midday (9am-4pm),14:43,14:42,7,70,9,-0.9,Yes,false,,Clear,Overloading Delay,150,4.5
TRP02058,2025-07-18,Friday,False,Night (7-10pm),20:24,20:45,12,20,4,21.8,no,False,Moderate (50-80%),Clear,Vehicle Breakdown,160,3.2
TRP03099,2025-05-06,Tuesday,no,Evening Peak (4-7pm),16:20,16:35,6,56,9,15.3,N,False,Full (80-100%),Clear,Traffic Jam,116,2.3
TRP01256,2025-04-18,Friday,0,Midday (9am-4pm),15:12,15:12,11,69,11,0.6,1,no,Low (<50%),Light Rain,None,134,4.2
TRP00340,2025-02-08,Saturday,1,Evening Peak (4-7pm),17:51,17:52,6,72,5,1.4,True,No,Overloaded (>100%),Light Rain,None,135,4.5
TRP00456,2025-04-28,Monday,0,Midday (9am-4pm),12:28,12:32,4,48,11,4.2,Yes,false,Low (<50%),Clear,None,,3.8
TRP03347,2025-07-31,Thursday,false,Morning Peak (7-9am),08:34,08:53,1,77,1,19.4,No,False,Moderate (50-80%),Overcast,  Traffic Jam  ,126,2.6
TRP00810,2025-05-19,Monday,false,Evening Peak (4-7pm),16:29,16:32,4,8,4,3.1,Yes,False,Full (80-100%),Clear,None,88,4.1
TRP00307,2025-08-06,Wednesday,False,  Midday (9am-4pm)  ,13:23,13:31,4,68,1,8.0,false,no,Low (<50%),Light Rain,Overloading Delay,85,1.7
TRP00383,2025-08-07,Thursday,0,Evening Peak (4-7pm),18:50,19:10,8,15,9,20.4,False,False,FULL (80-100%),Heavy Rain,Overloading Delay,93,3.1
TRP02568,2025/05/27,Tuesday,FALSE,Morning Peak (7-9am),08:55,09:06,10,51,,11.8,False,False,Full (80-100%),Clear,Traffic Jam,81,2.1
TRP00395,19/06/2025,Thursday,FALSE,early morning (5-7am),05:19,05:15,2,32,2,-3.8,1,false,Moderate (50-80%),Clear,None,,2.8
TRP01112,2025-03-08,Saturday,1,Midday (9am-4pm),09:12,09:07,3,63,1,-4.1,1,0,Low (<50%),Clear,None,120,3.2
TRP02166,2025-01-21,Tuesday,0,Evening Peak (4-7pm),18:59,19:12,12,38,5,13.3,False,False,Full (80-100%),Clear,road construction,183,5.0
TRP02947,2025-07-30,Wednesday,N,Morning Peak (7-9am),07:09,07:17,4,56,10,8.5 min,False,False,Full (80-100%),Clear,Overloading Delay,101,1.9
TRP03235,2025-01-24,Friday,FALSE,Morning Peak (7-9am),08:53,09:03,10,39,8,10.5,No,False,Full (80-100%),Overcast,TRAFFIC JAM,87,3.1
TRP01194,2025-01-14,Tuesday,FALSE,Midday (9am-4pm),09:53,10:00,10,76,8,7.4,false,false,,,None,84,2.8
TRP02115,2025-01-13,Monday,False,early morning (5-7am),06:09,06:27,7,60,6,18.2,no,0,Low (<50%),Light Rain,Vehicle Breakdown,158,4.0
TRP02171,2025-05-06,Tuesday,No,Morning Peak (7-9am),07:32,07:40,8,86,2,8.5,FALSE,N,Overloaded (>100%),Clear,None,88,1.2
TRP02272,2025-07-08,Tuesday,FALSE,Midday (9am-4pm),09:07,09:11,7,115,7,4.0,True,False,Full (80-100%),Clear,None,150,3.2
TRP02708,2025-05-19,Monday,No,Evening Peak (4-7pm),17:00,17:10,10,22,9,10.3,0,FALSE,,Clear,Road Accident Nearby,110,2.5
TRP00155,2025-08-14,Thursday,no,Evening Peak (4-7pm),18:16,18:20,4,63,9,4.8,True,FALSE,Moderate (50-80%),Clear,None,117,4.8
TRP02074,2025-05-15,THURSDAY,false,Morning Peak (7-9am),08:25,08:27,10,27,11,2.6,yes,N,Overloaded (>100%),Overcast,None,93,4.0
TRP02776,2025-07-29,Tuesday,N,Early Morning (5-7am),06:46,06:45,12,101,8,-1.0,TRUE,0,Low (<50%),Clear,None,160,4.7
TRP02715,2025-04-10,Thursday,0,Evening Peak (4-7pm),17:31,17:31,9,3,10,0.3,FALSE,Y,MODERATE (50-80%),Clear,None,116,3.0
TRP01969,2025-06-08,Sunday,true,Midday (9am-4pm),14:28,14:22,2,61,9,-6.0,0,N,Low (<50%),Clear,None,KES 90,2.1
TRP00271,2025-05-12,Monday,N,EVENING PEAK (4-7PM),17:12,17:39,7,96,5,27.7,False,N,Overloaded (>100%),Clear,Vehicle Breakdown,202,2.0
TRP00629,2025-05-18,sunday,true,Midday (9am-4pm),13:50,13:45,8,45,10,-4.8,true,0,moderate (50-80%),Clear,Police Checkpoint,60,4.4
TRP02901,13/01/2025,Monday,no,Morning Peak (7-9am),08:16,08:18,6,67,6,2.6,1,FALSE,Low (<50%),Overcast,None,119,3.2
TRP01744,2025-02-02,Sunday,Yes,Evening Peak (4-7pm),16:25,16:39,4,9,2,14.5,N,N,Moderate (50-80%),Clear,Road Accident Nearby,122,2.0
TRP00129,2025-03-30,sunday,Y,Early Morning (5-7am),06:57,06:51,8,48,7,-5.4,no,0,Low (<50%),Clear,None,60,3.2
TRP01020,2025-03-10,Monday,FALSE,Night (7-10pm),19:15,19:16,5,65,6,1.0,yes,No,Full (80-100%),Clear,Overloading Delay,70,3.9
TRP02411,2025-01-07,Tuesday,No,Night (7-10pm),19:56,20:02,4,117,,6.7,False,No,Full (80-100%),Clear,  Traffic Jam  ,80,
TRP02885,2025-05-19,Monday,False,Midday (9am-4pm),11:24,11:29,1,99,6,5.8,False,FALSE,Low (<50%),OVERCAST,Police Checkpoint,Ksh100,1.7
TRP03163,2025-07-27,Sunday,true,Evening Peak (4-7pm),17:53,17:53,6,27,3,0.1,Y,No,Moderate (50-80%),Overcast,None,121,3.6
TRP01099,2025-03-12,Wednesday,No,Morning Peak (7-9am),07:21,07:45,9,43,8,24.6,no,0,Moderate (50-80%),Overcast,Road Accident Nearby,99,2.5
TRP02991,17/06/2025,Tuesday,FALSE,Early Morning (5-7am),05:30,05:46,4,76,11,16.2 min,False,false,Moderate (50-80%),Clear,Road Accident Nearby,Ksh80,3.2
TRP01334,2025-03-01,Saturday,yes,Midday (9am-4pm),12:11,12:20,7,46,8,9.8,no,N,Low (<50%),Clear,Road Construction,150,3.3
TRP03245,2025-04-04,Friday,N,Evening Peak (4-7pm),16:27,16:38,8,72,8,11.1,0,False,Moderate (50-80%),Clear,Police Checkpoint,69,2.4
TRP02136,2025-05-16,Friday,False,Midday (9am-4pm),13:53,13:55,5,120,7,2.0,True,False,,Clear,none,70,4.0
TRP01031,2025-03-23,Sunday,True,Night (7-10pm),21:56,21:57,7,120,4,1.9,yes,FALSE,Moderate (50-80%),Clear,Police Checkpoint,150,3.2
TRP02458,2025-05-16,Friday,False,Evening Peak (4-7pm),16:47,16:58,2,54,5,11.0,False,FALSE,Moderate (50-80%),Heavy Rain,,107,2.3
TRP02333,2025-01-04,Saturday,True,Midday (9am-4pm),09:32,09:34,11,29,7,2.3 min,True,False,low (<50%),Clear,None,110,3.8
TRP02107,2025-03-16,sunday,yes,Midday (9am-4pm),15:43,15:37,8,79,10,-6.0 min,No,False,Moderate (50-80%),Clear,None,60,2.6
TRP02964,05-27-2025,Tuesday,FALSE,Evening Peak (4-7pm),18:48,19:19,8,27,5,31.0,No,FALSE,Moderate (50-80%),heavy rain,Vehicle Breakdown,78,1.6
TRP02909,2025-08-11,Monday,false,Night (7-10pm),20:56,20:57,1,20,10,1.8,Yes,N,Moderate (50-80%),Clear,Police Checkpoint,100,4.5
TRP02160,2025-05-30,Friday,False,Midday (9am-4pm),12:34,12:33,7,72,,-0.2,yes,No,Low (<50%),Overcast,None,150,
TRP03107,2025-01-25,  Saturday  ,TRUE,Midday (9am-4pm),14:00,14:09,4,38,10,9.8,FALSE,FALSE,Low (<50%),Clear,Police Checkpoint,80,2.6
TRP02045,2025-06-30,Monday,False,Midday (9am-4pm),10:59,11:05,2,13,10,6.5,False,False,moderate (50-80%),Light Rain,None,116,2.4
TRP00235,2025-08-16,Saturday,True,  Midday (9am-4pm)  ,09:56,09:55,6,35,10,-0.4,1,False,Low (<50%),Clear,NONE,100,3.9
TRP03063,2025-02-09,Sunday,True,Midday (9am-4pm),09:32,09:26,5,110,6,-5.7,FALSE,False,Low (<50%),,None,70,1.9
TRP01717,2025-02-25,Tuesday,No,Evening Peak (4-7pm),16:00,16:07,11,65,6,7.3,false,false,Full (80-100%),Clear,Police Checkpoint,122,2.5
TRP00818,2025-07-28,MONDAY,False,Midday (9am-4pm),09:45,09:45,3,23,1,0.2,True,No,n/a,Overcast,Police Checkpoint,120,5.0
TRP00368,2025-05-13,Tuesday,N,Evening Peak (4-7pm),16:16,16:37,1,7,11,21.3,No,yes,Low (<50%),Light Rain,Road Accident Nearby,156,2.3
TRP01025,08-22-2025,Friday,0,Morning Peak (7-9am),07:05,07:16,6,56,4,11.7,False,0,Full (80-100%),clear,Road Accident Nearby,136,2.8
TRP02535,27-Mar-2025,Thursday,0,Midday (9am-4pm),09:47,09:49,4,40,4,2.1,True,False,Moderate (50-80%),,Overloading Delay,80,4.7
TRP00065,2025-03-01,Saturday,True,Evening Peak (4-7pm),18:09,18:20,10,118,4,11.3,0,N,Full (80-100%),Heavy Rain,None,108,2.1
TRP01241,2025-03-26,Wednesday,False,Morning Peak (7-9am),08:04,08:02,9,23,9,-1.1,TRUE,no,Moderate (50-80%),Light Rain,None,110,3.7
TRP01806,2025-07-17,Thursday,no,Morning Peak (7-9am),08:40,08:51,5,58,9,11.8 min,False,False,Moderate (50-80%),Light Rain,Road Construction,Ksh122,3.8
TRP01351,2025-08-03,Sunday,True,Early Morning (5-7am),05:36,05:43,8,43,4,7.0,false,N,Low (<50%),Light Rain,Vehicle Breakdown,,3.0
TRP02112,2025-03-25,Tuesday,N,Morning Peak (7-9am),07:26,07:36,11,101,6,10.2,FALSE,FALSE,Moderate (50-80%),Clear,Road Accident Nearby,144,2.9
TRP01776,2025-04-07,Monday,FALSE,EVENING PEAK (4-7PM),18:59,19:25,4,74,9,26.1,False,false,Full (80-100%),light rain,Road Accident Nearby,146,1.2
TRP00144,2025-04-05,Saturday,true,evening peak (4-7pm),18:51,19:00,8,101,9,9.8,false,False,Low (<50%),Light Rain,None,Ksh107,
TRP01665,2025-08-07,Thursday,False,Night (7-10pm),20:01,19:57,2,97,10,-3.3,Y,No,Low (<50%),,None,KES 90,3.8
TRP01888,2025-01-06,Monday,no,Midday (9am-4pm),11:30,11:33,11,80,7,3.7,1,N,Low (<50%),Clear,Traffic Jam,110,4.1
TRP02097,2025-02-10,Monday,FALSE,Evening Peak (4-7pm),16:24,16:32,7,106,7,8.1,No,false,Low (<50%),Clear,None,231,4.3
TRP00279,2025-04-02,Wednesday,no,Midday (9am-4pm),15:21,15:19,10,61,11,-1.4,1,No,Low (<50%),Clear,None,70,
TRP02575,2025-05-09,Friday,FALSE,Evening Peak (4-7pm),17:19,17:16,9,16,8,-2.8 min,1,False,Full (80-100%),Clear,None,93,4.0
TRP00197,2025-08-22,Friday,0,Night (7-10pm),19:25,19:21,4,24,5,-3.7,TRUE,False,Low (<50%),Clear,None,80,4.4
TRP02939,2025-06-08,Sunday,True,Midday (9am-4pm),12:11,12:17,1,47,4,6.4,No,N,Moderate (50-80%),Clear,Police Checkpoint,100,3.4
TRP03481,2025-01-20,monday,False,Night (7-10pm),20:38,20:52,10,78,3,14.5,0,N,Moderate (50-80%),Clear,Road Accident Nearby,70,4.7
TRP01307,2025-06-05,Thursday,N,Evening Peak (4-7pm),18:14,18:25,1,78,8,11.4 min,FALSE,False,Overloaded (>100%),Clear,Traffic Jam,111,2.4
TRP02886,2025-03-20,Thursday,N,Evening Peak (4-7pm),18:44,19:00,6,89,7,16.6,False,False,Moderate (50-80%),Clear,Vehicle Breakdown,,2.9
TRP00161,2025-03-17,Monday,N,Morning Peak (7-9am),08:35,08:40,10,69,2,5.9,N,N,Low (<50%),Clear,NONE,94,
TRP00751,2025-02-16,Sunday,TRUE,Morning Peak (7-9am),08:26,08:35,10,17,4,9.5,0,No,Moderate (50-80%),Heavy Rain,none,91,3.2
TRP02948,2025-08-26,Tuesday,0,Midday (9am-4pm),13:45,13:48,3,46,7,3.5,True,False,Full (80-100%),Clear,None,120,2.6
TRP00071,2025-01-05,Sunday,true,Morning Peak (7-9am),08:11,08:20,7,80,1,9.5,FALSE,FALSE,  Overloaded (>100%)  ,Clear,Road Construction,203,1.5
TRP02889,2025-07-11,Friday,false,Early Morning (5-7am),05:31,05:50,7,109,7,19.9,False,no,Moderate (50-80%),Overcast,Road Accident Nearby,150,3.0
TRP02668,2025-03-10,Monday,No,Early Morning (5-7am),05:12,05:15,8,117,9,3.4,Yes,No,Overloaded (>100%),Light Rain,None,74,3.4
TRP02363,2025-02-15,Saturday,True,Midday (9am-4pm),09:01,09:09,9,3,3,8.2,False,False,Low (<50%),Clear,traffic jam,80,1.3
TRP01801,2025-05-08,Thursday,false,EVENING PEAK (4-7PM),18:00,18:13,12,15,1,13.1,False,False,full (80-100%),Clear,Road Construction,Ksh250,1.8
TRP00941,2025-07-12,Saturday,Yes,Midday (9am-4pm),15:15,15:27,2,107,5,12.8,N,0,Moderate (50-80%),Heavy Rain,Road Accident Nearby,106,2.3
TRP03415,2025-02-17,Monday,No,Early Morning (5-7am),06:27,06:33,1,107,10,6.6,False,False,Moderate (50-80%),NA,Road Construction,100,3.6
TRP03302,2025-08-25,Monday,0,Evening Peak (4-7pm),18:47,19:13,3,7,7,26.7,False,False,Moderate (50-80%),Light Rain,Road Accident Nearby,203,2.6
TRP01279,2025-04-01,Tuesday,false,Evening Peak (4-7pm),17:33,17:55,10,46,3,22.6,N,no,Full (80-100%),Heavy Rain,None,98,
TRP01221,2025-02-05,Wednesday,0,evening peak (4-7pm),17:45,18:02,6,71,8,17.7,FALSE,No,Moderate (50-80%),  Heavy Rain  ,Road Construction,145,2.1
TRP02304,2025-02-03,Monday,FALSE,Evening Peak (4-7pm),17:11,17:21,5,94,1,10.9 min,0,False,Low (<50%),Clear,Overloading Delay,86,1.7
TRP03195,2025-04-18,Friday,No,Night (7-10pm),20:55,21:00,4,50,8,5.0,1,false,Moderate (50-80%),Light Rain,None,91,4.5
TRP01288,2025-05-02,Friday,False,Morning Peak (7-9am),08:10,08:37,3,87,3,27.2,N,FALSE,Full (80-100%),,Road Accident Nearby,187,1.9
TRP02073,2025-05-20,Tuesday,N,Midday (9am-4pm),11:30,11:33,7,40,7,3.4,yes,False,Moderate (50-80%),Clear,None,150,
TRP02012,2025-03-15,Saturday,true,Night (7-10pm),20:19,20:18,3,84,6,-0.4,Y,No,Moderate (50-80%),Light Rain,None,152,5.0
TRP03238,2025-05-10,Saturday,true,MIDDAY (9AM-4PM),10:46,10:52,12,46,8,6.0,N,N,Moderate (50-80%),Clear,None,160,2.4
TRP00477,2025-05-24,Saturday,true,Midday (9am-4pm),11:05,11:02,5,4,3,-3.0,Yes,no,Moderate (50-80%),Overcast,None,70,4.0
TRP02437,2025-03-26,Wednesday,FALSE,Early Morning (5-7am),05:44,05:41,8,27,8,-2.4,yes,0,  Low (<50%)  ,Light Rain,none,65,3.5
TRP00027,2025-06-06,Friday,N,Midday (9am-4pm),10:14,10:33,8,96,7,19.3,N,False,Low (<50%),Clear,Road Accident Nearby,60,3.5
TRP00963,2025-03-04,Tuesday,no,Morning Peak (7-9am),08:20,08:44,9,17,5,24.0,False,False,Full (80-100%),Clear,Vehicle Breakdown,92,3.1
TRP00899,05-01-2025,Thursday,no,Early Morning (5-7am),06:06,06:04,9,58,8,-1.9,True,no,Moderate (50-80%),Clear,None,80,4.5
TRP01954,2025-07-12,Saturday,Yes,Morning Peak (7-9am),08:32,08:46,9,50,4,14.5 min,False,FALSE,Overloaded (>100%),Clear,Traffic Jam,114,2.7
TRP01890,2025-05-22,Thursday,False,Morning Peak (7-9am),08:47,08:58,4,98,6,11.6,0,FALSE,Full (80-100%),Clear,Road Construction,118,1.6
TRP00186,07/01/2025,Tuesday,False,Midday (9am-4pm),13:55,14:00,12,117,1,5.5,FALSE,N,Full (80-100%),,None,172,2.4
TRP03473,2025-02-08,Saturday,Y,Midday (9am-4pm),11:36,11:45,5,113,2,9.7,FALSE,FALSE,Low (<50%),,None,88,2.7
TRP02331,2025-02-14,Friday,False,Midday (9am-4pm),12:40,12:40,12,40,7,0.4,Y,No,Moderate (50-80%),Clear,None,160,4.4
TRP00278,2025-01-03,Friday,False,Midday (9am-4pm),15:10,15:16,5,36,10,6.6,FALSE,false,Full (80-100%),Light Rain,Road Construction,86,1.0
TRP01933,2025-07-22,Tuesday,False,Morning Peak (7-9am),07:06,07:18,9,24,11,12.9,0,0,Moderate (50-80%),Clear,Police Checkpoint,108,3.3
TRP02142,2025-07-14,Monday,0,Early Morning (5-7am),06:11,06:15,8,64,4,4.4,true,N,Low (<50%),Clear,Traffic Jam,60,3.6
TRP01516,2025-01-29,Wednesday,N,Evening Peak (4-7pm),17:39,17:46,11,96,11,7.4,FALSE,0,Overloaded (>100%),Clear,Road Construction,168,2.2
TRP00847,2025-04-09,Wednesday,0,  Morning Peak (7-9am)  ,08:15,08:27,11,9,11,12.9,N,False,Full (80-100%),Clear,Road Construction,121,4.0
TRP00149,2025-02-14,Friday,N,Night (7-10pm),19:08,19:09,1,11,1,1.8,true,FALSE,Overloaded (>100%),  Clear  ,None,100,5.0
TRP00393,2025-07-09,Wednesday,N,Midday (9am-4pm),15:39,15:52,11,113,10,13.5 min,False,0,Low (<50%),Clear,Vehicle Breakdown,110,
TRP03252,2025-04-15,Tuesday,N,Midday (9am-4pm),10:35,10:39,8,75,11,4.6,True,0,low (<50%),Light Rain,None,63,4.0
TRP00105,2025-01-30,Thursday,FALSE,Evening Peak (4-7pm),17:39,17:43,10,28,11,4.8,1,N,Full (80-100%),Clear,None,82,4.2
TRP01259,2025-02-03,Monday,N,Early Morning (5-7am),05:41,05:39,4,34,5,-1.9,True,false,Low (<50%),Light Rain,None,86,4.5
TRP01727,2025-08-18,Monday,FALSE,Morning Peak (7-9am),08:13,08:19,12,87,3,6.0,False,FALSE,Low (<50%),n/a,Police Checkpoint,221,2.6
TRP02167,24/07/2025,Thursday,no,Morning Peak (7-9am),08:17,08:20,5,11,8,3.1,true,no,Overloaded (>100%),Clear,None,96,4.2
TRP02874,2025-06-16,Monday,0,Morning Peak (7-9am),08:27,08:40,8,11,9,13.2,N,No,Full (80-100%),Clear,Overloading Delay,75,3.5
TRP00591,2025-05-17,Saturday,Yes,Early Morning (5-7am),06:47,06:41,10,95,5,-5.2,0,No,Full (80-100%),Clear,None,70,1.2
TRP00064,2025-04-12,Saturday,Y,midday (9am-4pm),13:33,13:27,5,65,11,-6.0,No,no,Moderate (50-80%),Clear,NONE,70,2.2
TRP02542,2025-07-11,Friday,N,Night (7-10pm),19:57,20:02,8,90,3,5.2,False,N,Moderate (50-80%),Clear,  Road Construction  ,60,3.3
TRP03219,2025-05-02,Friday,FALSE,EVENING PEAK (4-7PM),18:21,18:34,12,39,10,13.9,0,False,Low (<50%),Clear,Traffic Jam,KES 182,2.8
TRP00842,2025-06-21,Saturday,Y,Midday (9am-4pm),11:53,11:52,10,65,11,-0.2,Y,False,Moderate (50-80%),Light Rain,None,85,5.0
TRP02165,2025-01-06,Monday,FALSE,EVENING PEAK (4-7PM),18:52,18:53,2,41,10,1.5,True,No,Overloaded (>100%),Clear,None,142,4.0
TRP01465,2025-08-20,Wednesday,0,Evening Peak (4-7pm),18:21,18:36,9,109,11,15.2,0,N,Full (80-100%),Clear,Overloading Delay,100,3.2
TRP02022,2025-02-04,Tuesday,FALSE,  Evening Peak (4-7pm)  ,18:15,18:21,9,2,8,6.6,no,False,Overloaded (>100%),Light Rain,None,145,1.7
TRP02932,2025-01-10,Friday,FALSE,Midday (9am-4pm),12:39,12:59,6,101,10,20.1,False,0,,Clear,VEHICLE BREAKDOWN,100,3.9
TRP01423,2025-04-15,Tuesday,0,Evening Peak (4-7pm),18:48,19:02,6,29,7,14.3,FALSE,0,Moderate (50-80%),Clear,Road Accident Nearby,KES 139,1.9
TRP00918,2025-08-28,Thursday,FALSE,Night (7-10pm),21:06,21:04,10,24,1,-1.4,True,false,Low (<50%),Clear,None,70,4.4
TRP00707,2025-05-04,Sunday,Yes,  Midday (9am-4pm)  ,12:15,12:14,1,11,10,-0.7,Yes,False,Low (<50%),Clear,NONE,100,4.0
TRP02077,2025-04-18,Friday,False,Midday (9am-4pm),15:34,15:34,6,59,10,0.6,TRUE,No,Full (80-100%),Clear,None,100,2.1
TRP02942,2025-07-06,Sunday,true,Midday (9am-4pm),12:06,12:03,1,75,,-2.5,True,False,Full (80-100%),Clear,None,100,4.2
TRP02802,2025-03-15,Saturday,Y,Midday (9am-4pm),14:28,14:22,7,88,9,-5.4,no,0,Full (80-100%),Overcast,None,150,
TRP01061,2025-01-02,Thursday,FALSE,Evening Peak (4-7pm),17:08,17:28,9,76,8,20.3,False,N,Moderate (50-80%),CLEAR,Road Accident Nearby,121,2.8
TRP00994,2025-04-20,Sunday,true,Morning Peak (7-9am),08:50,08:54,6,9,6,4.5,yes,FALSE,Moderate (50-80%),Clear,Police Checkpoint,158,3.3
TRP00118,2025-05-09,Friday,false,Night (7-10pm),21:30,21:28,6,103,5,-1.6,Yes,false,Low (<50%),Clear,Police Checkpoint,100,3.5
TRP01554,2025-04-19,Saturday,Yes,Midday (9am-4pm),13:03,13:02,3,47,4,-0.6,TRUE,No,Low (<50%),Light Rain,None,127,3.6
TRP02070,2025-04-03,Thursday,0,Early Morning (5-7am),06:24,06:18,10,117,10,-6.0,N,FALSE,Overloaded (>100%),Clear,None,70,2.7
TRP03081,2025-02-28,Friday,0,Early Morning (5-7am),05:04,05:22,3,87,2,18.2,0,0,Moderate (50-80%),Clear,Road Accident Nearby,120,1.6
TRP03061,2025-04-02,Wednesday,False,Evening Peak (4-7pm),17:20,17:22,6,32,5,2.0,Yes,No,overloaded (>100%),Clear,Police Checkpoint,113,4.3
TRP00836,2025-01-16,Thursday,0,Midday (9am-4pm),15:12,15:09,4,52,7,-2.7,TRUE,false,  Low (<50%)  ,Clear,NONE,80,3.9
TRP01695,2025-01-02,Thursday,false,Morning Peak (7-9am),08:05,08:45,12,101,5,40.7,No,no,Full (80-100%),Clear,Vehicle Breakdown,185,
TRP01924,2025-02-24,Monday,0,Midday (9am-4pm),14:20,14:15,12,17,3,-4.2,TRUE,false,Moderate (50-80%),light rain,NONE,194,4.2
TRP02840,2025-02-19,Wednesday,FALSE,Evening Peak (4-7pm),16:18,16:17,11,26,3,-1.0,Yes,FALSE,Moderate (50-80%),Light Rain,Police Checkpoint,189,3.9
TRP00453,2025-06-27,Friday,no,Night (7-10pm),19:37,19:33,8,93,4,-3.1,yes,No,Moderate (50-80%),Overcast,None,60,
TRP01508,2025-06-25,Wednesday,No,Morning Peak (7-9am),07:13,07:26,6,86,3,13.6,0,False,FULL (80-100%),CLEAR,None,135,1.6
TRP00276,2025-06-21,Saturday,1,Midday (9am-4pm),10:45,10:40,6,49,2,-4.1,1,False,,Light Rain,None,117,3.0
TRP02746,2025-08-06,Wednesday,FALSE,Morning Peak (7-9am),08:58,09:02,10,44,10,4.9,Y,False,Overloaded (>100%),,None,89,3.7
TRP00774,2025-02-01,Saturday,True,Evening Peak (4-7pm),16:13,16:12,8,9,5,-0.6,True,false,Moderate (50-80%),Clear,None,92,4.3
TRP01770,06-09-2025,Monday,FALSE,EARLY MORNING (5-7AM),06:19,06:33,12,57,9,14.3,N,no,MODERATE (50-80%),Light Rain,Road Accident Nearby,200,5.2
TRP03269,2025-03-31,monday,False,Evening Peak (4-7pm),16:27,16:30,4,50,9,3.9,yes,False,LOW (<50%),Clear,None,97,3.2
TRP02493,2025-05-21,Wednesday,N,Morning Peak (7-9am),08:13,08:14,9,75,2,1.7,True,False,Full (80-100%),,None,114,4.7
TRP01546,2025-06-23,Monday,False,Evening Peak (4-7pm),17:43,17:57,5,36,4,14.3,False,FALSE,Full (80-100%),Overcast,None,79,3.0
TRP03355,2025-07-05,Saturday,True,Evening Peak (4-7pm),17:06,17:06,1,35,9,0.1,Yes,No,Low (<50%),Clear,Traffic Jam,129,4.3
TRP00990,2025-02-04,Tuesday,0,Morning Peak (7-9am),07:58,08:00,4,50,4,2.1,True,No,Moderate (50-80%),Clear,Overloading Delay,111,3.8
TRP01872,2025-05-12,Monday,False,Night (7-10pm),21:52,21:56,1,50,3,4.0,True,FALSE,Moderate (50-80%),Clear,None,100,
TRP02837,2025-05-03,Saturday,1,Evening Peak (4-7pm),18:00,17:54,1,62,2,-6.0,False,No,Moderate (50-80%),Clear,none,143,2.8
TRP01101,2025-04-27,Sunday,Y,MIDDAY (9AM-4PM),10:30,10:28,10,40,9,-2.0,true,no,Moderate (50-80%),Clear,None,70,4.5
TRP02047,07-30-2025,Wednesday,No,Morning Peak (7-9am),07:50,08:02,5,57,11,12.5,0,No,Full (80-100%),Clear,Road Construction,108,2.2
TRP02420,2025-05-13,Tuesday,False,Night (7-10pm),19:49,20:15,6,109,11,26.3,no,FALSE,Low (<50%),heavy rain,Vehicle Breakdown,112,2.9
TRP03086,2025-02-10,MONDAY,N,Evening Peak (4-7pm),18:36,18:49,1,39,7,13.4,N,false,Full (80-100%),Clear,Road Construction,Ksh144,2.0
TRP00816,2025-04-10,Thursday,no,MORNING PEAK (7-9AM),07:02,06:59,1,104,8,-2.4,yes,No,Overloaded (>100%),Clear,None,110,3.4
TRP02295,2025-05-29,Thursday,N,Evening Peak (4-7pm),18:39,19:15,7,102,7,36.7,FALSE,FALSE,,Clear,Vehicle Breakdown,183,1.5
TRP01644,2025-07-17,Thursday,No,Evening Peak (4-7pm),18:23,18:21,8,73,7,-1.2,1,FALSE,Overloaded (>100%),Light Rain,NONE,92,
TRP00595,2025-02-17,Monday,no,Night (7-10pm),21:23,21:21,8,35,2,-1.8,True,0,Moderate (50-80%),Light Rain,None,76,4.1
TRP02949,2025-02-13,Thursday,False,Morning Peak (7-9am),08:05,08:11,1,116,4,6.1,FALSE,false,Full (80-100%),Clear,None,147,2.0
TRP01724,2025-04-15,Tuesday,No,Evening Peak (4-7pm),17:03,17:10,2,114,7,7.7,N,N,Full (80-100%),Clear,Police Checkpoint,113,2.6
TRP01766,2025-08-08,Friday,No,Morning Peak (7-9am),08:23,08:32,7,66,4,9.6,N,FALSE,Moderate (50-80%),Clear,Road Construction,236,2.4
TRP00319,2025-08-14,thursday,N,Evening Peak (4-7pm),17:17,17:37,4,71,4,20.1,false,No,Overloaded (>100%),Clear,vehicle breakdown,112,3.0
TRP00069,2025-05-15,Thursday,No,Midday (9am-4pm),15:06,15:03,9,35,5,-2.8,true,false,low (<50%),999,None,80,3.7
TRP02985,2025-02-14,Friday,FALSE,Night (7-10pm),21:10,21:20,4,43,5,10.4,FALSE,no,Moderate (50-80%),Clear,Road Construction,KES 80,3.6
TRP03177,2025-07-27,Sunday,TRUE,Midday (9am-4pm),13:46,13:53,6,94,2,7.0,N,False,Moderate (50-80%),Clear,Road Accident Nearby,100,2.8
TRP01477,2025-05-28,Wednesday,0,Night (7-10pm),21:44,21:54,2,107,7,10.2,No,FALSE,Low (<50%),Light Rain,Traffic Jam,99,2.4
TRP03389,2025-08-23,saturday,True,Early Morning (5-7am),05:19,05:13,5,117,2,-5.9,No,FALSE,Low (<50%),Clear,None,70,2.3
TRP02203,2025-06-06,Friday,0,Morning Peak (7-9am),08:28,08:45,1,71,3,17.2,No,False,na,Clear,Police Checkpoint,158,2.6
TRP01938,2025-02-11,Tuesday,false,Evening Peak (4-7pm),16:34,16:47,12,111,11,13.0,0,False,Moderate (50-80%),Clear,Police Checkpoint,201,2.9
TRP01558,2025-05-19,Monday,No,Evening Peak (4-7pm),18:18,18:20,12,46,5,2.4,TRUE,No,Full (80-100%),Clear,None,242,3.1
TRP01186,19/05/2025,Monday,False,Evening Peak (4-7pm),18:50,18:59,10,42,4,9.1,N,false,Low (<50%),Clear,Police Checkpoint,94,1.4
TRP02813,2025-01-19,Sunday,1,Morning Peak (7-9am),08:29,08:50,5,19,9,21.6,False,FALSE,Overloaded (>100%),Light Rain,Traffic Jam,96,5.0
TRP02692,2025-01-11,Saturday,TRUE,Midday (9am-4pm),11:50,11:55,8,80,4,5.7,FALSE,False,N/A,Clear,Road Accident Nearby,,
TRP01481,2025-06-24,Tuesday,No,Early Morning (5-7am),06:27,06:22,6,65,2,-4.5 min,True,no,Overloaded (>100%),Overcast,None,100,4.1
TRP00653,2025-08-08,Friday,no,Evening Peak (4-7pm),17:08,17:18,1,45,11,10.1 min,0,No,Moderate (50-80%),Light Rain,None,179,1.4
TRP00544,2025-04-10,Thursday,False,Morning Peak (7-9am),08:43,08:58,6,18,3,15.9 min,FALSE,N,Full (80-100%),Clear,Road Accident Nearby,142,3.6
TRP01098,2025-05-27,Tuesday,false,Evening Peak (4-7pm),18:56,19:00,9,84,7,4.5,Yes,0,Moderate (50-80%),Clear,None,KES 113,2.5
TRP01043,2025-01-25,Saturday,yes,Morning Peak (7-9am),07:20,07:20,1,20,1,0.1,yes,no,low (<50%),Clear,None,119,2.8
TRP00296,2025-07-26,Saturday,Y,Midday (9am-4pm),13:01,13:14,10,119,9,13.2,0,false,Moderate (50-80%),Light Rain,road construction,Ksh77,3.4
TRP03137,2025-06-24,Tuesday,False,Night (7-10pm),20:24,20:30,12,99,,6.9,No,FALSE,Low (<50%),Clear,Road Construction,160,1.0
TRP00344,2025-02-16,Sunday,1,Night (7-10pm),20:11,20:10,12,37,11,-0.8,true,no,Moderate (50-80%),Clear,NONE,160,3.5
TRP00938,2025/04/15,Tuesday,N,Evening Peak (4-7pm),17:54,18:04,11,43,1,10.6,0,False,,Light Rain,None,147,3.5
TRP00100,2025-05-16,  Friday  ,false,Midday (9am-4pm),13:54,13:51,4,73,10,-2.9,True,no,Moderate (50-80%),Light Rain,None,95,
TRP03432,2025-08-15,Friday,No,Evening Peak (4-7pm),16:20,16:46,7,17,10,26.4,0,false,Full (80-100%),Heavy Rain,Road Construction,265,
TRP02002,2025-01-23,Thursday,N,Morning Peak (7-9am),07:42,08:01,7,4,8,19.8,N,False,Overloaded (>100%),Overcast,Vehicle Breakdown,233,2.0
TRP01132,2025-03-02,Sunday,1,Evening Peak (4-7pm),17:57,17:57,5,37,10,0.0,True,False,Full (80-100%),Clear,Overloading Delay,111,4.8
TRP00623,2025-04-03,Thursday,N,Morning Peak (7-9am),07:24,07:23,4,69,8,-0.6,True,N,Low (<50%),Overcast,None,103,4.0
TRP01490,2025-01-15,Wednesday,No,  Midday (9am-4pm)  ,12:22,12:27,6,83,4,5.4,false,0,Moderate (50-80%),Clear,OVERLOADING DELAY,100,3.3
TRP01894,2025-05-20,Tuesday,0,Midday (9am-4pm),12:32,12:42,1,21,10,10.7,False,No,Moderate (50-80%),Clear,,100,2.6
TRP01328,2025-06-28,Saturday,TRUE,Midday (9am-4pm),12:47,12:45,1,45,7,-1.7,True,no,,  Clear  ,None,100,3.8
TRP02448,2025-02-18,Tuesday,No,Evening Peak (4-7pm),17:05,17:21,7,96,2,16.6,No,no,low (<50%),Light Rain,None,214,2.1
TRP03206,2025-05-27,Tuesday,false,Midday (9am-4pm),13:02,13:05,7,73,2,3.9,True,false,Moderate (50-80%),Light Rain,None,173,2.5
TRP03433,2025-08-08,Friday,N,Midday (9am-4pm),11:09,11:07,1,4,8,-1.8,TRUE,No,Low (<50%),Clear,None,100,3.0
TRP02795,2025-06-12,Thursday,no,Evening Peak (4-7pm),16:09,16:14,3,30,7,5.9,0,false,Overloaded (>100%),Light Rain,None,207,3.1
TRP02006,2025-08-05,Tuesday,0,Evening Peak (4-7pm),17:51,17:55,4,21,9,4.0,1,0,Full (80-100%),Clear,None,95,4.0
TRP03300,2025-06-20,Friday,No,Midday (9am-4pm),13:08,13:06,11,52,5,-1.6,Y,No,,Clear,None,,4.5
TRP00884,2025-06-21,Saturday,true,  Midday (9am-4pm)  ,13:01,12:57,7,79,10,-3.7,True,no,Full (80-100%),Clear,Police Checkpoint,150,4.0
TRP02960,2025-01-20,Monday,N,Midday (9am-4pm),10:44,10:45,11,53,8,1.4,1,False,Moderate (50-80%),Clear,None,110,3.7
TRP03361,2025-05-13,Tuesday,false,Midday (9am-4pm),10:50,10:48,4,12,11,-1.5,TRUE,false,Full (80-100%),Clear,Overloading Delay,80,2.7
TRP00726,2025-07-22,Tuesday,False,Night (7-10pm),21:34,21:39,3,118,9,5.5,FALSE,no,Moderate (50-80%),Clear,Road Construction,120,2.1
TRP00797,2025-06-16,Monday,0,Evening Peak (4-7pm),17:39,18:00,10,71,5,21.9,False,false,Full (80-100%),Clear,Road Accident Nearby,91,3.6
TRP02639,2025-03-13,Thursday,N,Morning Peak (7-9am),08:24,08:59,11,84,7,35.7,False,False,FULL (80-100%),Clear,Vehicle Breakdown,123,1.4
TRP01660,2025-05-25,Sunday,TRUE,Morning Peak (7-9am),08:54,08:54,3,33,5,0.7,Yes,false,Moderate (50-80%),Clear,None,186,4.8
TRP00610,2025-08-12,Tuesday,N,Midday (9am-4pm),11:02,11:05,4,25,3,3.4,Yes,no,,Clear,None,80,3.1
TRP02021,2025-07-13,Sunday,yes,Midday (9am-4pm),15:16,15:12,9,60,4,-3.4,Yes,False,Low (<50%),,None,,
TRP01417,2025-05-04,Sunday,yes,Midday (9am-4pm),12:47,12:56,3,52,9,9.5,FALSE,FALSE,Low (<50%),,Overloading Delay,132,3.3
TRP00317,2025-06-11,Wednesday,false,Morning Peak (7-9am),08:59,09:14,3,33,9,15.3,no,False,Low (<50%),,Police Checkpoint,141,3.0
TRP02733,2025-08-21,Thursday,False,Morning Peak (7-9am),08:49,09:07,12,65,8,18.7,False,False,Full (80-100%),Clear,None,178,2.7
TRP01446,2025-03-16,Sunday,Y,Midday (9am-4pm),13:43,14:02,5,21,8,19.9,False,N,Moderate (50-80%),Light Rain,Vehicle Breakdown,86,2.4
TRP01364,2025-01-19,Sunday,TRUE,Midday (9am-4pm),13:08,13:10,8,18,7,2.3,1,False,Full (80-100%),Clear,Road Construction,60,1.7
TRP02001,2025-06-24,Tuesday,False,Evening Peak (4-7pm),17:03,17:10,10,83,11,7.4,False,False,  Low (<50%)  ,Heavy Rain,None,113,1.0
TRP01536,2025-01-08,Wednesday,FALSE,Midday (9am-4pm),09:42,09:58,5,35,11,16.1,False,false,Overloaded (>100%),HEAVY RAIN,  Police Checkpoint  ,74,4.0
TRP02095,2025-03-04,Tuesday,no,Morning Peak (7-9am),08:30,09:01,3,13,4,31.2,N,N,Low (<50%),Clear,Road Accident Nearby,171,
TRP00196,2025-02-06,Thursday,no,Morning Peak (7-9am),07:13,07:23,7,29,8,10.7,False,False,FULL (80-100%),Clear,None,176,3.5
TRP01261,2025-07-03,Thursday,N,Morning Peak (7-9am),08:55,09:03,2,120,6,8.5,0,False,,Clear,Overloading Delay,114,2.2
TRP00045,26-Mar-2025,Wednesday,No,Evening Peak (4-7pm),17:05,17:26,12,54,8,21.8,FALSE,0,Full (80-100%),OVERCAST,Traffic Jam,249,2.4
TRP03128,2025-04-12,Saturday,True,Evening Peak (4-7pm),16:38,16:43,1,106,8,5.2,no,False,,Clear,None,157,3.4
TRP00227,2025-06-09,Monday,false,Morning Peak (7-9am),08:55,09:15,2,35,9,20.1,N,False,Low (<50%),Clear,Vehicle Breakdown,131,3.3
TRP00128,2025-07-25,Friday,False,Evening Peak (4-7pm),17:42,18:11,12,95,10,29.2,0,No,Moderate (50-80%),Clear,Vehicle Breakdown,223,3.5
TRP02971,2025-08-13,Wednesday,False,Midday (9am-4pm),14:55,15:17,10,69,3,22.1,False,No,Moderate (50-80%),Heavy Rain,Road Accident Nearby,74,2.4
TRP02996,2025-04-02,Wednesday,0,  Morning Peak (7-9am)  ,08:29,08:45,9,73,10,16.5,0,no,Moderate (50-80%),Overcast,Overloading Delay,97,3.7
TRP01472,2025-07-15,Tuesday,N,Morning Peak (7-9am),08:07,08:14,1,36,9,7.0,FALSE,false,low (<50%),Clear,None,134,3.7
TRP00520,2025-04-05,Saturday,TRUE,Midday (9am-4pm),11:59,11:54,2,70,10,-4.5,Y,False,Overloaded (>100%),,None,90,4.1
TRP01929,2025-08-04,Monday,no,Morning Peak (7-9am),07:29,07:35,4,37,5,6.4,False,No,Full (80-100%),Light Rain,None,123,3.0
TRP00311,2025-08-21,  Thursday  ,False,Morning Peak (7-9am),07:00,06:54,12,57,2,-6.0,no,No,Overloaded (>100%),Clear,None,241,3.0
TRP01388,2025-05-19,Monday,FALSE,Midday (9am-4pm),15:20,15:15,6,48,2,-4.3,1,N,Overloaded (>100%),Clear,None,100,5.0
TRP01291,2025-06-09,Monday,0,Midday (9am-4pm),14:51,14:56,1,79,8,5.6,N,False,Moderate (50-80%),Light Rain,Road Accident Nearby,112,2.5
TRP01892,2025-05-26,Monday,N,Evening Peak (4-7pm),17:03,17:30,2,45,2,27.0,false,No,Full (80-100%),Light Rain,Vehicle Breakdown,154,2.6
TRP03431,2025-07-05,Saturday,1,Midday (9am-4pm),12:55,12:57,11,8,5,2.6,yes,False,Low (<50%),Clear,Traffic Jam,110,4.6
TRP02838,2025-07-13,Sunday,TRUE,Evening Peak (4-7pm),16:04,16:08,6,54,7,4.1,true,false,Overloaded (>100%),Clear,None,154,4.3
TRP00404,2025-05-15,Thursday,0,Midday (9am-4pm),15:08,15:14,10,31,2,6.3,No,FALSE,Moderate (50-80%),Clear,Road Construction,70,3.4
TRP01950,2025-08-01,Friday,False,Evening Peak (4-7pm),16:48,17:11,5,8,7,23.8,False,False,Full (80-100%),Heavy Rain,Road Construction,106,2.9
TRP02444,2025-04-01,Tuesday,N,Evening Peak (4-7pm),17:51,18:06,9,36,2,15.9,0,0,,Clear,Road Construction,126,2.0
TRP00107,2025-03-15,Saturday,True,Midday (9am-4pm),15:16,15:19,5,89,5,3.8,true,false,NA,Light Rain,Overloading Delay,74,3.8
TRP02719,2025-02-17,Monday,False,Midday (9am-4pm),14:27,14:26,9,102,10,-0.3,TRUE,No,Full (80-100%),,None,80,3.1
TRP00507,2025-07-26,Saturday,true,Morning Peak (7-9am),08:18,08:22,12,92,1,4.4,Y,False,Moderate (50-80%),Clear,None,232,5.0
TRP02945,2025-02-14,Friday,No,Night (7-10pm),21:14,21:29,10,82,10,15.0 min,False,N,moderate (50-80%),Heavy Rain,Traffic Jam,75,3.0
TRP03237,2025-04-22,Tuesday,no,Night (7-10pm),20:25,20:24,9,81,1,-0.2,true,no,Low (<50%),Clear,None,80,2.4
TRP01995,2025-04-23,Wednesday,No,Morning Peak (7-9am),08:48,08:47,5,18,8,-0.8,True,N,Moderate (50-80%),Light Rain,None,83,3.9
TRP01445,2025-05-03,Saturday,yes,Night (7-10pm),20:08,20:19,6,110,11,11.9,false,false,Moderate (50-80%),Clear,Road Accident Nearby,100,1.3
TRP01303,2025-05-10,Saturday,1,Evening Peak (4-7pm),17:42,17:42,1,20,9,0.3,Yes,False,Full (80-100%),Clear,None,153,3.6
TRP03028,2025-02-08,Saturday,Yes,Midday (9am-4pm),15:42,15:51,8,94,2,9.5,False,N,Full (80-100%),Heavy Rain,None,69,1.4
TRP01432,2025-07-14,Monday,False,Midday (9am-4pm),15:27,15:34,5,72,6,7.4,False,no,Full (80-100%),Light Rain,None,85,2.8
TRP00250,2025-04-06,Sunday,True,Midday (9am-4pm),10:48,11:02,9,41,5,14.4,false,N,Moderate (50-80%),Clear,Traffic Jam,80,2.5
TRP00874,2025-02-05,Wednesday,false,  Night (7-10pm)  ,21:11,21:21,2,105,5,10.0,false,N,FULL (80-100%),Clear,Road Construction,90,4.5
TRP02999,2025-03-26,Wednesday,0,Midday (9am-4pm),12:04,12:05,2,96,9,1.7,true,N,Moderate (50-80%),Overcast,None,90,3.8
TRP01001,2025-08-02,Saturday,True,Midday (9am-4pm),15:14,15:10,10,32,1,-3.9,TRUE,False,Moderate (50-80%),Overcast,None,70,
TRP03140,2025-07-19,saturday,true,Midday (9am-4pm),10:33,10:37,2,97,8,4.1,True,FALSE,Full (80-100%),Clear,None,,3.0
TRP02262,2025-02-05,Wednesday,False,Morning Peak (7-9am),07:53,08:05,11,118,5,12.4,false,False,Full (80-100%),,Police Checkpoint,140,3.4
TRP01096,2025-06-13,Friday,No,midday (9am-4pm),13:45,14:16,5,55,8,266.1,0,no,Full (80-100%),Light Rain,Vehicle Breakdown,79,2.7
TRP02156,2025-03-12,Wednesday,False,Midday (9am-4pm),14:13,14:19,11,74,2,6.8,False,false,Full (80-100%),Light Rain,None,132,3.6
TRP00661,21/02/2025,Friday,0,Morning Peak (7-9am),08:42,08:46,3,40,1,4.2,no,Yes,Moderate (50-80%),clear,None,183,1.7
TRP00758,2025-03-30,Sunday,yes,  Early Morning (5-7am)  ,05:26,05:23,9,35,5,-2.1,1,FALSE,NA,Light Rain,None,103,3.9
TRP00567,2025-04-04,Friday,no,Morning Peak (7-9am),07:32,07:30,11,9999,3,-1.1,TRUE,False,Full (80-100%),Clear,None,135,8.8
TRP03060,2025-07-23,Wednesday,FALSE,Morning Peak (7-9am),07:52,07:52,6,74,8,0.6,TRUE,FALSE,Overloaded (>100%),Clear,None,113,4.8
TRP02423,2025-04-09,Wednesday,No,Midday (9am-4pm),11:13,11:21,12,78,8,8.2 min,no,false,Low (<50%),Clear,Overloading Delay,KES 160,3.4
TRP02982,2025-06-12,Thursday,N,Evening Peak (4-7pm),17:02,17:28,3,116,2,26.3,no,False,Moderate (50-80%),Heavy Rain,Traffic Jam,176,3.1
TRP01602,2025-04-03,Thursday,false,Morning Peak (7-9am),07:17,07:49,11,10,7,32.5,FALSE,False,Overloaded (>100%),Heavy Rain,Police Checkpoint,139,3.3
TRP00846,2025-04-02,Wednesday,N,Night (7-10pm),21:31,21:30,3,40,5,-0.4,true,False,Moderate (50-80%),-,NONE,120,
TRP02934,2025-05-25,Sunday,True,Midday (9am-4pm),14:58,15:08,3,54,11,10.3,No,false,Moderate (50-80%),Clear,,120,3.2
TRP02696,2025-02-19,Wednesday,0,Early Morning (5-7am),06:31,06:25,10,73,5,-5.5,0,N,Full (80-100%),Clear,None,70,3.5
TRP03147,05-04-2025,Sunday,1,Midday (9am-4pm),10:11,10:12,8,89,8,1.1,yes,no,Overloaded (>100%),Clear,POLICE CHECKPOINT,60,3.7
TRP00189,2025-03-01,Saturday,TRUE,Midday (9am-4pm),10:44,10:48,4,62,1,4.0,yes,FALSE,Low (<50%),Light Rain,,90,
TRP01716,2025-02-08,Saturday,yes,Evening Peak (4-7pm),18:44,18:40,4,37,10,-3.9,Yes,False,Low (<50%),  Clear  ,None,95,
TRP01597,2025-07-08,Tuesday,false,Evening Peak (4-7pm),17:45,17:44,1,12,10,-0.7,TRUE,False,Full (80-100%),  Clear  ,None,135,
TRP02436,2025-06-24,Tuesday,No,Morning Peak (7-9am),08:53,09:06,7,99,10,13.2,false,N,Low (<50%),Light Rain,None,KES 291,2.5
TRP03098,2025-01-14,Tuesday,False,Night (7-10pm),19:01,19:09,2,59,5,8.8,false,False,Overloaded (>100%),Heavy Rain,None,116,2.1
TRP00823,2025-07-31,Thursday,no,Evening Peak (4-7pm),17:22,17:33,7,97,9,11.6,False,False,Moderate (50-80%),Light Rain,Overloading Delay,248,3.1
TRP00031,2025-04-11,Friday,no,Night (7-10pm),20:59,21:15,8,55,8,16.5 min,False,FALSE,Moderate (50-80%),,Vehicle Breakdown,60,1.0
TRP02492,2025-01-24,FRIDAY,N,Morning Peak (7-9am),08:33,09:00,12,12,10,27.0,N,false,Full (80-100%),Clear,Vehicle Breakdown,255,1.7
TRP01264,2025-07-12,Saturday,Y,Midday (9am-4pm),09:01,08:56,6,58,11,-4.1,yes,No,Full (80-100%),unknown,None,100,2.7
TRP02380,2025-03-07,Friday,N,Midday (9am-4pm),09:56,09:53,4,18,3,-2.4,yes,false,Low (<50%),Light Rain,None,KES 96,4.5
TRP00727,2025-07-01,Tuesday,False,Morning Peak (7-9am),08:53,08:59,6,95,3,6.4,False,False,Full (80-100%),Clear,None,157,2.3
TRP00843,2025-08-04,Monday,No,Midday (9am-4pm),13:34,13:36,6,36,6,2.2,yes,No,Low (<50%),  Clear  ,Road Construction,100.00,3.7
TRP02796,11-Jun-2025,Wednesday,false,Evening Peak (4-7pm),17:16,17:26,5,45,10,10.4,FALSE,FALSE,Moderate (50-80%),Overcast,Road Construction,90,1.5
TRP02823,2025-06-23,Monday,no,Morning Peak (7-9am),08:01,08:07,2,119,8,6.9,False,0,Full (80-100%),Clear,Traffic Jam,130,3.9
TRP01422,2025-02-18,Tuesday,False,Midday (9am-4pm),12:42,12:49,2,3,1,7.7,no,No,Overloaded (>100%),Light Rain,Road Construction,95,2.4
TRP02824,2025-04-27,Sunday,TRUE,Early Morning (5-7am),05:02,04:56,10,14,8,-6.0,no,0,Low (<50%),Clear,None,70,1.3
TRP02554,2025-01-31,Friday,No,Night (7-10pm),19:26,19:25,6,6,1,-0.1,True,false,Full (80-100%),Overcast,None,100,4.1
TRP03229,2025-06-10,TUESDAY,false,Midday (9am-4pm),10:53,10:58,8,42,1,5.8,False,0,Low (<50%),Clear,Overloading Delay,60,
TRP02992,2025-01-26,Sunday,true,EARLY MORNING (5-7AM),06:29,06:25,4,92,10,-3.1,Y,false,Moderate (50-80%),Light Rain,None,100,
TRP01673,2025-03-29,Saturday,TRUE,Early Morning (5-7am),05:56,05:53,10,85,8,-2.3,true,N,Low (<50%),Clear,None,70,3.4
TRP01006,2025-06-16,Monday,0,Morning Peak (7-9am),08:26,08:53,9,36,6,27.9,N,no,FULL (80-100%),Clear,Vehicle Breakdown,127,3.3
TRP03150,2025-08-20,Wednesday,No,Morning Peak (7-9am),08:10,08:11,10,101,8,1.4,True,FALSE,Full (80-100%),Clear,None,83,3.9
TRP00756,2025-05-31,Saturday,True,Midday (9am-4pm),15:49,15:51,12,61,10,2.9,Yes,False,Low (<50%),Clear,NONE,160,4.6
TRP00533,2025-06-28,Saturday,true,Evening Peak (4-7pm),17:49,18:02,2,33,4,13.4,False,No,Low (<50%),Light Rain,Traffic Jam,123,
TRP01105,2025-04-13,Sunday,true,Midday (9am-4pm),14:56,14:52,12,52,4,-3.3 min,True,No,,Clear,none,160,3.7
TRP00880,2025-02-05,Wednesday,False,Early Morning (5-7am),05:14,05:17,12,19,11,3.0,Yes,No,Moderate (50-80%),Overcast,Police Checkpoint,160,4.4
TRP01965,2025-05-19,Monday,False,EARLY MORNING (5-7AM),06:36,06:42,12,15,1,6.4,false,no,Moderate (50-80%),Light Rain,road construction,174,1.5
TRP00772,2025-04-15,Tuesday,0,Midday (9am-4pm),14:45,14:44,5,110,8,-0.2,TRUE,FALSE,FULL (80-100%),Light Rain,None,84,4.6
TRP02893,2025-03-23,Sunday,Y,Early Morning (5-7am),06:21,06:29,12,107,3,8.6,0,No,Low (<50%),Clear,Road Construction,KES 160,2.9
TRP03072,2025-07-20,Sunday,True,Evening Peak (4-7pm),16:26,16:34,6,80,1,8.6,False,False,Moderate (50-80%),  Clear  ,Traffic Jam,142,1.0
TRP03484,2025-07-06,Sunday,1,Morning Peak (7-9am),08:37,08:34,6,25,10,-2.4,1,False,Full (80-100%),Clear,none,141,3.7
TRP03092,2025-04-04,Friday,FALSE,Midday (9am-4pm),13:00,13:02,4,50,4,2.3,yes,N,Full (80-100%),Clear,Road Construction,80,3.7
TRP00736,03-19-2025,Wednesday,False,Evening Peak (4-7pm),18:43,18:54,10,112,8,11.2,No,No,,unknown,None,97,3.0
TRP03033,2025-07-02,WEDNESDAY,0,Midday (9am-4pm),13:26,13:27,3,47,4,1.7,Y,False,Moderate (50-80%),Heavy Rain,None,151,3.3
TRP00930,2025-01-21,Tuesday,No,EVENING PEAK (4-7PM),16:49,17:09,8,113,4,20.2,N,False,Moderate (50-80%),Clear,Traffic Jam,93,1.7
TRP02223,2025-08-19,Tuesday,no,Morning Peak (7-9am),08:28,08:41,7,37,11,13.4,false,N,Full (80-100%),Clear,Overloading Delay,166,2.9
TRP00461,2025-07-11,Friday,False,Early Morning (5-7am),05:09,05:25,6,86,4,16.3,False,no,Low (<50%),n/a,Road Accident Nearby,100,3.3
TRP00648,26/08/2025,TUESDAY,no,Midday (9am-4pm),09:37,09:54,2,91,5,17.9,N,0,Moderate (50-80%),Clear,Vehicle Breakdown,90,2.0
TRP00936,2025-06-09,Monday,FALSE,Morning Peak (7-9am),08:22,08:25,11,104,6,3.0,Y,false,Moderate (50-80%),Clear,Overloading Delay,150,4.4
TRP00696,2025-04-03,Thursday,0,Evening Peak (4-7pm),18:16,18:49,8,61,1,33.0,no,False,Moderate (50-80%),Clear,  Road Accident Nearby  ,KES 72,1.1
TRP02196,2025-04-06,Sunday,true,Evening Peak (4-7pm),17:52,18:02,2,24,7,10.2,false,0,Full (80-100%),Clear,OVERLOADING DELAY,125,4.0
TRP00254,2025-01-25,Saturday,True,Midday (9am-4pm),09:07,09:09,10,92,2,2.0 min,True,N,Full (80-100%),Clear,Overloading Delay,70,4.6
TRP02725,2025-07-09,Wednesday,N,Midday (9am-4pm),11:05,11:15,11,23,9,10.2,FALSE,No,Low (<50%),heavy rain,None,123,2.7
TRP01512,2025-07-09,Wednesday,False,Midday (9am-4pm),09:59,10:08,4,24,10,9.4,False,False,Moderate (50-80%),  Heavy Rain  ,None,99,
TRP01363,2025-02-16,Sunday,1,Midday (9am-4pm),12:12,12:08,2,107,7,-3.5,1,FALSE,Low (<50%),Clear,none,90.00,3.0
TRP01846,2025-05-19,Monday,FALSE,Midday (9am-4pm),12:08,12:12,2,33,7,4.6,True,N,Moderate (50-80%),  Clear  ,Road Construction,90,
TRP03399,2025-04-06,Sunday,True,Night (7-10pm),20:05,20:25,2,39,4,20.3,no,False,Moderate (50-80%),Clear,Vehicle Breakdown,90,4.4
TRP03359,2025-08-13,Wednesday,N,early morning (5-7am),05:37,05:37,2,8,5,0.5,TRUE,N,Full (80-100%),Overcast,None,KES 90,3.6
TRP00287,2025-05-05,Monday,No,EARLY MORNING (5-7AM),06:05,06:03,10,24,4,-1.1,Yes,N,Moderate (50-80%),Clear,None,70,4.4
TRP01314,2025-08-08,Friday,no,Midday (9am-4pm),12:22,12:37,7,14,2,15.9,false,0,,Clear,Road Construction,150,1.8
TRP02217,2025-06-20,Friday,N,Midday (9am-4pm),13:02,13:07,12,22,7,5.6,false,N,,Clear,None,160,1.3
TRP02519,2025-03-20,Thursday,False,Evening Peak (4-7pm),16:23,16:33,3,13,2,10.0,0,N,Moderate (50-80%),  Clear  ,None,176,3.4
TRP01457,2025-02-22,SATURDAY,True,Morning Peak (7-9am),07:12,07:23,8,45,8,11.0,No,False,Low (<50%),Light Rain,Police Checkpoint,99,1.9
TRP02396,2025-04-26,Saturday,Y,Midday (9am-4pm),13:47,14:10,7,41,7,23.2,false,false,Full (80-100%),Heavy Rain,Traffic Jam,181,2.1
TRP02280,2025-07-14,Monday,no,Evening Peak (4-7pm),17:57,18:07,1,10,7,10.8,False,N,Low (<50%),Clear,Police Checkpoint,124,2.3
TRP00292,2025-03-14,Friday,No,Early Morning (5-7am),06:04,05:59,11,5,3,-4.8,Y,0,Moderate (50-80%),clear,None,110,5.0
TRP02694,2025-07-20,Sunday,yes,Early Morning (5-7am),06:05,06:04,12,42,2,-0.3,1,False,low (<50%),Heavy Rain,Police Checkpoint,183,4.4
TRP00691,2025-01-13,Monday,N,Night (7-10pm),21:41,22:03,5,49,7,22.6,N,No,Low (<50%),Heavy Rain,Road Accident Nearby,73,2.3
TRP01024,2025-04-07,Monday,FALSE,Morning Peak (7-9am),07:32,07:35,4,3,,3.8,True,no,Moderate (50-80%),Clear,None,103,4.4
TRP01740,07-15-2025,Tuesday,N,Morning Peak (7-9am),08:12,08:19,5,76,6,7.9,False,No,Full (80-100%),Light Rain,Traffic Jam,108,3.2
TRP00208,2025-05-31,Saturday,Y,Midday (9am-4pm),11:03,11:06,12,52,1,3.7,True,no,Low (<50%),  Clear  ,Traffic Jam,160,4.3
TRP02162,2025-01-25,Saturday,TRUE,Evening Peak (4-7pm),17:10,17:14,2,12,3,4.2,TRUE,False,Full (80-100%),CLEAR,None,118,3.9
TRP00670,2025-08-23,Saturday,1,Early Morning (5-7am),05:20,05:19,5,93,6,-0.4,Y,FALSE,Moderate (50-80%),Light Rain,None,88,3.3
TRP00267,2025-02-07,Friday,false,Early Morning (5-7am),05:31,05:35,6,116,10,4.5,True,no,Full (80-100%),Light Rain,None,KES 113,3.0
TRP03384,2025-08-19,Tuesday,No,Morning Peak (7-9am),07:40,07:52,12,55,2,12.1,N,FALSE,MODERATE (50-80%),Light Rain,Police Checkpoint,203,2.6
TRP00684,2025-02-07,Friday,False,Morning Peak (7-9am),07:50,08:08,1,81,,18.7,false,No,999,Light Rain,Road Construction,178,1.6
TRP00079,2025-05-04,Sunday,True,Early Morning (5-7am),06:33,06:40,7,62,6,7.7,false,False,Moderate (50-80%),Light Rain,None,161,1.6
TRP01458,2025-06-20,Friday,FALSE,Morning Peak (7-9am),08:12,08:17,1,72,2,5.3,False,FALSE,Full (80-100%),Clear,None,147,2.1
TRP01375,2025/06/28,Saturday,Y,Midday (9am-4pm),13:04,13:02,2,118,3,248.8,True,False,Low (<50%),  Clear  ,Road Construction,152,2.0
TRP00173,2025-01-01,Wednesday,0,Morning Peak (7-9am),07:02,07:09,2,54,7,7.1,FALSE,No,Moderate (50-80%),Clear,None,108,2.7
TRP00447,2025-02-15,Saturday,Y,Morning Peak (7-9am),07:08,07:14,12,43,8,6.0,No,False,Low (<50%),Light Rain,Overloading Delay,196,2.2
TRP02682,2025-01-31,Friday,false,Midday (9am-4pm),12:39,12:42,3,32,4,3.2,1,0,Full (80-100%),Clear,None,120,4.7
TRP01487,2025-05-17,Saturday,true,Evening Peak (4-7pm),18:02,18:09,6,41,11,7.2,no,N,Full (80-100%),Clear,Traffic Jam,110,3.8
TRP02180,2025-04-25,Friday,No,Midday (9am-4pm),10:08,10:06,1,100,5,-1.7,Yes,no,Full (80-100%),Clear,None,100,3.1
TRP00048,2025-02-01,Saturday,yes,Morning Peak (7-9am),07:45,07:59,12,88,7,14.4,FALSE,no,Full (80-100%),Clear,Road Accident Nearby,234,2.0
TRP01854,2025-08-16,Saturday,1,Midday (9am-4pm),09:54,10:01,10,9,5,7.9,No,FALSE,Full (80-100%),Clear,Police Checkpoint,70,2.8
TRP02343,2025-03-26,Wednesday,False,Midday (9am-4pm),11:24,11:24,12,75,7,0.5,Y,false,Moderate (50-80%),Overcast,None,160,5.0
TRP03015,2025-05-04,Sunday,TRUE,Morning Peak (7-9am),07:58,08:01,9,25,2,3.0,1,no,Moderate (50-80%),Clear,Police Checkpoint,94,4.6
TRP01589,2025-01-03,Friday,N,Evening Peak (4-7pm),17:22,17:37,8,60,10,15.5,no,false,Overloaded (>100%),Clear,None,94,2.1
TRP01818,2025-01-31,Friday,No,Evening Peak (4-7pm),17:51,17:58,6,79,1,7.5,No,No,Low (<50%),Overcast,,Ksh141,3.1
TRP01925,2025-01-23,Thursday,No,Evening Peak (4-7pm),18:00,18:04,2,50,6,4.3,True,false,Overloaded (>100%),Overcast,None,117,
TRP00242,2025-03-13,Thursday,FALSE,Morning Peak (7-9am),08:01,08:05,7,102,4,4.3,Yes,N,Full (80-100%),Clear,  None  ,,5.0
TRP02543,2025-05-10,Saturday,yes,Evening Peak (4-7pm),16:39,16:37,11,30,6,-1.4,Yes,False,Low (<50%),Overcast,None,123,3.1
TRP02966,2025-03-11,Tuesday,False,Morning Peak (7-9am),07:58,08:09,8,72,9,11.4,No,False,Moderate (50-80%),Overcast,none,77,1.0
TRP02980,2025-02-23,Sunday,true,Evening Peak (4-7pm),16:25,16:31,5,107,3,6.9,no,false,Full (80-100%),Clear,None,107,3.3
TRP00540,2025-05-30,Friday,False,Morning Peak (7-9am),08:22,08:30,1,47,4,8.3,No,false,  Full (80-100%)  ,Clear,Overloading Delay,121,
TRP00908,2025-05-10,Saturday,True,morning peak (7-9am),07:17,07:20,2,71,7,3.6,yes,False,MODERATE (50-80%),clear,Road Construction,100,4.6
TRP01019,2025-06-23,Monday,no,Midday (9am-4pm),13:45,13:45,8,22,8,0.9,True,0,Moderate (50-80%),light rain,None,63,3.3
TRP03472,2025-05-11,Sunday,True,Midday (9am-4pm),14:40,14:44,4,93,2,4.4,true,N,low (<50%),NA,NONE,93,2.0
TRP01635,2025-07-16,Wednesday,no,Morning Peak (7-9am),07:41,07:50,9,93,10,9.7,false,No,MODERATE (50-80%),Clear,Road Construction,123,1.0
TRP03204,2025-08-22,Friday,No,Morning Peak (7-9am),08:29,08:40,6,110,2,11.7,0,no,Full (80-100%),Clear,Police Checkpoint,119,2.9
TRP02497,2025-01-21,Tuesday,FALSE,evening peak (4-7pm),18:38,18:40,2,75,1,2.2 min,true,False,Full (80-100%),Clear,None,120,
TRP02920,2025-06-21,saturday,TRUE,Midday (9am-4pm),15:49,15:43,8,99,8,-6.0,False,False,Low (<50%),Clear,None,60,2.5
TRP02816,2025-02-25,Tuesday,N,Evening Peak (4-7pm),18:26,18:34,1,30,3,8.9,false,False,Moderate (50-80%),,Police Checkpoint,114,3.5
TRP01823,2025-04-04,Friday,no,Morning Peak (7-9am),07:46,07:48,11,32,5,2.6,True,False,NA,clear,None,159,3.1
TRP02784,2025-08-09,Saturday,True,Early Morning (5-7am),06:51,06:47,9,42,4,-3.6,1,false,Low (<50%),Clear,None,80,5.0
TRP00669,05-15-2025,Thursday,N,Evening Peak (4-7pm),18:41,18:55,9,39,8,14.2 min,False,no,Moderate (50-80%),Heavy Rain,None,120,1.3
TRP02666,2025-03-25,Tuesday,False,  Midday (9am-4pm)  ,14:11,14:22,9,32,3,11.1,False,false,Full (80-100%),Clear,Road Accident Nearby,80,1.9
TRP00406,2025-04-17,Thursday,False,Evening Peak (4-7pm),17:33,17:54,11,48,9,21.4,False,0,Low (<50%),  Clear  ,Traffic Jam,160,2.2
TRP03127,2025-06-21,Saturday,Y,Midday (9am-4pm),12:53,13:08,6,87,4,15.3,no,N,Low (<50%),Heavy Rain,Traffic Jam,126,3.1
TRP00176,2025-07-26,Saturday,Y,Midday (9am-4pm),12:53,12:57,2,82,7,-65.0,True,FALSE,Low (<50%),Clear,Road Accident Nearby,90,4.3
TRP03447,2025-05-01,Thursday,no,Early Morning (5-7am),05:42,05:45,7,20,1,3.4,true,No,Full (80-100%),Clear,None,150,3.1
TRP01233,09/02/2025,SUNDAY,1,Midday (9am-4pm),10:00,10:09,12,75,3,9.2,false,0,full (80-100%),Clear,Vehicle Breakdown,160,1.7
TRP03115,2025-05-23,Friday,No,Evening Peak (4-7pm),17:25,17:39,11,47,1,14.7,False,N,Moderate (50-80%),Heavy Rain,Road Construction,147,1.5
TRP02182,2025-04-23,Wednesday,False,Night (7-10pm),21:49,21:43,5,18,8,-6.0,no,0,Moderate (50-80%),Clear,None,70,2.2
TRP01861,2025-01-29,Wednesday,FALSE,Morning Peak (7-9am),07:13,07:23,4,89,7,10.7,No,False,Moderate (50-80%),,Police Checkpoint,102,3.8
TRP00376,2025-04-23,Wednesday,N,Evening Peak (4-7pm),18:04,18:11,5,117,10,7.9,N,false,Full (80-100%),Light Rain,None,105,2.1
TRP01958,2025-03-28,FRIDAY,false,Evening Peak (4-7pm),18:08,18:25,11,47,9,17.4,false,No,Moderate (50-80%),Clear,Overloading Delay,162,1.8
TRP01584,2025-06-30,Monday,0,Evening Peak (4-7pm),18:35,19:22,8,56,2,47.8,FALSE,false,Low (<50%),Heavy Rain,Vehicle Breakdown,95,2.6
TRP03070,2025-01-05,Sunday,True,Evening Peak (4-7pm),16:06,16:16,1,106,11,10.9,False,False,  unknown  ,Clear,Road Construction,124,1.5
TRP01286,2025-07-09,WEDNESDAY,No,Morning Peak (7-9am),08:04,08:16,7,70,2,12.0,False,false,Moderate (50-80%),Light Rain,None,199,2.2
TRP01118,2025-01-12,Sunday,True,Midday (9am-4pm),13:19,13:17,8,89,6,-1.8,Yes,No,Moderate (50-80%),Clear,None,60,4.3
TRP00988,19/05/2025,Monday,False,Midday (9am-4pm),13:55,13:51,2,59,4,-3.1,1,false,Moderate (50-80%),,  Overloading Delay  ,110,5.6
TRP00732,2025-06-26,Thursday,false,Evening Peak (4-7pm),16:58,17:09,5,66,11,11.7,N,False,Overloaded (>100%),Light Rain,None,91,1.8
TRP01227,08-11-2025,Monday,N,  Early Morning (5-7am)  ,06:31,06:43,9,101,3,12.5,False,No,Moderate (50-80%),CLEAR,Traffic Jam,80,1.6
TRP02675,2025-06-06,Friday,False,Morning Peak (7-9am),08:36,08:48,7,72,10,12.1 min,0,False,Overloaded (>100%),Clear,None,176,4.3
TRP03412,2025-05-19,Monday,N,Midday (9am-4pm),10:34,11:02,2,43,2,28.9,false,no,Low (<50%),,Traffic Jam,108,5.0
TRP02843,2025-03-02,Sunday,True,Midday (9am-4pm),11:56,11:50,8,76,1,-6.0,False,no,OVERLOADED (>100%),Clear,None,60,2.5
TRP00744,2025-04-29,Tuesday,No,Morning Peak (7-9am),07:03,07:34,9,43,4,31.3,FALSE,false,Overloaded (>100%),,Vehicle Breakdown,121,2.3
TRP02890,2025-07-09,Wednesday,FALSE,Morning Peak (7-9am),08:37,08:40,11,29,6,3.4,Yes,No,Full (80-100%),Clear,None,131,3.7
TRP01352,2025-01-02,Thursday,False,evening peak (4-7pm),18:45,18:52,11,87,1,7.8,N,false,Full (80-100%),Light Rain,None,,3.3
TRP03013,2025-05-23,Friday,N,Morning Peak (7-9am),07:04,07:13,3,75,7,9.0,N,False,Moderate (50-80%),LIGHT RAIN,None,227,3.1
TRP00773,2025-02-04,Tuesday,N,MIDDAY (9AM-4PM),12:37,12:38,2,22,6,1.4,Yes,N,Full (80-100%),Clear,None,90,4.2
TRP03381,2025-05-08,Thursday,false,Midday (9am-4pm),12:36,12:39,5,95,3,3.6,1,N,Low (<50%),Clear,None,70,3.2
TRP00807,2025-02-08,Saturday,Y,Midday (9am-4pm),12:20,12:16,6,54,6,-3.4,True,False,Moderate (50-80%),Clear,Police Checkpoint,100,3.2
TRP00417,2025-03-02,sunday,Y,Midday (9am-4pm),12:29,12:26,2,1,5,-3.0,Y,False,Full (80-100%),Clear,None,90,4.3
TRP01863,2025/03/14,FRIDAY,No,Midday (9am-4pm),11:11,11:13,2,64,1,2.9,Y,False,Low (<50%),Clear,Police Checkpoint,90,4.2
TRP02498,2025-03-12,Wednesday,N,Midday (9am-4pm),10:51,11:16,3,106,3,25.1,False,FALSE,Moderate (50-80%),CLEAR,Road Accident Nearby,120,4.2
TRP02245,2025-02-23,Sunday,True,Midday (9am-4pm),09:34,09:55,7,8,10,21.0,false,False,Full (80-100%),,Vehicle Breakdown,150,3.3
TRP00072,2025-04-13,Sunday,True,EVENING PEAK (4-7PM),16:46,17:07,3,14,4,21.1,No,False,,Clear,Road Accident Nearby,KES 148,3.7
TRP02087,2025-01-09,Thursday,N,Morning Peak (7-9am),07:27,07:26,8,71,9,-0.5,TRUE,No,Overloaded (>100%),,None,,2.5
TRP01529,2025-07-01,tuesday,False,Night (7-10pm),21:55,22:01,4,30,11,-61.6,False,False,Full (80-100%),,Traffic Jam,80,1.7
TRP03041,2025-06-26,Thursday,No,Early Morning (5-7am),05:33,05:40,12,91,8,7.3,N,false,Low (<50%),Clear,Overloading Delay,160,2.6
TRP03076,2025-02-28,friday,False,Midday (9am-4pm),09:50,09:52,10,54,5,2.3,True,No,Full (80-100%),Clear,None,Ksh70,5.0
TRP01966,2025-08-15,Friday,False,Evening Peak (4-7pm),17:55,17:58,4,89,1,3.5,1,N,Full (80-100%),Overcast,None,KES 110,4.0
TRP03311,2025-03-20,Thursday,false,Midday (9am-4pm),12:31,12:34,10,45,3,3.5,1,N,999,Light Rain,None,75,3.2
TRP03331,2025-02-01,Saturday,yes,Morning Peak (7-9am),08:58,09:01,8,58,3,3.3,true,False,Full (80-100%),Clear,None,95,
TRP00655,2025-05-31,Saturday,True,Morning Peak (7-9am),08:42,08:48,3,67,2,6.2,False,N,Overloaded (>100%),Clear,Overloading Delay,191,2.6
TRP00193,2025-04-14,Monday,0,Morning Peak (7-9am),08:30,08:37,4,76,4,7.4,No,N,Overloaded (>100%),Light Rain,Overloading Delay,109,3.0
TRP01197,2025-04-19,Saturday,Y,Morning Peak (7-9am),08:40,08:45,1,91,7,5.6,0,N,Full (80-100%),clear,None,143,2.2
TRP01960,2025-01-02,Thursday,0,Midday (9am-4pm),10:25,10:29,2,25,9,4.4,True,false,Moderate (50-80%),clear,None,Ksh90,3.2
TRP00998,2025-08-16,Saturday,TRUE,Evening Peak (4-7pm),18:15,18:22,11,35,5,7.5,N,no,Low (<50%),n/a,None,173,2.2
TRP00641,2025-02-04,Tuesday,FALSE,Evening Peak (4-7pm),17:37,17:57,4,34,2,20.4,False,no,Moderate (50-80%),Clear,Vehicle Breakdown,KES 96,1.5
TRP01371,2025-05-06,Tuesday,false,Midday (9am-4pm),09:40,09:55,5,61,1,15.8,False,Y,Full (80-100%),Light Rain,Road Construction,89,2.8
TRP00504,28/03/2025,Friday,0,Evening Peak (4-7pm),18:58,19:05,3,78,8,7.3,false,1,Moderate (50-80%),Clear,Overloading Delay,178,1.9
TRP03491,04-Apr-2025,Friday,False,Early Morning (5-7am),05:19,05:19,7,2,6,0.5,true,N,Full (80-100%),Clear,None,KES 150,
TRP02294,2025-06-24,Tuesday,false,Early Morning (5-7am),05:38,05:41,1,75,8,3.5,true,false,Moderate (50-80%),Light Rain,None,109,3.4
TRP02609,2025-03-30,Sunday,True,Night (7-10pm),21:46,21:40,1,41,6,-6.0,no,No,Moderate (50-80%),clear,NONE,100,2.9
TRP03358,2025-05-23,Friday,false,Midday (9am-4pm),12:05,12:19,7,11,5,14.7,False,False,low (<50%),,None,173,2.5
TRP01282,2025-06-14,Saturday,1,Midday (9am-4pm),09:34,09:35,4,19,1,1.7,True,FALSE,Moderate (50-80%),Clear,None,80,2.6
TRP01444,2025-03-02,Sunday,True,Midday (9am-4pm),12:32,12:33,4,120,10,1.2,yes,0,Moderate (50-80%),light rain,None,97,2.5
TRP01430,2025-05-19,Monday,No,Morning Peak (7-9am),07:27,07:34,3,6,6,7.9 min,0,no,Moderate (50-80%),Light Rain,None,173,2.3
TRP01553,2025-08-05,Tuesday,false,Night (7-10pm),19:44,19:49,3,26,10,5.6,0,no,full (80-100%),Light Rain,  None  ,KES 154,1.8
TRP01772,2025-03-30,Sunday,yes,Midday (9am-4pm),11:04,11:33,9,105,7,29.5,0,false,Moderate (50-80%),Light Rain,Vehicle Breakdown,98,
TRP02651,2025-04-22,Tuesday,FALSE,Morning Peak (7-9am),08:05,08:19,12,45,7,14.4,False,0,Full (80-100%),light rain,None,258,2.9
TRP00203,2025-08-12,Tuesday,false,Evening Peak (4-7pm),16:08,16:18,5,63,7,10.1,0,N,  Moderate (50-80%)  ,Heavy Rain,Overloading Delay,115,2.0
TRP02352,2025-06-08,Sunday,Yes,Midday (9am-4pm),09:07,09:06,6,68,7,-0.3,True,no,full (80-100%),Clear,None,100,5.0
TRP03324,2025-03-22,Saturday,True,Evening Peak (4-7pm),18:19,18:45,6,51,9,26.7 min,False,no,Low (<50%),Light Rain,Road Accident Nearby,167,1.6
TRP02327,2025-05-15,Thursday,no,Morning Peak (7-9am),07:44,08:00,8,22,10,16.0,No,false,Moderate (50-80%),Light Rain,Overloading Delay,82,1.1
TRP00343,2025-03-06,Thursday,FALSE,Morning Peak (7-9am),07:56,07:58,9,16,1,2.9,True,no,Full (80-100%),Overcast,None,99,3.4
TRP02861,2025-08-20,Wednesday,False,Midday (9am-4pm),11:22,11:24,3,4,4,2.2,TRUE,0,Low (<50%),Clear,Overloading Delay,120,4.3
TRP02208,2025-08-01,Friday,false,Morning Peak (7-9am),07:57,08:19,7,28,11,22.3,no,No,Overloaded (>100%),Clear,Road Accident Nearby,224,
TRP00725,2025-07-13,SUNDAY,True,Evening Peak (4-7pm),17:10,17:18,12,42,3,8.3,No,False,Moderate (50-80%),Light Rain,None,237,3.7
TRP01672,2025-05-31,Saturday,yes,Midday (9am-4pm),10:18,10:13,8,102,8,-4.1,true,0,Low (<50%),CLEAR,None,60,3.9
TRP00492,07-14-2025,monday,FALSE,Midday (9am-4pm),09:33,09:36,3,88,9,3.4,True,No,MODERATE (50-80%),Clear,None,120,3.6
TRP02453,2025-04-10,Thursday,false,morning peak (7-9am),07:08,07:15,5,88,,7.4,N,no,Moderate (50-80%),Overcast,None,98,2.5
TRP02656,2025-05-09,friday,0,  Midday (9am-4pm)  ,11:56,11:57,7,72,6,1.6,true,N,Low (<50%),Clear,Overloading Delay,150,4.1
TRP02013,2025-06-17,Tuesday,0,Evening Peak (4-7pm),18:36,18:53,12,114,7,17.6,No,False,Overloaded (>100%),CLEAR,Traffic Jam,KES 249,3.0
TRP02589,2025-01-04,saturday,True,Midday (9am-4pm),13:49,13:45,11,17,8,-3.8,True,FALSE,Full (80-100%),Light Rain,None,122,4.9
TRP01993,2025-02-17,Monday,N,Midday (9am-4pm),15:55,16:09,10,48,2,14.5,N,False,Moderate (50-80%),Clear,Vehicle Breakdown,168,1.3
TRP02750,2025-06-05,Thursday,false,Morning Peak (7-9am),07:53,07:53,12,41,10,0.6,1,False,,Light Rain,None,234,4.6
TRP03146,2025-06-16,Monday,False,EVENING PEAK (4-7PM),16:24,16:24,11,65,10,0.8,yes,No,,Clear,None,133,1.9
TRP03020,2025-05-19,Monday,FALSE,Night (7-10pm),19:24,19:27,3,78,6,3.8,True,False,-,Light Rain,None,149,4.9
TRP00989,2025-02-11,Tuesday,false,Midday (9am-4pm),09:29,09:30,7,120,8,1.8,1,0,Low (<50%),Clear,  None  ,150,3.9
TRP02511,2025-07-04,Friday,No,Early Morning (5-7am),06:21,06:20,6,66,9,-0.8,TRUE,FALSE,,Clear,,100,2.8
TRP00059,2025-02-05,Wednesday,FALSE,MORNING PEAK (7-9AM),08:17,08:38,5,93,10,21.0,False,N,Overloaded (>100%),n/a,Vehicle Breakdown,107,2.6
TRP01073,2025-01-09,Thursday,False,Evening Peak (4-7pm),17:36,17:35,6,103,2,442.0,yes,false,Full (80-100%),Overcast,None,152,3.4
TRP02215,2025-06-15,Sunday,Y,Midday (9am-4pm),12:52,12:54,7,27,11,2.1,Yes,No,Moderate (50-80%),Clear,Police Checkpoint,150,4.0
TRP02149,2025-07-31,Thursday,FALSE,Night (7-10pm),19:48,19:59,10,63,6,11.7,N,N,moderate (50-80%),Heavy Rain,None,85,3.0
TRP02510,2025-01-11,Saturday,1,Midday (9am-4pm),14:56,14:52,2,17,7,-3.5 min,TRUE,FALSE,Moderate (50-80%),Clear,None,90,4.3
TRP00935,2025-06-04,Wednesday,False,Early Morning (5-7am),05:48,05:43,4,102,3,-4.3,True,0,Moderate (50-80%),Clear,None,80,3.2
TRP02764,2025-03-12,Wednesday,False,Morning Peak (7-9am),07:47,07:54,2,51,9,7.3,false,false,Full (80-100%),Clear,Road Construction,118,2.7
TRP02310,05/03/2025,Wednesday,False,Midday (9am-4pm),09:43,09:55,8,101,9,12.5,0,false,Low (<50%),Overcast,Traffic Jam,60,3.3
TRP02319,2025-07-24,Thursday,false,Night (7-10pm),19:32,19:36,1,108,9,4.8,Y,0,Full (80-100%),Light Rain,None,125,3.7
TRP00026,2025-07-25,Friday,no,Midday (9am-4pm),15:01,14:58,6,115,6,-2.1,1,0,Moderate (50-80%),,none,100,3.8
TRP01115,2025-03-18,Tuesday,0,Midday (9am-4pm),11:04,11:01,6,1,10,-2.1,Y,0,Low (<50%),Overcast,None,100,2.5
TRP03071,2025-08-08,Friday,no,Midday (9am-4pm),13:50,13:51,7,109,2,1.2,True,False,full (80-100%),,None,150,3.7
TRP00359,2025-02-07,Friday,N,Early Morning (5-7am),06:30,06:42,10,53,8,12.0,No,no,Moderate (50-80%),Clear,Vehicle Breakdown,70,1.9
TRP02863,2025-02-22,Saturday,Y,Early Morning (5-7am),06:03,06:01,3,102,10,-1.8 min,True,N,Full (80-100%),Clear,NONE,120,2.9
TRP02505,2025-07-27,Sunday,Yes,Early Morning (5-7am),06:21,06:29,10,119,8,8.5 min,FALSE,false,Moderate (50-80%),Clear,Traffic Jam,70,3.2
TRP02118,2025-03-07,Friday,No,Evening Peak (4-7pm),17:34,17:45,7,20,5,11.0,No,False,Moderate (50-80%),Clear,Traffic Jam,173,2.1
TRP03263,2025-07-26,Saturday,true,Midday (9am-4pm),13:23,13:33,3,46,1,10.2,False,False,Full (80-100%),Clear,Overloading Delay,120,1.0
TRP03159,2025-08-22,Friday,no,Midday (9am-4pm),10:06,10:10,11,84,3,4.1,1,0,Low (<50%),Clear,None,110,3.4
TRP00485,2025-08-05,tuesday,false,Evening Peak (4-7pm),16:11,16:27,9,9,9,16.4 min,0,False,Moderate (50-80%),Clear,Road Accident Nearby,97,1.8
TRP02187,2025-07-22,Tuesday,0,Early Morning (5-7am),06:24,06:30,7,109,6,6.4,False,no,n/a,Light Rain,Overloading Delay,183,2.6
TRP01366,2025-03-02,Sunday,yes,EVENING PEAK (4-7PM),18:22,18:24,12,101,4,2.0,Yes,0,Full (80-100%),OVERCAST,Overloading Delay,,
TRP00014,2025-02-25,TUESDAY,0,Night (7-10pm),21:37,21:43,11,77,5,6.2,N,False,Full (80-100%),NA,Traffic Jam,110,3.0
TRP02897,2025-07-05,Saturday,yes,Midday (9am-4pm),11:03,11:04,5,41,10,1.7,Y,False,Full (80-100%),Clear,Police Checkpoint,,4.7
TRP02769,2025-06-17,  Tuesday  ,no,Evening Peak (4-7pm),17:10,17:27,3,22,10,17.4,0,FALSE,Low (<50%),Clear,Road Construction,KES 142,
TRP01887,2025-01-29,Wednesday,FALSE,Night (7-10pm),20:22,20:30,9,29,7,8.6 min,no,False,Moderate (50-80%),Heavy Rain,Overloading Delay,92,3.0
TRP00551,2025-06-05,Thursday,No,Midday (9am-4pm),15:04,15:08,4,39,8,4.4,True,N,n/a,clear,Road Construction,80,
TRP02660,2025-04-03,THURSDAY,N,Evening Peak (4-7pm),18:06,18:05,6,3,7,-0.2,true,No,MODERATE (50-80%),,none,150,4.0
TRP00882,2025-01-20,MONDAY,False,Evening Peak (4-7pm),18:45,19:01,3,117,11,16.9,FALSE,false,Full (80-100%),Light Rain,Traffic Jam,168,2.7
TRP00439,2025-01-13,Monday,FALSE,  Midday (9am-4pm)  ,15:20,15:34,3,26,9,14.4,0,FALSE,Low (<50%),Light Rain,Road Accident Nearby,153,2.6
TRP03265,2025-01-26,SUNDAY,TRUE,Morning Peak (7-9am),07:30,07:35,10,81,3,5.7,no,No,Full (80-100%),CLEAR,None,78,3.3
TRP00458,2025-02-10,monday,False,Midday (9am-4pm),12:15,12:21,5,76,9,6.9,no,False,Low (<50%),Heavy Rain,None,Ksh78,4.6
TRP03024,2025-05-27,Tuesday,FALSE,MORNING PEAK (7-9AM),07:59,08:04,7,96,4,5.6,0,False,Moderate (50-80%),,None,232,2.3
TRP01931,2025-07-05,Saturday,true,morning peak (7-9am),07:27,07:34,10,97,2,7.0,FALSE,false,Full (80-100%),Clear,Traffic Jam,96,2.6
TRP03283,2025-04-30,Wednesday,false,  Morning Peak (7-9am)  ,08:50,09:03,11,37,1,13.4,False,no,Moderate (50-80%),Clear,None,151,2.3
TRP03012,2025-02-15,Saturday,true,Morning Peak (7-9am),08:37,08:49,7,46,9,12.2,no,false,Full (80-100%),Light Rain,Police Checkpoint,,2.7
TRP02552,2025-01-07,Tuesday,False,EVENING PEAK (4-7PM),17:28,17:41,9,9,3,13.4,N,No,Moderate (50-80%),Light Rain,none,111,1.7
TRP01937,2025-06-01,Sunday,1,Midday (9am-4pm),15:40,15:51,11,16,7,11.0,FALSE,no,Full (80-100%),Heavy Rain,,,2.2
TRP01312,2025-06-30,Monday,False,Early Morning (5-7am),06:47,06:43,4,12,9,-3.4,Y,false,Moderate (50-80%),Clear,None,80,
TRP00858,2025-04-18,Friday,False,Midday (9am-4pm),11:44,11:41,7,19,6,-2.4 min,1,0,Low (<50%),Clear,None,150,3.8
TRP01948,2025/07/14,Monday,No,Morning Peak (7-9am),07:51,08:01,9,12,3,10.6,False,false,Low (<50%),Clear,Road Accident Nearby,96,2.1
TRP02250,2025-02-13,Thursday,False,Evening Peak (4-7pm),17:31,18:12,1,2,8,41.5,FALSE,no,Full (80-100%),Light Rain,Vehicle Breakdown,189,3.4
TRP02628,01-11-2025,saturday,1,Midday (9am-4pm),09:10,09:19,8,95,2,9.2,no,False,Low (<50%),Heavy Rain,None,66,2.9
TRP00043,2025-05-30,Friday,0,Early Morning (5-7am),05:48,06:07,10,47,8,19.4,N,no,Moderate (50-80%),Clear,Road Accident Nearby,70,2.2
TRP00800,2025-01-09,Thursday,N,Midday (9am-4pm),10:05,10:03,5,1,5,-2.0,TRUE,FALSE,Moderate (50-80%),Light Rain,None,83,4.6
TRP02091,2025-08-25,Monday,false,Morning Peak (7-9am),08:31,08:35,9,44,11,4.4,yes,false,Full (80-100%),Light Rain,None,129,3.5
TRP03262,2025-05-29,Thursday,0,Early Morning (5-7am),06:26,06:27,12,102,6,1.6,Yes,FALSE,Full (80-100%),Clear,None,160,3.3
TRP01504,2025-06-21,Saturday,True,Midday (9am-4pm),15:44,15:38,3,79,,-5.2,false,FALSE,Moderate (50-80%),Clear,Police Checkpoint,,2.4
TRP01550,2025-05-24,Saturday,True,Midday (9am-4pm),15:18,15:12,6,7,8,-6.0,False,No,Moderate (50-80%),Clear,None,100,1.8
TRP02177,2025-07-25,Friday,0,Morning Peak (7-9am),08:40,08:46,1,12,3,6.0,N,No,Overloaded (>100%),Clear,,114,2.8
TRP02545,2025-07-26,  Saturday  ,1,Night (7-10pm),21:38,21:40,8,32,5,2.1,true,false,Full (80-100%),Overcast,Traffic Jam,60,4.8
TRP02445,2025-06-11,Wednesday,0,Evening Peak (4-7pm),16:52,17:11,12,89,2,19.9,No,no,Moderate (50-80%),Light Rain,Police Checkpoint,273,1.4
TRP03326,2025-07-09,Wednesday,N,Midday (9am-4pm),10:33,10:32,5,75,4,-0.5,1,false,Low (<50%),Overcast,None,70,4.8
TRP00361,2025-07-10,Thursday,false,Early Morning (5-7am),05:14,05:21,12,68,7,7.0,false,No,FULL (80-100%),Overcast,Road Construction,160,2.6
TRP02978,2025-04-25,Friday,FALSE,Evening Peak (4-7pm),17:20,17:43,2,87,9,23.5,No,No,Low (<50%),Clear,Vehicle Breakdown,133,4.0
TRP01752,2025-08-22,Friday,False,Evening Peak (4-7pm),17:18,17:30,11,60,5,12.8,No,N,Moderate (50-80%),Overcast,None,143,1.8
TRP02841,2025-08-14,Thursday,FALSE,Evening Peak (4-7pm),17:49,18:02,1,63,8,13.7,False,FALSE,Full (80-100%),clear,Traffic Jam,119,2.8
TRP01028,2025-05-18,Sunday,true,midday (9am-4pm),11:03,11:15,8,8,2,12.6,FALSE,no,Full (80-100%),Heavy Rain,Road Accident Nearby,65,1.8
TRP03256,21-May-2025,Wednesday,N,Midday (9am-4pm),15:39,15:33,11,96,4,-6.0,False,No,Low (<50%),Clear,None,110,3.0
TRP00213,2025-04-14,Monday,false,Morning Peak (7-9am),07:15,07:24,6,101,1,9.1,0,FALSE,Overloaded (>100%),Clear,None,127,1.1
TRP01321,2025-07-13,Sunday,Yes,Night (7-10pm),21:19,21:31,2,99,11,12.9,0,FALSE,Low (<50%),Clear,Road Construction,90,1.8
TRP02820,2025-06-21,Saturday,Y,Midday (9am-4pm),11:00,10:55,3,68,1,-4.6,TRUE,0,Low (<50%),,None,120,4.4
TRP01800,2025-03-30,Sunday,True,Midday (9am-4pm),10:21,10:34,10,10,9,13.0,N,false,Moderate (50-80%),NA,Road Construction,78,2.7
TRP01018,12/02/2025,Wednesday,No,Night (7-10pm),21:16,21:22,4,10,6,6.5 min,False,No,MODERATE (50-80%),clear,Overloading Delay,80,1.2
TRP01136,2025-08-26,Tuesday,0,Evening Peak (4-7pm),18:07,18:05,3,43,1,-2.0,True,N,Full (80-100%),Clear,None,135,3.3
TRP02131,2025-05-16,Friday,0,Morning Peak (7-9am),08:52,08:57,8,33,8,5.3,no,false,Full (80-100%),CLEAR,  None  ,89,
TRP01581,2025-06-25,Wednesday,False,Night (7-10pm),21:39,21:40,12,35,11,1.2,1,N,Low (<50%),Clear,None,KES 160,4.4
TRP00605,2025-02-05,Wednesday,False,Evening Peak (4-7pm),17:32,17:38,2,99,9,6.2,false,no,Full (80-100%),Clear,None,120,2.0
TRP03032,2025-04-17,Thursday,no,Night (7-10pm),19:41,20:07,1,43,5,26.1,false,No,Low (<50%),Clear,Vehicle Breakdown,100,1.3
TRP00412,08/06/2025,Sunday,1,Evening Peak (4-7pm),16:27,16:28,5,116,2,1.4,True,0,Overloaded (>100%),Light Rain,None,122,2.9
TRP01648,2025-04-25,Friday,N,Evening Peak (4-7pm),16:55,17:12,12,79,7,17.2,0,yes,Full (80-100%),Heavy Rain,Road Accident Nearby,280,2.9
TRP02629,2025-06-20,Friday,FALSE,morning peak (7-9am),08:33,08:41,4,110,7,8.6,0,FALSE,FULL (80-100%),,Road Construction,115,3.4
TRP00639,2025-02-12,Wednesday,no,Morning Peak (7-9am),07:26,07:32,5,100,6,6.7 min,N,false,Full (80-100%),Clear,none,86,2.1
TRP00598,2025-01-05,  Sunday  ,True,Evening Peak (4-7pm),18:05,17:59,3,18,4,-6.0,false,False,Full (80-100%),Clear,None,151,3.2
TRP02923,2025-02-01,Saturday,Y,Night (7-10pm),21:35,21:37,2,100,9,2.6,True,False,Moderate (50-80%),  Clear  ,Road Construction,90,3.1
TRP00443,2025-02-21,Friday,false,Midday (9am-4pm),09:01,08:55,10,40,6,-5.4,FALSE,False,FULL (80-100%),Clear,none,70,3.3
TRP00851,2025-06-07,  Saturday  ,1,Evening Peak (4-7pm),17:36,17:37,12,95,3,1.1,TRUE,0,Overloaded (>100%),Clear,None,,4.9
TRP02080,2025-07-30,Wednesday,False,Morning Peak (7-9am),08:32,08:37,12,116,1,5.6 min,No,false,Full (80-100%),Clear,NONE,244,3.3
TRP02932,2025-01-10,Friday,FALSE,Midday (9am-4pm),12:39,12:59,6,101,10,20.1,False,0,,Clear,VEHICLE BREAKDOWN,100,3.9
TRP01224,2025-08-23,SATURDAY,Yes,  Midday (9am-4pm)  ,12:06,12:18,3,98,6,12.5,no,no,Moderate (50-80%),Clear,road construction,120,3.0
TRP03170,2025-05-05,Monday,FALSE,Night (7-10pm),21:07,21:04,7,28,5,-2.8,True,No,Moderate (50-80%),Clear,None,KES 150,3.3
TRP00281,2025-07-08,Tuesday,False,Morning Peak (7-9am),07:46,07:54,3,106,7,8.6,false,No,Full (80-100%),Overcast,None,142,2.3
TRP00030,2025-08-02,Saturday,1,Midday (9am-4pm),09:08,09:14,5,10,4,6.8,No,no,Low (<50%),Overcast,,70,1.6
TRP02638,2025-08-03,Sunday,True,Night (7-10pm),19:05,18:59,1,66,2,-6.0,false,0,Low (<50%),clear,None,100,
TRP01609,2025-06-24,Tuesday,FALSE,Midday (9am-4pm),09:00,09:08,5,16,6,8.0,no,False,Moderate (50-80%),clear,Overloading Delay,70,1.9
TRP01552,2025-04-22,Tuesday,no,Midday (9am-4pm),11:02,10:59,5,32,5,-2.5,1,0,Low (<50%),CLEAR,None,70,3.4
TRP02777,2025-03-22,Saturday,True,Evening Peak (4-7pm),16:06,16:05,9,21,6,-0.9,1,no,Overloaded (>100%),Light Rain,None,Ksh112,4.9
TRP00705,2025-04-13,Sunday,True,Evening Peak (4-7pm),16:02,16:09,4,64,11,7.8,N,False,,Clear,Road Construction,105,1.8
TRP03353,2025-03-19,Wednesday,False,Early Morning (5-7am),06:29,06:26,3,72,10,-2.8,yes,False,Low (<50%),Clear,None,120,4.2
TRP01399,2025-02-16,Sunday,Y,Midday (9am-4pm),11:19,11:15,9,57,9,-3.3,TRUE,No,Full (80-100%),Clear,None,80,3.4
TRP01491,2025-01-06,Monday,no,Evening Peak (4-7pm),18:39,18:51,1,89,8,12.6,0,FALSE,Full (80-100%),Clear,None,149,
TRP00140,2025-06-04,WEDNESDAY,False,Morning Peak (7-9am),08:26,08:23,4,38,1,-2.3,True,N,Overloaded (>100%),Overcast,None,99,3.0
TRP03377,2025-03-08,Saturday,1,Midday (9am-4pm),10:47,10:42,11,64,8,-4.8,true,false,Moderate (50-80%),Clear,None,110,4.8
TRP00517,2025-04-27,Sunday,true,Midday (9am-4pm),11:12,11:30,5,10,2,18.0 min,0,false,Moderate (50-80%),Overcast,Vehicle Breakdown,70,2.6
TRP02353,2025-06-20,FRIDAY,FALSE,Night (7-10pm),21:20,21:18,9,18,10,-2.0,Y,False,Moderate (50-80%),Clear,None,80,5.0
TRP03337,03-21-2025,Friday,No,Morning Peak (7-9am),08:37,08:46,1,10,11,9.9,No,FALSE,Low (<50%),Overcast,ROAD ACCIDENT NEARBY,156,2.2
TRP01765,2025-02-13,Thursday,false,MORNING PEAK (7-9AM),07:09,07:18,4,61,11,9.5,False,0,Full (80-100%),Clear,Overloading Delay,112,4.3
TRP00353,2025-06-08,Sunday,yes,MIDDAY (9AM-4PM),11:52,12:09,12,18,5,17.8,False,False,Full (80-100%),Clear,vehicle breakdown,160,2.9
TRP00849,2025-08-13,Wednesday,false,Morning Peak (7-9am),07:01,07:04,2,13,5,3.6,1,False,Moderate (50-80%),Clear,None,127,4.6
TRP01567,2025-03-27,  Thursday  ,false,Evening Peak (4-7pm),18:46,18:59,7,88,7,13.2,no,No,Full (80-100%),  Clear  ,Traffic Jam,207,2.4
TRP03037,2025-05-17,Saturday,true,Midday (9am-4pm),09:58,09:54,4,9999,6,-4.0,True,false,Full (80-100%),Clear,None,,2.2
TRP00425,2025-06-07,  Saturday  ,Y,Morning Peak (7-9am),08:17,08:16,5,30,1,-0.4,True,False,,clear,traffic jam,105,3.3
TRP01759,2025-01-30,Thursday,false,Evening Peak (4-7pm),16:10,16:33,8,2,1,23.0,false,False,unknown,  Clear  ,vehicle breakdown,90,3.6
TRP00206,2025-07-16,Wednesday,no,Morning Peak (7-9am),08:20,08:35,5,99,2,15.9,FALSE,no,Moderate (50-80%),Overcast,Road Accident Nearby,94,1.6
TRP02110,2025-01-09,Thursday,0,Evening Peak (4-7pm),16:26,16:42,3,83,6,16.7,No,false,Low (<50%),Heavy Rain,Overloading Delay,220,3.0
TRP02176,2025-04-11,Friday,False,Night (7-10pm),20:34,20:28,8,73,8,-5.5,False,FALSE,Moderate (50-80%),Clear,None,60,3.8
TRP02191,2025-06-20,Friday,0,Evening Peak (4-7pm),18:30,18:34,2,12,4,4.4,yes,False,Moderate (50-80%),Overcast,Road Construction,99,3.7
TRP01459,2025-04-13,sunday,True,Midday (9am-4pm),12:57,12:57,4,64,9,0.2,yes,False,Moderate (50-80%),  Clear  ,None,80,3.4
TRP00013,2025/03/04,Tuesday,FALSE,Midday (9am-4pm),15:39,15:40,5,68,7,1.1,1,N,Low (<50%),,None,70,2.8
TRP00509,01-07-2025,Tuesday,False,morning peak (7-9am),08:55,09:01,8,112,3,6.2,0,no,Full (80-100%),Clear,None,86,3.3
TRP02345,2025-07-08,Tuesday,False,Night (7-10pm),19:07,19:06,6,16,8,-0.4,True,N,Moderate (50-80%),Clear,None,100,4.0
TRP02846,2025-08-06,Wednesday,0,Early Morning (5-7am),06:32,06:30,10,24,6,-2.0,TRUE,False,  Full (80-100%)  ,Clear,None,70,3.5
TRP02768,2025-03-06,Thursday,0,EVENING PEAK (4-7PM),16:21,16:26,12,23,3,5.7,no,No,Low (<50%),Clear,None,245,2.2
TRP01022,2025-04-14,Monday,FALSE,Midday (9am-4pm),12:21,12:28,1,84,10,7.1,false,0,Low (<50%),clear,Overloading Delay,100,3.4
TRP02873,2025-08-04,Monday,0,Midday (9am-4pm),13:47,13:52,8,110,3,5.2,False,FALSE,Low (<50%),Clear,Road Accident Nearby,149,4.1
TRP02202,2025-08-08,Friday,no,Morning Peak (7-9am),07:09,07:16,3,60,2,7.7,N,False,Moderate (50-80%),Clear,None,137,2.1
TRP01535,22/04/2025,Tuesday,no,Morning Peak (7-9am),08:44,09:04,8,4,11,20.9,False,no,Full (80-100%),Clear,road accident nearby,71,1.9
TRP00792,2025-06-30,Monday,FALSE,Evening Peak (4-7pm),18:20,18:30,5,36,11,10.9,N,false,Low (<50%),Clear,Road Construction,105,1.2
TRP02582,2025-07-27,Sunday,True,Midday (9am-4pm),10:10,10:06,3,7,11,-3.8,Yes,0,Low (<50%),CLEAR,None,120,4.4
TRP02643,2025-03-19,Wednesday,No,Night (7-10pm),19:43,20:09,2,111,8,26.2,no,no,Moderate (50-80%),,Vehicle Breakdown,90,2.8
TRP00219,07/06/2025,Saturday,Y,Evening Peak (4-7pm),16:31,16:57,3,92,7,26.3,FALSE,no,Moderate (50-80%),light rain,Vehicle Breakdown,201,
TRP00714,2025-04-03,Thursday,False,Midday (9am-4pm),15:27,15:39,10,88,3,12.9,false,False,Low (<50%),Light Rain,Road Construction,90,2.3
TRP01627,2025-04-05,Saturday,yes,Midday (9am-4pm),11:37,11:49,1,81,9,12.4,False,no,Moderate (50-80%),Clear,Vehicle Breakdown,100,2.1
TRP00868,2025-01-24,friday,False,Morning Peak (7-9am),07:24,07:30,5,97,10,6.5,N,N,Overloaded (>100%),Clear,None,87,2.1
TRP03039,2025-03-13,Thursday,False,Early Morning (5-7am),06:28,06:22,10,55,4,-6.0,0,False,moderate (50-80%),Clear,None,70,8.8
TRP01272,2025-02-06,Thursday,No,Morning Peak (7-9am),08:48,08:58,10,15,10,10.9,False,false,Full (80-100%),,Traffic Jam,111,
TRP02967,2025-08-27,Wednesday,N,Evening Peak (4-7pm),18:36,18:40,10,55,6,4.6,yes,0,Full (80-100%),Clear,Overloading Delay,77,4.8
TRP01667,2025-07-25,Friday,N,Morning Peak (7-9am),08:32,08:56,10,3,5,24.0,False,false,Full (80-100%),Clear,Road Accident Nearby,80,2.3
TRP00921,2025-01-03,friday,False,Evening Peak (4-7pm),17:00,17:10,5,104,6,10.2,FALSE,No,Moderate (50-80%),Light Rain,  None  ,117,1.4
TRP01017,2025-08-24,Sunday,Yes,Evening Peak (4-7pm),18:28,18:34,12,20,8,6.3,False,False,Moderate (50-80%),Clear,Vehicle Breakdown,197,2.7
TRP02011,2025-03-16,sunday,yes,Midday (9am-4pm),11:17,11:22,12,48,11,5.1 min,0,False,Moderate (50-80%),Light Rain,None,194,3.5
TRP02285,2025-01-04,Saturday,Yes,Evening Peak (4-7pm),18:53,19:09,7,9,1,16.5,no,false,FULL (80-100%),  Light Rain  ,NONE,250,3.0
TRP00863,2025-03-16,sunday,TRUE,Evening Peak (4-7pm),18:12,18:20,6,52,2,8.1,False,false,Full (80-100%),Clear,,137,
TRP01068,2025-04-19,Saturday,Yes,Evening Peak (4-7pm),16:18,16:21,7,23,7,3.5,TRUE,false,OVERLOADED (>100%),Clear,None,213,4.1
TRP02734,2025-08-05,Tuesday,false,Evening Peak (4-7pm),16:06,16:24,3,68,9,18.9,0,False,Moderate (50-80%),Clear,Road Construction,132,2.3
TRP01255,2025-07-30,Wednesday,0,Early Morning (5-7am),05:01,05:06,10,70,3,5.3,N,N,Low (<50%),Light Rain,Police Checkpoint,Ksh79,1.5
TRP00795,2025-04-12,Saturday,True,Midday (9am-4pm),10:32,10:33,6,11,8,1.7,1,N,Full (80-100%),Clear,Police Checkpoint,100,4.5
TRP03129,2025-02-26,Wednesday,no,Midday (9am-4pm),09:09,09:11,10,63,7,2.7,true,no,Low (<50%),Clear,None,70,3.3
TRP01748,2025-03-21,Friday,False,Evening Peak (4-7pm),16:48,17:21,1,35,1,33.5,FALSE,0,Full (80-100%),Clear,Vehicle Breakdown,143,2.4
TRP03396,2025-04-17,Thursday,False,Night (7-10pm),21:40,21:42,6,119,9,2.3,Yes,No,Low (<50%),Clear,None,100,4.4
TRP02365,2025-02-14,Friday,FALSE,Morning Peak (7-9am),08:35,08:42,8,94,1,7.6,false,false,Low (<50%),Clear,None,Ksh70,2.8
TRP03242,2025-04-21,Monday,N,Morning Peak (7-9am),08:41,08:43,12,79,10,2.5,Yes,false,Overloaded (>100%),Clear,None,Ksh183,3.0
TRP00547,2025-03-13,Thursday,False,Morning Peak (7-9am),07:14,07:19,8,1,4,5.0,TRUE,False,Moderate (50-80%),Clear,none,92,4.2
TRP01728,2025-01-17,Friday,no,Morning Peak (7-9am),08:48,09:08,3,61,6,20.6,N,No,Moderate (50-80%),Light Rain,Road Accident Nearby,194,2.7
TRP02375,2025-08-24,Sunday,True,Early Morning (5-7am),06:50,06:54,2,99,9,4.3,Y,false,Moderate (50-80%),clear,Police Checkpoint,90,3.3
TRP02313,2025-05-04,Sunday,yes,Evening Peak (4-7pm),16:43,17:08,1,50,5,25.6,false,0,Overloaded (>100%),Overcast,Traffic Jam,133,3.6
TRP00523,2025-03-07,Friday,0,Early Morning (5-7am),05:04,05:04,5,7,5,0.2,TRUE,no,Full (80-100%),Light Rain,None,84,4.3
TRP02653,2025-01-02,Thursday,False,MIDDAY (9AM-4PM),11:27,11:24,4,76,2,-2.3,1,no,Full (80-100%),Clear,None,Ksh80,
TRP02072,2025-04-07,Monday,no,Early Morning (5-7am),05:57,06:11,1,64,5,14.7,No,False,Full (80-100%),Heavy Rain,None,123,1.5
TRP01675,2025-05-26,Monday,No,Midday (9am-4pm),15:38,15:38,2,87,3,0.0,Yes,FALSE,Full (80-100%),Light Rain,None,95,2.5
TRP03106,2025-06-06,Friday,False,MORNING PEAK (7-9AM),08:07,08:22,7,6,1,15.4,no,False,Moderate (50-80%),Heavy Rain,None,189,1.7
TRP03143,2025-04-05,Saturday,true,Morning Peak (7-9am),07:04,07:17,7,116,,13.3,FALSE,0,Low (<50%),LIGHT RAIN,overloading delay,268,2.3
TRP00143,2025-06-02,Monday,0,Evening Peak (4-7pm),18:46,19:03,6,70,5,17.4,no,0,Moderate (50-80%),  Clear  ,Road Construction,155,2.4
TRP01157,2025-08-08,Friday,FALSE,Morning Peak (7-9am),07:57,08:05,6,49,8,8.6,No,0,Moderate (50-80%),Light Rain,None,140,3.3
TRP02292,2025-01-18,Saturday,1,Midday (9am-4pm),11:45,11:58,12,59,11,13.8,0,False,Low (<50%),n/a,Traffic Jam,160,2.6
TRP02514,2025-06-06,Friday,N,Midday (9am-4pm),11:18,11:38,2,89,5,20.8 min,false,false,Full (80-100%),,Traffic Jam,90,1.9
TRP03049,2025-03-04,Tuesday,no,Early Morning (5-7am),05:04,05:01,1,42,7,-2.5,Yes,FALSE,Full (80-100%),CLEAR,None,100,3.7
TRP00838,2025-01-21,Tuesday,False,Evening Peak (4-7pm),16:55,17:03,3,4,1,8.3,no,false,Full (80-100%),Light Rain,None,172,2.6
TRP02151,2025-03-09,sunday,Y,Morning Peak (7-9am),07:25,07:28,9,67,7,3.1,yes,false,Full (80-100%),Clear,Overloading Delay,118,3.5
TRP02055,2025-01-16,Thursday,False,Midday (9am-4pm),15:16,15:12,10,18,2,-3.5,1,False,LOW (<50%),Clear,none,70,5.0
TRP00729,15-Jun-2025,Sunday,1,Night (7-10pm),21:33,21:42,7,9,2,9.6,no,FALSE,LOW (<50%),Clear,Traffic Jam,150,3.4
TRP00712,2025-07-21,Monday,False,Early Morning (5-7am),05:00,05:24,2,41,4,24.2,False,False,Low (<50%),Light Rain,Vehicle Breakdown,114,1.6
TRP02611,2025-03-07,Friday,False,Midday (9am-4pm),09:10,09:12,3,57,8,2.8 min,TRUE,No,Full (80-100%),Clear,None,120,3.8
TRP02083,2025-02-05,Wednesday,False,Midday (9am-4pm),12:44,13:11,9,109,9,27.5,No,FALSE,Low (<50%),Clear,Vehicle Breakdown,80,1.5
TRP03278,2025-03-16,Sunday,TRUE,evening peak (4-7pm),18:13,18:16,2,40,7,3.3,1,No,,Clear,None,141,4.9
TRP03430,2025-03-03,Monday,False,Early Morning (5-7am),06:46,06:45,8,12,,-1.0,Y,0,  Moderate (50-80%)  ,Clear,None,60,2.8
TRP00815,2025-05-10,Saturday,yes,midday (9am-4pm),09:20,09:14,1,111,4,-6.0,false,No,Overloaded (>100%),Clear,None,100,1.0
TRP02564,2025-02-21,Friday,N,Evening Peak (4-7pm),18:16,18:33,5,17,8,17.8,False,False,Low (<50%),Clear,Traffic Jam,93,1.9
TRP03123,2025-03-21,Friday,False,Midday (9am-4pm),12:54,13:16,8,81,7,22.2,False,FALSE,Full (80-100%),Clear,Vehicle Breakdown,,
TRP00617,2025-06-08,Sunday,true,Midday (9am-4pm),15:50,15:53,10,67,9,3.2,true,FALSE,Full (80-100%),Clear,Police Checkpoint,70,4.8
TRP01488,24/08/2025,Sunday,Yes,Midday (9am-4pm),14:35,14:42,1,65,9,7.4,N,false,Low (<50%),,Road Accident Nearby,100,2.7
TRP01494,28-Jun-2025,Saturday,True,MIDDAY (9AM-4PM),10:18,10:45,1,88,4,27.2,No,False,Moderate (50-80%),Overcast,Vehicle Breakdown,100,2.3
TRP01421,2025-02-22,Saturday,TRUE,Midday (9am-4pm),12:08,12:05,10,95,4,-2.9,Y,N,Overloaded (>100%),,None,70,4.5
TRP01240,2025-04-14,Monday,N,midday (9am-4pm),10:08,10:17,7,46,1,9.2,False,no,Low (<50%),Clear,Police Checkpoint,150,3.6
TRP02307,2025-01-18,Saturday,True,Midday (9am-4pm),13:42,14:01,4,68,3,19.6,0,false,Low (<50%),Light Rain,Vehicle Breakdown,KES 89,2.4
TRP01514,2025-06-14,Saturday,Yes,Midday (9am-4pm),10:29,10:27,6,91,10,-1.4,True,0,Moderate (50-80%),clear,None,100,4.2
TRP03179,2025-01-20,Monday,false,Midday (9am-4pm),12:53,13:09,7,77,1,16.0,N,No,Low (<50%),Clear,Road Accident Nearby,150,1.6
TRP03334,2025-05-24,Saturday,Yes,Evening Peak (4-7pm),16:30,16:50,7,5,2,20.8,False,no,Overloaded (>100%),Light Rain,Traffic Jam,186,2.3
TRP02461,01-17-2025,FRIDAY,False,EVENING PEAK (4-7PM),16:04,16:19,8,79,5,15.9,N,No,Full (80-100%),Clear,Vehicle Breakdown,87,3.6
TRP02008,2025-05-01,Thursday,FALSE,Midday (9am-4pm),15:26,15:49,2,12,,23.0,False,N,Moderate (50-80%),Heavy Rain,Road Accident Nearby,108,
TRP02194,2025-07-28,Monday,0,Midday (9am-4pm),12:50,13:04,1,99,11,14.3,false,false,Low (<50%),,Vehicle Breakdown,KES 100,4.1
TRP03297,2025-02-05,Wednesday,False,Midday (9am-4pm),13:49,13:59,10,77,3,10.2,N,False,Full (80-100%),Clear,Road Accident Nearby,70,1.8
TRP02732,2025-04-23,Wednesday,False,Morning Peak (7-9am),07:48,08:26,12,19,5,38.1,False,0,Moderate (50-80%),Clear,Vehicle Breakdown,219,2.1
TRP00789,2025-05-20,Tuesday,FALSE,Evening Peak (4-7pm),18:21,18:39,8,114,1,18.9,FALSE,false,moderate (50-80%),Overcast,,86,1.7
TRP02335,2025-03-18,Tuesday,false,Evening Peak (4-7pm),18:06,18:14,3,11,7,8.7,false,0,Overloaded (>100%),Clear,Road Construction,,1.4
TRP02277,2025-07-15,tuesday,no,Midday (9am-4pm),09:26,09:38,7,104,7,12.2,No,no,Low (<50%),heavy rain,Road Construction,193,3.5
TRP03382,2025-05-24,Saturday,True,Evening Peak (4-7pm),17:56,18:01,6,45,3,5.0,1,N,Moderate (50-80%),Clear,None,132,4.2
TRP01384,2025-01-17,Friday,No,Morning Peak (7-9am),08:17,08:18,8,31,3,1.8,Y,False,Low (<50%),Clear,none,78,4.6
TRP01450,2025-07-08,Tuesday,No,Morning Peak (7-9am),07:17,07:30,2,120,6,13.7,no,N,Full (80-100%),Clear,Road Construction,130,3.0
TRP01569,2025-01-14,  Tuesday  ,0,Evening Peak (4-7pm),17:32,17:34,4,72,11,2.4,yes,FALSE,Moderate (50-80%),Clear,None,106,
TRP00588,2025-03-02,Sunday,yes,Evening Peak (4-7pm),17:13,17:12,1,47,5,-0.8,yes,false,Overloaded (>100%),Clear,None,123,3.4
TRP00169,12/08/2025,Tuesday,False,Midday (9am-4pm),10:54,10:59,10,70,11,5.9,No,No,Low (<50%),CLEAR,Overloading Delay,70,3.7
TRP02953,2025-07-08,Tuesday,no,Night (7-10pm),20:35,20:35,5,41,8,0.7,True,0,Low (<50%),Clear,None,70,4.1
TRP03429,2025-08-08,Friday,N,Early Morning (5-7am),06:58,07:24,7,119,11,26.3,N,False,Low (<50%),Clear,Vehicle Breakdown,150,2.0
TRP02659,2025-06-10,Tuesday,N,morning peak (7-9am),07:29,08:01,3,27,4,32.1,false,0,Moderate (50-80%),Clear,Vehicle Breakdown,,3.5
TRP01840,2025-03-24,Monday,false,Midday (9am-4pm),10:00,10:01,11,41,11,1.0,True,N,Full (80-100%),Clear,none,,
TRP01895,2025-08-15,Friday,no,Morning Peak (7-9am),08:22,08:22,1,5,1,0.9,1,False,Moderate (50-80%),overcast,None,153,3.2
TRP01674,2025-05-25,Sunday,yes,Morning Peak (7-9am),07:32,07:30,11,38,7,-1.4,true,no,NA,Light Rain,None,213,4.3
TRP03346,2025-04-26,Saturday,Yes,Evening Peak (4-7pm),18:16,18:29,12,25,4,13.3,no,False,Moderate (50-80%),Light Rain,Vehicle Breakdown,268,3.1
TRP01659,03-Mar-2025,Monday,false,Morning Peak (7-9am),07:41,08:17,4,75,8,36.8,no,FALSE,Full (80-100%),Light Rain,Road Accident Nearby,123,2.1
TRP02079,2025-08-12,Tuesday,N,Night (7-10pm),20:16,20:20,9,8,7,4.6,TRUE,no,Moderate (50-80%),  Light Rain  ,None,97,4.0
TRP02254,2025-05-13,Tuesday,no,Midday (9am-4pm),13:07,13:19,4,49,6,12.1,0,0,Moderate (50-80%),Light Rain,Vehicle Breakdown,89,3.7
TRP01638,2025-05-15,Thursday,No,Midday (9am-4pm),10:27,10:30,6,56,4,3.8,FALSE,1,Moderate (50-80%),Clear,Police Checkpoint,100,2.2
TRP02240,2025-05-15,Thursday,false,Morning Peak (7-9am),07:25,07:31,11,108,6,6.9,0,no,Full (80-100%),Overcast,Overloading Delay,142,2.8
TRP02298,2025-03-23,Sunday,Y,Early Morning (5-7am),06:40,06:49,8,1,5,9.9,no,False,Low (<50%),Clear,Road Accident Nearby,60,3.9
TRP02805,2025-05-20,Tuesday,no,Midday (9am-4pm),10:04,10:07,11,56,7,3.1,Y,0,Full (80-100%),clear,none,110,5.0
TRP03101,2025-06-15,Sunday,Y,Midday (9am-4pm),10:40,10:39,10,77,3,-0.8,true,False,Moderate (50-80%),Light Rain,None,78,4.5
TRP02326,2025-07-28,Monday,false,Morning Peak (7-9am),08:25,08:39,10,1,10,14.5,No,False,Full (80-100%),Clear,Police Checkpoint,88,3.4
TRP01162,2025-05-25,Sunday,True,Midday (9am-4pm),11:31,11:38,6,107,2,7.5,0,FALSE,Low (<50%),Overcast,Road Construction,100,2.0
TRP02716,2025-03-01,Saturday,True,Morning Peak (7-9am),07:31,07:59,3,51,9,28.9,N,No,Full (80-100%),LIGHT RAIN,Vehicle Breakdown,155,3.0
TRP00766,2025-03-19,Wednesday,No,Morning Peak (7-9am),07:16,07:20,10,25,5,4.7,yes,No,LOW (<50%),Clear,road construction,107,3.1
TRP01848,2025-08-17,Sunday,true,Midday (9am-4pm),09:39,09:44,8,24,7,5.8,FALSE,no,Full (80-100%),Clear,Road Accident Nearby,60,
TRP03007,2025-06-13,Friday,False,Early Morning (5-7am),05:47,05:52,1,110,10,5.1,no,no,Low (<50%),Clear,Police Checkpoint,100,3.6
TRP00479,2025-04-01,Tuesday,N,Midday (9am-4pm),13:01,13:05,9,115,1,4.8,Y,FALSE,Full (80-100%),Light Rain,Police Checkpoint,89,2.8
TRP02701,2025-01-09,Thursday,0,Midday (9am-4pm),09:51,09:46,9,32,6,-4.7,Yes,0,Moderate (50-80%),Clear,None,80,3.0
TRP00848,2025-02-22,Saturday,TRUE,Midday (9am-4pm),10:12,10:11,4,42,10,-0.7,yes,FALSE,Moderate (50-80%),Clear,OVERLOADING DELAY,80,2.7
TRP01827,2025-06-18,Wednesday,no,Morning Peak (7-9am),08:23,08:33,10,82,3,10.7,FALSE,false,Moderate (50-80%),,Road Accident Nearby,96,1.8
TRP03295,2025-06-07,Saturday,1,Midday (9am-4pm),10:50,10:53,3,82,8,3.3,TRUE,0,Low (<50%),,Overloading Delay,120,5.0
TRP00233,2025-03-13,Thursday,False,Morning Peak (7-9am),07:09,07:21,3,106,3,12.8,False,False,Full (80-100%),Clear,Overloading Delay,181,3.1
TRP01056,2025-03-26,Wednesday,False,Evening Peak (4-7pm),17:19,17:28,12,40,5,9.6,N,FALSE,Low (<50%),clear,Police Checkpoint,214,
TRP02765,2025-08-18,Monday,0,Evening Peak (4-7pm),17:46,18:00,3,80,6,14.5,FALSE,False,N/A,Clear,Road Accident Nearby,134,2.9
TRP02398,2025-06-26,Thursday,False,Morning Peak (7-9am),08:00,07:56,6,82,2,-3.6,1,false,Moderate (50-80%),,None,126,4.1
TRP00364,2025-07-06,Sunday,Yes,Midday (9am-4pm),15:09,15:16,4,44,9,7.2 min,False,false,Moderate (50-80%),Light Rain,None,102,3.3
TRP02927,2025-06-06,Friday,False,Evening Peak (4-7pm),16:01,16:07,9,78,3,6.1,False,No,Overloaded (>100%),Light Rain,Overloading Delay,Ksh104,2.4
TRP00946,2025-03-16,Sunday,True,Evening Peak (4-7pm),16:42,16:56,10,79,8,14.4,False,False,Full (80-100%),Heavy Rain,None,126,2.2
TRP03232,2025-02-27,thursday,No,Morning Peak (7-9am),08:05,08:08,7,101,2,3.0,TRUE,false,999,Clear,None,221,4.1
TRP01929,2025-08-04,Monday,no,Morning Peak (7-9am),07:29,07:35,4,37,5,6.4,False,No,Full (80-100%),Light Rain,None,123,3.0
TRP03025,2025-08-24,Sunday,Y,Midday (9am-4pm),13:36,14:07,8,26,7,31.4,N,False,Full (80-100%),Heavy Rain,Vehicle Breakdown,63,3.5
TRP00097,2025-01-25,Saturday,yes,Midday (9am-4pm),09:57,09:53,7,113,6,-3.2,yes,no,Low (<50%),Clear,,150,3.4
TRP00469,2025-05-09,friday,no,Morning Peak (7-9am),08:19,08:29,11,1,10,10.3,false,0,Full (80-100%),Overcast,Road Construction,171,4.4
TRP02825,2025-03-26,Wednesday,False,Evening Peak (4-7pm),17:00,17:07,7,3,3,7.5,FALSE,No,Full (80-100%),Clear,NONE,202,1.3
TRP01712,2025-06-13,Friday,N,Midday (9am-4pm),14:53,15:02,3,109,8,9.9 min,False,no,Low (<50%),clear,Traffic Jam,120,1.0
TRP02853,2025-01-18,Saturday,yes,Evening Peak (4-7pm),17:13,17:11,2,62,8,-1.1,yes,0,Moderate (50-80%),Clear,None,122,
TRP00084,2025-08-27,Wednesday,No,midday (9am-4pm),14:32,14:30,7,103,2,-1.7,true,0,Moderate (50-80%),Overcast,None,150,4.1
TRP03350,2025-04-15,Tuesday,False,Midday (9am-4pm),10:15,10:27,6,104,4,12.5,N,No,,Clear,Road Accident Nearby,100,1.3
TRP02186,2025-02-24,Monday,False,Morning Peak (7-9am),08:04,08:24,3,43,2,20.9,False,FALSE,moderate (50-80%),Clear,Police Checkpoint,172,3.7
TRP02952,2025-04-25,Friday,No,Evening Peak (4-7pm),16:27,16:37,9,114,3,10.4,no,no,Full (80-100%),Light Rain,Overloading Delay,,3.7
TRP02409,2025-08-04,Monday,False,Evening Peak (4-7pm),17:14,17:08,3,18,4,-5.1,No,False,Full (80-100%),CLEAR,None,151,3.0
TRP00718,2025-05-17,Saturday,Yes,Midday (9am-4pm),14:22,14:30,12,104,10,8.7,FALSE,no,Overloaded (>100%),Clear,Road Construction,160,1.8
TRP01090,2025-04-16,Wednesday,FALSE,Midday (9am-4pm),12:24,12:32,4,65,2,8.5,N,false,Low (<50%),Clear,None,80,1.0
TRP03341,2025-06-15,Sunday,TRUE,Morning Peak (7-9am),08:21,08:17,6,118,9,-3.2,True,false,Full (80-100%),Light Rain,None,166,2.3
TRP01361,2025-03-01,Saturday,Y,Morning Peak (7-9am),08:37,08:44,3,86,6,7.3,False,no,Moderate (50-80%),Light Rain,Overloading Delay,195,1.6
TRP00539,2025-02-07,Friday,No,Midday (9am-4pm),12:30,12:57,5,53,8,27.2,False,N,Low (<50%),Clear,Vehicle Breakdown,70,
TRP02691,2025-08-28,Thursday,False,Evening Peak (4-7pm),16:49,16:53,3,120,4,4.8,True,0,Moderate (50-80%),Clear,None,161,4.2
TRP01398,2025-08-13,Wednesday,no,Evening Peak (4-7pm),16:14,16:13,5,105,10,-0.8,Yes,0,-,Overcast,None,111,5.0
TRP01777,2025-01-21,Tuesday,N,  Morning Peak (7-9am)  ,07:32,07:41,1,101,4,9.4,no,no,OVERLOADED (>100%),Clear,Overloading Delay,146,1.5
TRP00232,2025-05-14,Wednesday,False,Midday (9am-4pm),12:36,12:49,11,106,3,13.0,0,No,Moderate (50-80%),HEAVY RAIN,None,122,2.4
TRP02030,2025-07-26,saturday,Y,Midday (9am-4pm),15:44,15:55,12,47,11,11.4,no,N,,Heavy Rain,None,204,3.2
TRP01968,2025-05-24,Saturday,Y,Evening Peak (4-7pm),17:07,17:03,11,83,5,-3.4,TRUE,No,Moderate (50-80%),Clear,none,156,1.3
TRP02891,2025-04-05,Saturday,Y,NIGHT (7-10PM),21:39,21:49,1,1,8,10.8,FALSE,False,,Heavy Rain,None,110,1.7
TRP00448,2025-06-12,Thursday,False,Morning Peak (7-9am),07:10,07:24,12,54,2,14.8,0,No,Overloaded (>100%),Clear,Road Construction,233,1.0
TRP00676,2025-05-12,Monday,False,Midday (9am-4pm),11:20,11:21,6,34,11,1.0,true,FALSE,Moderate (50-80%),,None,100,3.6
TRP01562,2025-02-05,Wednesday,False,MORNING PEAK (7-9AM),07:53,07:57,2,118,4,4.2,Y,False,Moderate (50-80%),Light Rain,None,144,3.9
TRP00180,2025-04-18,Friday,0,Early Morning (5-7am),06:43,06:49,8,68,5,6.1,N,false,Moderate (50-80%),LIGHT RAIN,Road Construction,65,2.8
TRP01358,2025-08-03,Sunday,1,Midday (9am-4pm),09:09,09:17,9,28,1,8.2,0,0,Low (<50%),Light Rain,Traffic Jam,97,2.4
TRP02844,2025-08-16,saturday,true,Early Morning (5-7am),06:53,07:06,12,12,10,13.7,no,No,Moderate (50-80%),Heavy Rain,,176,2.4
TRP02252,2025-03-26,Wednesday,No,Midday (9am-4pm),15:46,15:45,9,24,2,-1.0,TRUE,N,  Moderate (50-80%)  ,Clear,Overloading Delay,80,4.3
TRP01909,2025-03-23,Sunday,Yes,Morning Peak (7-9am),07:26,07:31,2,106,9,5.5,FALSE,FALSE,Moderate (50-80%),Clear,Overloading Delay,119,3.4
TRP01753,2025-05-21,Wednesday,0,Evening Peak (4-7pm),18:54,18:54,8,29,9,0.5,TRUE,false,MODERATE (50-80%),Overcast,Overloading Delay,78,4.5
TRP01046,2025-06-28,Saturday,Y,Evening Peak (4-7pm),16:46,16:53,2,14,6,7.3,FALSE,False,Moderate (50-80%),Light Rain,None,130,2.8
TRP01473,2025-04-28,Monday,FALSE,morning peak (7-9am),07:47,07:57,1,57,1,10.5,0,False,Overloaded (>100%),Clear,None,146,
TRP02117,2025-06-01,Sunday,Y,Early Morning (5-7am),05:14,05:09,1,103,11,-4.1,True,False,Low (<50%),Clear,Police Checkpoint,100,3.6
TRP01471,2025-02-13,Thursday,FALSE,Morning Peak (7-9am),08:22,08:35,3,19,1,13.7,False,False,Low (<50%),Clear,Road Construction,145,3.5
TRP00066,2025-03-19,Wednesday,no,Midday (9am-4pm),09:25,09:25,2,113,11,0.8,True,FALSE,Low (<50%),Clear,None,90,3.6
TRP02706,2025-03-07,Friday,no,Midday (9am-4pm),15:48,16:14,7,106,9,26.6,false,false,Full (80-100%),Heavy Rain,Traffic Jam,174,2.1
TRP02856,2025-05-29,Thursday,N,Evening Peak (4-7pm),17:55,18:04,8,33,2,9.1,False,False,Moderate (50-80%),Clear,Road Construction,80,2.9
TRP02268,19-Apr-2025,Saturday,True,Midday (9am-4pm),12:42,12:42,5,39,8,0.3,1,0,Moderate (50-80%),Clear,Road Construction,70,4.3
TRP03074,2025-03-01,Saturday,TRUE,Midday (9am-4pm),09:05,09:00,3,49,5,-4.4,true,false,Overloaded (>100%),Clear,None,120,3.3
TRP00895,2025-05-04,Sunday,true,Midday (9am-4pm),15:55,15:53,11,70,10,-2.0,True,false,Moderate (50-80%),Clear,Police Checkpoint,110,3.6
TRP03490,07-22-2025,Tuesday,False,Night (7-10pm),20:52,21:03,2,72,4,11.1 min,0,No,Full (80-100%),LIGHT RAIN,  Road Construction  ,109,2.4
TRP00553,21-May-2025,Wednesday,false,Midday (9am-4pm),09:40,09:41,8,5,11,1.1,Yes,No,Full (80-100%),Clear,None,KES 60,3.4
TRP02209,2025-06-22,Sunday,Y,midday (9am-4pm),15:00,14:56,6,49,11,-3.5,true,0,Overloaded (>100%),Light Rain,Overloading Delay,106,5.0
TRP03494,2025-02-17,MONDAY,0,Morning Peak (7-9am),07:09,07:13,4,17,2,4.5,Y,false,Full (80-100%),Clear,Overloading Delay,92,3.9
TRP00450,2025-02-19,Wednesday,False,MORNING PEAK (7-9AM),08:16,08:24,3,111,5,8.8,No,N,Overloaded (>100%),Clear,  Overloading Delay  ,191,1.9
TRP01374,2025-07-12,Saturday,True,Early Morning (5-7am),06:56,06:59,12,9,7,3.5,True,no,Low (<50%),Light Rain,None,Ksh172,3.7
TRP02293,2025-05-10,Saturday,True,Midday (9am-4pm),10:24,10:24,5,6,6,0.1,Y,N,Moderate (50-80%),Clear,Overloading Delay,70,3.7
TRP02418,2025-05-25,Sunday,yes,Midday (9am-4pm),13:09,13:05,2,10,6,-3.4,True,false,Moderate (50-80%),Clear,,90,2.7
TRP00681,2025-01-09,Thursday,0,  Evening Peak (4-7pm)  ,17:40,17:50,10,4,10,10.7,0,false,Full (80-100%),CLEAR,Road Construction,97,2.6
TRP02337,2025-07-19,SATURDAY,TRUE,Midday (9am-4pm),15:50,15:44,9,94,1,-6.0,no,False,Low (<50%),Clear,None,80,2.2
TRP02147,2025-07-19,Saturday,Yes,Night (7-10pm),19:19,19:17,12,31,8,-1.4,true,False,Low (<50%),Clear,None,160,3.6
TRP03275,2025-01-17,Friday,FALSE,Early Morning (5-7am),06:51,07:17,7,112,6,26.5,false,FALSE,Full (80-100%),,Vehicle Breakdown,150,2.0
TRP01804,2025-05-09,Friday,0,Midday (9am-4pm),13:14,13:16,2,92,11,2.2,True,FALSE,Full (80-100%),Light Rain,None,111,2.9
TRP01696,2025-08-07,Thursday,0,Midday (9am-4pm),12:00,12:00,8,81,10,0.5,1,False,,Overcast,None,60,4.9
TRP00002,2025-04-18,FRIDAY,false,Early Morning (5-7am),06:44,07:00,6,104,11,16.3 min,0,no,Full (80-100%),Light Rain,Road Accident Nearby,106,2.0
TRP00408,2025-07-16,Wednesday,False,MIDDAY (9AM-4PM),15:40,15:44,7,104,3,4.5,yes,false,,Clear,None,150,4.1
TRP01004,2025-02-10,Monday,No,Evening Peak (4-7pm),16:26,16:34,9,115,5,8.3 min,N,FALSE,Low (<50%),Clear,None,108,3.0
TRP03339,2025-01-06,  Monday  ,No,Morning Peak (7-9am),07:14,07:16,4,79,3,2.0,TRUE,False,  Full (80-100%)  ,999,Police Checkpoint,136,4.4
TRP03285,2025-08-14,thursday,False,Morning Peak (7-9am),07:11,07:38,5,13,11,27.0,False,no,Overloaded (>100%),Clear,Traffic Jam,95,1.0
TRP00738,2025-05-05,monday,0,Midday (9am-4pm),10:30,10:53,3,33,7,23.2,no,no,Moderate (50-80%),Clear,Vehicle Breakdown,Ksh120,2.5
TRP03215,2025-01-01,Wednesday,0,Evening Peak (4-7pm),17:16,17:30,2,18,5,14.0,False,0,Moderate (50-80%),Overcast,  Traffic Jam  ,104,1.7
TRP02430,2025-08-26,Tuesday,False,MORNING PEAK (7-9AM),07:05,07:30,9,47,6,25.8,False,False,Full (80-100%),Clear,Vehicle Breakdown,,3.2
TRP01283,2025-05-30,Friday,No,  Morning Peak (7-9am)  ,08:27,08:40,7,53,10,13.3,FALSE,N,Moderate (50-80%),Clear,Overloading Delay,222,2.2
TRP01114,2025-04-04,Friday,False,Morning Peak (7-9am),07:43,07:49,8,76,2,6.6,N,FALSE,Moderate (50-80%),Clear,None,88,2.5
TRP01869,2025-03-31,Monday,False,Morning Peak (7-9am),08:47,08:50,11,4,6,3.9,True,FALSE,Full (80-100%),Clear,Road Construction,138,4.5
TRP02847,2025-05-03,Saturday,True,Night (7-10pm),21:34,21:28,8,65,7,-6.0,false,No,Moderate (50-80%),Clear,None,60,2.7
TRP02869,2025-07-20,Sunday,Y,Midday (9am-4pm),13:39,13:54,2,26,7,15.7,false,FALSE,Low (<50%),Heavy Rain,Overloading Delay,100,2.8
TRP03045,2025-04-17,Thursday,false,Evening Peak (4-7pm),16:16,16:22,2,53,3,6.3,0,N,Full (80-100%),Clear,None,137,3.9
TRP01172,2025-03-09,Sunday,True,Early Morning (5-7am),05:37,05:35,4,42,9,-1.3,true,0,Low (<50%),Clear,None,80,3.7
TRP00563,2025-03-08,Saturday,True,Midday (9am-4pm),15:10,15:21,9,21,7,11.6,FALSE,false,Moderate (50-80%),Clear,Traffic Jam,80,3.0
TRP02484,2025-02-15,SATURDAY,true,Midday (9am-4pm),14:00,14:17,12,13,4,17.4,0,No,Full (80-100%),Light Rain,Traffic Jam,172,2.3
TRP01281,2025-01-27,Monday,FALSE,Evening Peak (4-7pm),16:26,16:45,11,86,2,19.9,false,no,Full (80-100%),Clear,Vehicle Breakdown,137,1.9
TRP00373,2025-03-25,Tuesday,0,Morning Peak (7-9am),08:04,08:15,7,77,2,11.0,False,0,Moderate (50-80%),Heavy Rain,None,226,2.8
TRP03413,2025-08-22,Friday,False,Evening Peak (4-7pm),17:08,17:41,8,70,10,33.5,no,False,Overloaded (>100%),Overcast,  Vehicle Breakdown  ,72,2.7
TRP03446,2025-04-30,Wednesday,0,Morning Peak (7-9am),08:00,08:05,10,42,6,5.7,0,0,Moderate (50-80%),Light Rain,Overloading Delay,127,3.0
TRP02571,2025-05-26,Monday,No,Morning Peak (7-9am),07:12,07:19,2,69,4,7.0,False,False,Full (80-100%),Clear,Police Checkpoint,KES 123,1.2
TRP01732,2025-07-05,Saturday,True,Midday (9am-4pm),15:10,15:05,10,62,6,-4.8,True,False,Moderate (50-80%),Overcast,None,70,5.0
TRP02076,2025-06-18,Wednesday,false,Midday (9am-4pm),14:11,14:08,10,119,,-2.5 min,1,N,Moderate (50-80%),Clear,None,70,3.8
TRP01549,2025-01-07,Tuesday,False,Evening Peak (4-7pm),16:34,16:37,2,13,9,3.3,Yes,False,Full (80-100%),Clear,None,120,3.1
TRP01411,2025-08-14,THURSDAY,False,Evening Peak (4-7pm),17:32,17:36,10,78,8,4.1,True,No,Moderate (50-80%),Light Rain,None,117,3.8
TRP00690,2025-06-20,Friday,false,Midday (9am-4pm),10:36,10:54,5,113,8,18.6,no,No,FULL (80-100%),Light Rain,Road Accident Nearby,85,1.6
TRP01656,2025-07-29,Tuesday,0,Morning Peak (7-9am),08:22,08:23,6,51,,1.7,1,FALSE,Full (80-100%),Clear,None,Ksh110,5.0
TRP02067,2025-02-12,Wednesday,0,Morning Peak (7-9am),07:49,07:55,3,43,8,6.8,False,false,Moderate (50-80%),Light Rain,None,228,1.6
TRP00123,2025-04-16,Wednesday,False,Midday (9am-4pm),13:02,13:03,10,47,6,238.2,False,true,Moderate (50-80%),Overcast,road construction,70,1.9
TRP01147,2025-03-04,Tuesday,No,Midday (9am-4pm),15:18,15:24,4,79,11,6.6,N,False,Full (80-100%),Clear,Road Accident Nearby,80,4.8
TRP00009,2025-03-20,Thursday,FALSE,Evening Peak (4-7pm),17:09,17:22,6,70,10,13.4,FALSE,false,Moderate (50-80%),Clear,Road Accident Nearby,155,2.1
TRP01026,2025-06-21,Saturday,yes,Midday (9am-4pm),12:45,13:03,2,84,9,18.9,False,Y,Full (80-100%),clear,Vehicle Breakdown,90,1.9
TRP01372,2025-05-23,Friday,False,Morning Peak (7-9am),08:18,08:28,9,7,8,10.0,No,False,Moderate (50-80%),Clear,Police Checkpoint,109,
TRP01559,2025-01-30,Thursday,FALSE,Midday (9am-4pm),10:32,10:50,8,68,11,18.3,N,No,Moderate (50-80%),Overcast,Road Accident Nearby,60,3.3
TRP01919,2025-02-11,Tuesday,0,Morning Peak (7-9am),07:44,07:50,3,120,1,6.1,False,False,Full (80-100%),Clear,Police Checkpoint,157,
TRP00315,2025-08-03,Sunday,yes,Night (7-10pm),20:42,20:38,2,106,2,-3.1,Yes,no,Moderate (50-80%),n/a,None,90,3.5
TRP01901,2025-05-23,Friday,false,Evening Peak (4-7pm),18:23,18:29,6,76,2,6.6,False,N,,,Traffic Jam,159,4.3
TRP01556,2025-03-19,Wednesday,N,Evening Peak (4-7pm),17:32,17:57,6,51,2,25.4,no,False,Full (80-100%),Clear,Vehicle Breakdown,129,1.7
TRP01053,2025-05-18,Sunday,True,Midday (9am-4pm),14:09,14:11,5,31,3,2.1,true,0,Moderate (50-80%),Clear,Road Accident Nearby,70,2.5
TRP02316,2025-02-10,Monday,N,Midday (9am-4pm),10:27,10:45,12,87,5,-62.1,no,FALSE,Moderate (50-80%),Clear,Road Accident Nearby,Ksh160,2.8
TRP01538,2025-07-14,Monday,false,Evening Peak (4-7pm),17:56,18:24,7,43,6,28.9,false,false,Moderate (50-80%),Overcast,Vehicle Breakdown,205,2.5
TRP02026,03-10-2025,Monday,No,Midday (9am-4pm),14:21,14:15,5,21,9,-6.0,false,No,Moderate (50-80%),Clear,None,70,
TRP03120,2025-06-20,Friday,no,Evening Peak (4-7pm),18:38,18:38,3,113,2,0.7,1,FALSE,Full (80-100%),Heavy Rain,None,223,3.6
TRP01365,2025-07-15,Tuesday,FALSE,Midday (9am-4pm),10:43,11:07,3,102,11,24.1,False,FALSE,Full (80-100%),Clear,Road Accident Nearby,120,
TRP00717,2025-06-17,Tuesday,False,Night (7-10pm),20:20,20:20,4,80,8,0.4,TRUE,No,Full (80-100%),Clear,none,80,5.0
TRP03287,2025-01-11,saturday,true,Midday (9am-4pm),09:38,09:43,8,81,2,5.5,false,0,Low (<50%),Light Rain,Road Construction,64,1.7
TRP02347,2025-07-23,Wednesday,no,Evening Peak (4-7pm),16:21,16:42,3,71,11,21.2,False,No,Full (80-100%),Light Rain,Road Accident Nearby,160,2.2
TRP00877,2025-03-21,Friday,no,Evening Peak (4-7pm),17:00,17:22,7,113,3,22.6,no,no,Overloaded (>100%),Overcast,Road Accident Nearby,233,
TRP00062,2025-02-03,Monday,no,Evening Peak (4-7pm),18:43,18:54,8,36,4,11.0,FALSE,true,Full (80-100%),999,None,114,1.6
TRP00631,2025-04-30,Wednesday,0,Morning Peak (7-9am),08:54,09:07,7,6,1,13.0,False,no,Full (80-100%),Light Rain,road construction,212,3.8
TRP00781,2025-03-28,Friday,FALSE,Evening Peak (4-7pm),17:00,17:15,10,70,5,15.2,False,0,Moderate (50-80%),light rain,Overloading Delay,109,
TRP03067,2025-05-27,Tuesday,FALSE,Morning Peak (7-9am),07:59,08:04,12,85,2,5.4,False,No,Full (80-100%),Light Rain,None,293,2.6
TRP01148,2025-03-23,SUNDAY,true,Midday (9am-4pm),14:52,15:11,4,97,4,19.6,0,false,Moderate (50-80%),overcast,Vehicle Breakdown,80,4.4
TRP02812,2025-04-01,Tuesday,no,Evening Peak (4-7pm),16:02,16:27,11,55,10,25.2,False,False,Full (80-100%),Clear,Vehicle Breakdown,140,1.3
TRP00646,2025-07-10,Thursday,False,Morning Peak (7-9am),08:02,08:12,1,120,6,10.5,N,no,LOW (<50%),Clear,Road Construction,118,1.9
TRP01553,2025-08-05,Tuesday,false,Night (7-10pm),19:44,19:49,3,26,10,5.6,0,no,full (80-100%),Light Rain,  None  ,KES 154,1.8
TRP03173,2025-07-13,Sunday,yes,Midday (9am-4pm),13:16,13:16,9,19,2,0.3,1,false,Overloaded (>100%),,None,88,3.9
TRP00832,2025-03-18,Tuesday,0,midday (9am-4pm),09:07,09:15,12,103,9,8.1,no,False,Moderate (50-80%),Clear,Road Construction,160,
TRP01834,2025-06-04,wednesday,False,  Midday (9am-4pm)  ,13:01,13:06,7,82,1,5.1,N,False,Full (80-100%),Light Rain,Traffic Jam,KES 168,2.7
TRP03236,2025-06-19,Thursday,False,Midday (9am-4pm),09:59,10:06,12,106,4,7.7,FALSE,false,low (<50%),Light Rain,None,194,1.7
TRP02081,2025-07-19,Saturday,True,EARLY MORNING (5-7AM),06:02,06:14,4,105,9,12.2,False,no,Full (80-100%),Clear,Vehicle Breakdown,80,2.2
TRP02833,2025-07-17,Thursday,No,Midday (9am-4pm),12:08,12:21,7,117,1,13.6 min,false,False,Low (<50%),Light Rain,Road Accident Nearby,174,1.4
TRP00829,2025-01-27,Monday,no,Midday (9am-4pm),13:24,13:34,6,34,4,10.1,FALSE,no,Moderate (50-80%),Clear,Traffic Jam,100,5.0
TRP02549,14-Jul-2025,Monday,False,Early Morning (5-7am),05:09,05:19,1,70,8,10.7,No,No,Low (<50%),Heavy Rain,None,120,
TRP03485,2025-02-22,Saturday,true,Early Morning (5-7am),05:43,05:44,6,110,10,1.5,1,no,MODERATE (50-80%),Heavy Rain,None,121,4.0
TRP01994,2025-08-01,Friday,no,Morning Peak (7-9am),08:07,08:28,12,120,1,21.4,FALSE,False,Full (80-100%),Clear,  Traffic Jam  ,237,
TRP02916,2025-07-02,Wednesday,false,Morning Peak (7-9am),08:49,09:24,2,94,1,35.1,No,False,Full (80-100%),Clear,Vehicle Breakdown,141,2.8
TRP01628,2025-03-30,Sunday,True,Midday (9am-4pm),10:25,10:19,3,59,11,-6.0,No,no,FULL (80-100%),Clear,None,120,2.6
TRP01734,05-04-2025,Sunday,True,Morning Peak (7-9am),07:58,07:54,5,64,11,-3.9,Yes,False,Full (80-100%),Clear,None,109,4.3
TRP03158,2025-06-10,Tuesday,N,Morning Peak (7-9am),07:45,07:46,11,91,7,1.6,Y,False,Low (<50%),Clear,None,135,2.4
TRP00222,2025-07-03,Thursday,N,Evening Peak (4-7pm),17:13,17:34,3,99,6,21.9,FALSE,False,Full (80-100%),Heavy Rain,NONE,225,2.3
TRP01825,2025-07-16,Wednesday,false,Evening Peak (4-7pm),16:05,16:14,7,115,9,9.1,False,no,Moderate (50-80%),Clear,Police Checkpoint,231,3.7
TRP00649,2025-07-25,FRIDAY,FALSE,Midday (9am-4pm),12:01,12:17,12,29,3,16.6,FALSE,False,Full (80-100%),Clear,Road Accident Nearby,160,3.4
   ,2025-06-18,Wednesday,False,Early Morning (5-7am),05:26,05:30,8,120,8,4.1,yes,0,FULL (80-100%),CLEAR,Police Checkpoint,60,
TRP01908,2025-04-14,Monday,false,Night (7-10pm),19:51,19:47,5,10,3,-3.5,True,FALSE,Moderate (50-80%),Clear,None,70,3.9
TRP01835,2025-05-19,Monday,No,evening peak (4-7pm),18:17,18:29,4,95,3,12.9,0,FALSE,Low (<50%),  Overcast  ,Traffic Jam,126,2.9
TRP01572,2025-06-27,Friday,FALSE,Night (7-10pm),20:01,20:29,12,76,9,28.1,no,0,,Clear,Vehicle Breakdown,160,
TRP02544,2025-02-21,Friday,No,Midday (9am-4pm),15:54,16:03,5,88,4,9.7,FALSE,false,Moderate (50-80%),LIGHT RAIN,None,77,3.4
TRP00590,2025-08-11,Monday,No,Evening Peak (4-7pm),17:42,17:53,2,67,3,11.7,false,false,Full (80-100%),clear,road construction,132,1.8
TRP03421,2025-04-20,Sunday,yes,Evening Peak (4-7pm),17:14,17:20,3,28,1,6.4,no,0,Full (80-100%),Overcast,None,139,1.5
TRP00474,2025-03-10,Monday,False,Midday (9am-4pm),11:44,11:59,12,37,4,15.7,FALSE,No,,Clear,Road Accident Nearby,160,
TRP00175,2025-04-27,Sunday,True,Night (7-10pm),20:50,20:49,3,32,3,-0.2,True,False,Full (80-100%),Light Rain,Police Checkpoint,130,3.8
TRP01100,10-May-2025,Saturday,yes,Evening Peak (4-7pm),16:07,16:30,12,15,1,23.4,No,No,Moderate (50-80%),Heavy Rain,  Road Construction  ,207,2.0
TRP02595,2025-05-18,Sunday,Yes,Midday (9am-4pm),09:13,09:10,7,18,5,-2.2,true,no,Low (<50%),clear,Overloading Delay,,3.6
TRP01323,2025-07-19,Saturday,Y,Night (7-10pm),19:07,19:12,9,1,6,5.7,False,No,Full (80-100%),Clear,Traffic Jam,80,3.6
TRP03271,2025-02-18,Tuesday,false,Midday (9am-4pm),12:12,12:34,10,63,6,22.4,N,False,Low (<50%),Light Rain,Road Accident Nearby,KES 82,
TRP01625,2025-06-14,saturday,1,  Morning Peak (7-9am)  ,08:59,09:01,12,80,2,2.5 min,yes,false,,Light Rain,None,281,2.9
TRP01396,2025-01-29,Wednesday,No,Midday (9am-4pm),12:33,12:40,7,36,9,7.7,FALSE,no,Low (<50%),Clear,overloading delay,150,1.2
TRP01910,2025-01-28,Tuesday,FALSE,Midday (9am-4pm),09:59,10:21,4,102,7,22.4,no,false,full (80-100%),Clear,Road Accident Nearby,80,2.4
TRP02355,2025-01-13,Monday,false,Morning Peak (7-9am),08:25,08:29,12,120,9,4.0,True,0,Moderate (50-80%),Light Rain,None,267,3.7
TRP01273,2025-03-05,Wednesday,FALSE,Morning Peak (7-9am),07:41,07:45,7,119,11,4.0,TRUE,no,Full (80-100%),Clear,None,177,4.3
TRP01979,2025-01-21,Tuesday,0,Evening Peak (4-7pm),16:26,16:33,8,51,4,7.9,no,0,Moderate (50-80%),Clear,None,83,2.4
TRP00767,2025-07-08,Tuesday,0,Night (7-10pm),21:14,21:14,1,46,9,0.4,True,False,Low (<50%),Clear,None,100,4.9
TRP01164,2025-08-21,Thursday,No,Early Morning (5-7am),06:17,06:28,8,86,9,11.1,false,false,Low (<50%),Clear,Traffic Jam,60,2.8
TRP03469,2025-03-22,Saturday,TRUE,Midday (9am-4pm),09:50,09:51,10,7,10,1.0,False,Y,Moderate (50-80%),Clear,None,70,1.0
TRP01548,2025-01-09,Thursday,N,Night (7-10pm),21:56,21:54,5,9,1,-1.9,yes,False,Overloaded (>100%),Clear,None,70,3.6
TRP02050,2025-05-21,Wednesday,N,Morning Peak (7-9am),07:34,07:45,10,114,4,11.1 min,false,No,Overloaded (>100%),Heavy Rain,None,102,2.3
TRP01699,2025-01-05,Sunday,Y,Midday (9am-4pm),12:05,12:06,8,16,2,1.6,yes,FALSE,Low (<50%),Light Rain,None,64,3.6
TRP03014,2025-05-31,Saturday,TRUE,Early Morning (5-7am),06:58,06:57,8,20,5,-0.4,Y,N,Moderate (50-80%),  Light Rain  ,None,64,4.5
TRP01207,2025-02-25,Tuesday,N,Evening Peak (4-7pm),18:27,18:36,12,92,4,9.5,0,N,Overloaded (>100%),Light Rain,Road Construction,216,3.4
TRP01166,2025-05-06,Tuesday,0,Morning Peak (7-9am),07:47,07:58,5,90,2,11.3,0,false,Full (80-100%),Heavy Rain,  None  ,111,3.7
TRP03164,2025-05-16,Friday,false,Morning Peak (7-9am),07:46,08:03,11,59,5,17.9,FALSE,0,Moderate (50-80%),Light Rain,Traffic Jam,196,2.2
TRP02963,2025-08-06,WEDNESDAY,no,Early Morning (5-7am),06:42,06:47,12,37,6,5.2,False,False,Low (<50%),Light Rain,None,173,3.7
TRP03065,2025-06-05,Thursday,false,EVENING PEAK (4-7PM),17:56,18:14,6,32,1,18.8,false,false,Full (80-100%),Light Rain,Vehicle Breakdown,147,1.8
TRP02520,2025-04-04,friday,FALSE,Midday (9am-4pm),12:52,13:04,11,97,10,12.8,False,FALSE,Full (80-100%),Clear,Road Accident Nearby,110.00,1.8
TRP01688,2025-01-26,Sunday,1,Midday (9am-4pm),15:23,15:22,7,49,5,-0.6,yes,N,Moderate (50-80%),Clear,None,150,2.8
TRP02705,2025-02-09,Sunday,Y,Morning Peak (7-9am),07:14,07:08,6,114,10,-6.0,no,No,Moderate (50-80%),Clear,None,143,
TRP02865,2025-08-22,Friday,0,Morning Peak (7-9am),08:04,08:14,10,19,8,10.9,N,False,Full (80-100%),Clear,None,91,2.1
TRP02010,2025-02-19,Wednesday,False,Midday (9am-4pm),15:49,15:47,7,118,2,-1.8,yes,0,Moderate (50-80%),Clear,None,150,4.3
TRP01590,2025-01-18,Saturday,True,Midday (9am-4pm),13:32,13:32,9,57,3,0.7,True,0,Moderate (50-80%),,Police Checkpoint,KES 80,1.6
TRP00510,2025-04-23,Wednesday,0,midday (9am-4pm),15:28,15:30,7,42,3,2.3,Y,false,,Clear,None,150,3.7
TRP02329,2025-08-15,Friday,FALSE,Evening Peak (4-7pm),18:29,18:35,2,115,8,6.2,False,False,Low (<50%),clear,None,117,3.0
TRP00321,2025-04-25,Friday,FALSE,Evening Peak (4-7pm),18:12,18:26,11,65,9,14.4,N,N,Full (80-100%),Overcast,Traffic Jam,158,2.0
TRP02898,2025-01-16,Thursday,False,MORNING PEAK (7-9AM),07:25,07:30,9,67,7,5.9,No,no,Overloaded (>100%),clear,None,102,1.2
TRP01653,2025-07-24,Thursday,false,Evening Peak (4-7pm),16:59,16:57,9,75,1,-1.2,1,False,Low (<50%),Light Rain,None,105,4.0
TRP02558,2025-05-26,Monday,FALSE,Early Morning (5-7am),06:54,06:48,9,6,4,-6.0,false,no,Moderate (50-80%),Clear,None,80,2.9
TRP00579,2025-06-04,Wednesday,0,Midday (9am-4pm),12:26,12:38,3,98,5,12.1,FALSE,N,Full (80-100%),,Road Construction,120,1.8
TRP00850,2025-05-13,Tuesday,No,Early Morning (5-7am),06:14,06:19,7,43,4,5.5,no,0,Moderate (50-80%),Overcast,None,150,
TRP00021,2025-07-04,Friday,False,Night (7-10pm),21:19,21:19,4,99,4,0.9,true,0,Low (<50%),Clear,None,80,3.0
TRP03006,2025-07-02,Wednesday,N,Midday (9am-4pm),13:31,13:31,1,81,3,0.9,Yes,False,Low (<50%),Clear,Road Construction,100,3.4
TRP01873,2025-05-09,Friday,False,evening peak (4-7pm),17:07,17:17,12,76,11,10.6,N,no,Moderate (50-80%),Clear,police checkpoint,179,2.7
TRP03362,2025-04-20,Sunday,True,Evening Peak (4-7pm),16:20,16:42,8,113,3,22.6,False,N,MODERATE (50-80%),Overcast,Vehicle Breakdown,92,
TRP00782,2025-05-16,Friday,no,Evening Peak (4-7pm),16:39,17:08,4,103,3,29.3,false,No,Moderate (50-80%),HEAVY RAIN,Road Accident Nearby,120,3.8
TRP02661,2025-03-09,Sunday,True,Midday (9am-4pm),12:08,12:09,4,4,2,1.0,true,0,Full (80-100%),Clear,Police Checkpoint,80,2.7
TRP02828,2025-08-11,monday,No,Morning Peak (7-9am),07:49,08:00,6,51,6,11.1,False,false,Full (80-100%),Clear,Road Accident Nearby,123,3.3
TRP03456,2025-02-02,Sunday,1,Early Morning (5-7am),05:01,05:01,4,4,9,0.9,1,False,Moderate (50-80%),Overcast,Police Checkpoint,80,3.3
TRP02822,2025-06-09,Monday,N,Morning Peak (7-9am),07:20,07:37,8,4,3,362.1,no,No,Overloaded (>100%),LIGHT RAIN,Traffic Jam,,5.8
TRP00604,2025-07-31,Thursday,N,Midday (9am-4pm),14:03,14:05,4,42,5,2.8,True,0,Moderate (50-80%),Light Rain,None,97,3.7
TRP01078,2025-06-16,Monday,False,Midday (9am-4pm),11:00,11:01,8,15,8,1.9,true,FALSE,Overloaded (>100%),Overcast,Overloading Delay,Ksh60,4.2
TRP00172,2025-07-30,Wednesday,N,Morning Peak (7-9am),07:30,07:40,2,103,2,10.7,FALSE,False,Low (<50%),Clear,Road Construction,140,1.7
TRP02741,2025-06-08,Sunday,TRUE,Midday (9am-4pm),13:47,13:49,8,48,7,2.2,Y,FALSE,Low (<50%),Clear,Road Construction,60,5.0
TRP01221,2025-02-05,Wednesday,0,evening peak (4-7pm),17:45,18:02,6,71,8,17.7,FALSE,No,Moderate (50-80%),  Heavy Rain  ,Road Construction,145,2.1
TRP02645,2025-06-10,Tuesday,False,Morning Peak (7-9am),07:20,07:23,3,21,5,3.0,Y,no,Moderate (50-80%),Clear,None,146,4.0
TRP00778,2025-05-20,Tuesday,False,Night (7-10pm),21:40,21:48,4,53,3,8.8,false,No,Moderate (50-80%),Clear,Road Construction,80,3.1
TRP02227,2025-02-10,Monday,False,Morning Peak (7-9am),07:30,07:33,4,4,8,3.0,1,false,Overloaded (>100%),,Overloading Delay,107,3.4
TRP02433,2025-07-24,Thursday,false,Morning Peak (7-9am),07:37,07:52,2,80,8,15.7,FALSE,false,Moderate (50-80%),N/A,Police Checkpoint,128,1.5
TRP02931,2025-05-12,Monday,No,morning peak (7-9am),07:22,07:42,2,37,9,20.9,No,no,Full (80-100%),Clear,Vehicle Breakdown,136,4.4
TRP00170,2025-05-03,Saturday,1,Night (7-10pm),20:57,20:57,3,4,9,0.4,Yes,0,Low (<50%),Clear,Road Construction,120,3.8
TRP00514,2025-02-12,Wednesday,FALSE,Morning Peak (7-9am),08:15,08:35,10,65,8,20.7,False,False,Moderate (50-80%),Light Rain,Traffic Jam,101,2.8
TRP00294,2025-02-20,Thursday,No,Morning Peak (7-9am),08:17,08:23,8,53,2,6.5,false,FALSE,Overloaded (>100%),Clear,None,,3.2
TRP01497,22/03/2025,Saturday,1,Midday (9am-4pm),09:57,10:05,12,103,,8.9,False,False,Full (80-100%),Overcast,Road Construction,160,3.4
TRP02642,2025-05-14,Wednesday,FALSE,Evening Peak (4-7pm),17:49,17:57,2,79,,8.8,False,no,Low (<50%),Clear,None,108,2.4
TRP03438,2025-06-11,Wednesday,no,  Evening Peak (4-7pm)  ,16:42,16:59,10,67,2,17.3,N,N,Full (80-100%),CLEAR,None,109,1.1
TRP01852,2025-03-23,Sunday,True,Morning Peak (7-9am),08:02,08:04,5,35,4,2.8,1,N,Moderate (50-80%),Light Rain,None,Ksh108,3.2
TRP01782,2025-06-22,Sunday,TRUE,Morning Peak (7-9am),08:46,09:05,12,80,8,19.8,False,N,Low (<50%),Clear,Vehicle Breakdown,202,1.5
TRP01262,2025-06-03,Tuesday,False,Night (7-10pm),20:53,20:50,9,84,9,-2.5,1,no,overloaded (>100%),na,Overloading Delay,80,3.0
TRP01808,07-12-2025,Saturday,True,Evening Peak (4-7pm),18:06,18:11,3,76,9,5.7,False,no,Full (80-100%),999,None,182,3.5
TRP00114,2025-03-18,  Tuesday  ,False,Midday (9am-4pm),14:15,14:20,7,73,10,5.5,false,false,Low (<50%),Clear,Overloading Delay,150,2.6
TRP01708,2025-05-20,Tuesday,False,Night (7-10pm),20:55,21:10,4,28,10,15.0,FALSE,FALSE,Moderate (50-80%),clear,Road Accident Nearby,80,3.0
TRP02830,2025-04-27,Sunday,True,Night (7-10pm),19:31,19:30,3,106,10,-1.0,Yes,no,Moderate (50-80%),Clear,None,120,4.1
TRP00929,2025-03-05,Wednesday,false,Midday (9am-4pm),15:08,15:07,11,57,8,-0.5,TRUE,False,Moderate (50-80%),Clear,,110,3.8
TRP03051,2025-01-04,Saturday,true,  Midday (9am-4pm)  ,14:00,13:54,8,1,8,-6.0,false,N,Moderate (50-80%),Clear,None,60,
TRP02938,2025-06-12,Thursday,false,Midday (9am-4pm),10:17,10:43,11,60,9,26.0,0,false,,Light Rain,Vehicle Breakdown,123,3.4
TRP01601,2025-08-17,Sunday,TRUE,Morning Peak (7-9am),07:03,07:04,12,3,7,1.4,Y,0,Moderate (50-80%),Clear,None,188,2.9
TRP03230,2025-03-06,Thursday,0,Evening Peak (4-7pm),18:52,18:57,10,119,11,5.3,no,N,OVERLOADED (>100%),Clear,None,98,1.2
TRP00314,2025-02-23,Sunday,true,Evening Peak (4-7pm),16:50,17:02,6,43,5,12.7,no,N,Overloaded (>100%),Clear,Traffic Jam,145,2.5
TRP01819,2025-05-23,Friday,No,Evening Peak (4-7pm),18:00,18:08,2,2,4,8.1,false,False,Moderate (50-80%),Clear,None,142,2.4
TRP00612,2025-02-06,Thursday,0,Morning Peak (7-9am),07:33,07:42,3,17,1,9.9,0,no,Moderate (50-80%),,Road Construction,133,
TRP00825,2025-02-04,Tuesday,false,Morning Peak (7-9am),07:48,08:05,10,66,8,17.8,No,False,Overloaded (>100%),Clear,ROAD CONSTRUCTION,95,3.3
TRP01230,2025-06-09,Monday,FALSE,Midday (9am-4pm),10:13,10:13,2,95,10,0.6 min,TRUE,FALSE,Full (80-100%),Overcast,None,90,1.9
TRP00803,2025-01-14,Tuesday,0,Early Morning (5-7am),05:40,05:35,7,44,8,-4.6,1,no,Moderate (50-80%),,Police Checkpoint,150,4.7
TRP01451,2025-05-09,Friday,False,Evening Peak (4-7pm),16:35,16:48,12,31,9,13.4,FALSE,false,Full (80-100%),Clear,Vehicle Breakdown,Ksh230,2.3
TRP01866,2025-04-01,Tuesday,no,Evening Peak (4-7pm),16:33,16:56,1,50,2,23.6,false,0,Low (<50%),Light Rain,Traffic Jam,165,2.6
TRP02532,2025-02-07,Friday,0,Midday (9am-4pm),14:20,14:17,11,75,7,-2.2,True,FALSE,Moderate (50-80%),Clear,None,110,2.6
TRP02959,2025-08-19,tuesday,0,Midday (9am-4pm),09:52,09:55,8,104,10,3.0,TRUE,No,Low (<50%),Clear,  None  ,60,3.4
TRP01814,2025-03-26,Wednesday,False,Morning Peak (7-9am),07:06,07:33,10,28,8,27.6,false,False,Overloaded (>100%),Clear,Vehicle Breakdown,93,4.6
TRP00966,2025-03-17,Monday,FALSE,Early Morning (5-7am),06:35,06:41,10,80,6,6.0,no,no,Full (80-100%),Clear,Road Accident Nearby,70,3.3
TRP03428,16-Apr-2025,Wednesday,N,Evening Peak (4-7pm),16:45,16:53,7,76,11,8.2,False,No,Moderate (50-80%),Clear,Police Checkpoint,215,2.2
TRP02158,2025-01-01,Wednesday,no,Midday (9am-4pm),12:09,12:10,12,104,11,1.5,yes,false,Moderate (50-80%),Clear,None,,4.0
TRP01070,2025-08-23,Saturday,Yes,  Night (7-10pm)  ,21:03,21:24,3,111,2,21.0,0,N,Low (<50%),Clear,Vehicle Breakdown,120,3.0
   ,2025-06-07,Saturday,True,Evening Peak (4-7pm),17:14,17:11,2,98,4,-2.6,yes,false,Full (80-100%),clear,Police Checkpoint,110,4.2
TRP00019,01/08/2025,Friday,False,Midday (9am-4pm),12:48,12:47,8,85,5,-1.0,true,false,Full (80-100%),Clear,Police Checkpoint,60,
TRP00779,2025-01-11,Saturday,True,Evening Peak (4-7pm),17:04,17:08,11,74,7,4.0,Yes,0,Low (<50%),  Light Rain  ,none,193,4.3
TRP03375,2025-05-26,Monday,False,Early Morning (5-7am),06:00,06:10,3,94,8,10.5,False,N,Full (80-100%),Light Rain,Road Construction,154,4.2
TRP00427,2025-04-09,Wednesday,false,Evening Peak (4-7pm),16:51,16:51,1,59,6,-0.0,TRUE,0,Full (80-100%),  Clear  ,NONE,146,3.0
TRP00371,2025-08-20,Wednesday,N,Evening Peak (4-7pm),16:58,17:03,6,101,3,5.5,No,yes,Moderate (50-80%),Light Rain,None,132,4.0
TRP01747,2025-02-28,Friday,N,Midday (9am-4pm),10:34,11:04,11,23,9,30.7,false,0,Moderate (50-80%),,Vehicle Breakdown,134,2.5
TRP00159,2025-06-15,SUNDAY,1,Midday (9am-4pm),10:52,10:46,10,87,3,-5.6,False,false,Low (<50%),Clear,None,70,2.6
TRP02271,2025-06-11,Wednesday,no,midday (9am-4pm),12:55,13:16,7,27,2,21.4,no,0,Moderate (50-80%),Clear,,150,2.2
TRP01040,13/05/2025,Tuesday,0,Midday (9am-4pm),12:30,12:32,3,85,8,2.7,True,N,  Moderate (50-80%)  ,Clear,none,120,2.9
TRP02617,2025-01-12,Sunday,Yes,Midday (9am-4pm),15:22,15:19,12,113,5,-2.2,yes,False,LOW (<50%),Clear,None,160,3.5
TRP02276,2025-01-18,Saturday,1,Morning Peak (7-9am),08:03,08:10,9,117,5,7.7,False,FALSE,Full (80-100%),Clear,Traffic Jam,102,3.5
TRP00490,2025-08-18,Monday,No,Midday (9am-4pm),12:54,12:54,1,67,5,0.4,True,False,Low (<50%),Light Rain,None,107,4.0
TRP00771,2025-05-22,Thursday,False,Midday (9am-4pm),09:18,09:33,6,107,9,15.4,False,FALSE,Moderate (50-80%),Clear,Road Accident Nearby,100,2.0
TRP00854,05-31-2025,Saturday,True,Evening Peak (4-7pm),18:54,18:55,3,70,5,-73.3,yes,0,MODERATE (50-80%),Clear,none,136,3.2
TRP01847,2025-02-12,Wednesday,No,Morning Peak (7-9am),08:25,08:33,6,92,11,8.4,No,No,Full (80-100%),Light Rain,None,150,2.5
TRP00088,2025-02-17,Monday,No,Midday (9am-4pm),11:31,11:29,9,96,5,-2.0,True,False,Low (<50%),Clear,None,80,4.4
TRP01824,2025-05-28,Wednesday,no,Morning Peak (7-9am),08:58,08:55,9,43,3,-2.1,1,FALSE,Full (80-100%),Clear,OVERLOADING DELAY,121,4.2
TRP02646,2025-08-04,Monday,N,Evening Peak (4-7pm),18:13,18:41,3,118,10,28.9,No,false,Moderate (50-80%),N/A,Road Accident Nearby,200,1.9
TRP00350,2025-06-07,Saturday,TRUE,Evening Peak (4-7pm),18:51,19:00,11,59,1,9.7,False,false,Overloaded (>100%),Light Rain,Vehicle Breakdown,163,1.4
TRP02995,2025-05-05,Monday,False,Evening Peak (4-7pm),18:15,18:36,2,93,2,21.6,False,False,Full (80-100%),Light Rain,Vehicle Breakdown,129,4.2
TRP00768,2025-06-27,Friday,No,MORNING PEAK (7-9AM),07:28,07:36,1,103,2,8.0,False,N,Moderate (50-80%),Clear,Police Checkpoint,145,1.3
TRP02373,12/01/2025,Sunday,Yes,Morning Peak (7-9am),08:12,08:26,7,61,3,14.7,No,No,Overloaded (>100%),Clear,Traffic Jam,193,3.7
TRP00351,2025-08-11,Monday,No,Midday (9am-4pm),09:40,09:56,3,52,3,16.2,False,FALSE,Moderate (50-80%),Clear,Road Accident Nearby,120,1.0
TRP02644,26-May-2025,Monday,N,Morning Peak (7-9am),08:37,08:58,6,71,11,21.9,FALSE,false,overloaded (>100%),clear,Road Accident Nearby,139,2.5
TRP00008,2025-08-15,Friday,False,Morning Peak (7-9am),08:16,08:21,1,22,8,5.6,FALSE,no,Overloaded (>100%),Clear,None,127,3.1
TRP00285,2025-05-05,Monday,0,Midday (9am-4pm),12:28,12:28,9,87,11,0.5,true,N,Moderate (50-80%),Clear,Police Checkpoint,80,4.2
TRP02023,2025-02-20,thursday,N,Morning Peak (7-9am),07:50,08:04,8,61,5,14.1,False,N,Moderate (50-80%),Clear,ROAD CONSTRUCTION,84,3.0
TRP02955,2025-05-10,Saturday,yes,Morning Peak (7-9am),08:24,08:25,6,58,,1.9 min,true,No,Moderate (50-80%),Clear,None,149,5.0
TRP02427,2025-05-27,Tuesday,False,Early Morning (5-7am),06:38,06:33,1,77,10,-4.8,Yes,0,,Clear,None,100,3.4
TRP02642,2025-05-14,Wednesday,FALSE,Evening Peak (4-7pm),17:49,17:57,2,79,,8.8,False,no,Low (<50%),Clear,None,108,2.4
TRP02677,2025-08-27,Wednesday,No,Midday (9am-4pm),15:05,15:18,6,102,11,13.6,N,false,Full (80-100%),Clear,Road Accident Nearby,100,2.6
TRP01822,2025-06-16,Monday,no,Evening Peak (4-7pm),17:06,17:05,4,78,2,-0.5,true,False,Full (80-100%),Clear,None,95,4.3
TRP03174,2025-05-06,Tuesday,No,Evening Peak (4-7pm),16:43,16:45,12,84,9,2.9,True,false,Full (80-100%),Clear,None,226,3.3
TRP00234,2025-05-27,Tuesday,false,Midday (9am-4pm),12:55,13:11,2,11,6,16.7,N,0,  Low (<50%)  ,Clear,Traffic Jam,90,1.0
TRP01990,2025-02-19,Wednesday,no,Midday (9am-4pm),09:18,09:41,12,74,11,23.2,False,FALSE,Moderate (50-80%),Heavy Rain,  Traffic Jam  ,187,1.3
TRP01142,2025-01-31,Friday,False,Midday (9am-4pm),09:19,09:24,7,7,7,5.8,N,no,Moderate (50-80%),,Police Checkpoint,194,3.0
TRP01914,2025-01-06,Monday,False,Midday (9am-4pm),10:43,11:06,2,13,7,23.2,false,N,Low (<50%),Clear,Vehicle Breakdown,90,3.5
TRP00841,2025-05-26,Monday,False,evening peak (4-7pm),18:42,18:47,7,50,6,5.7,No,FALSE,Moderate (50-80%),Clear,None,165,3.8
TRP01681,09/06/2025,Monday,0,Night (7-10pm),21:44,21:53,8,38,6,9.5,N,N,Low (<50%),  Clear  ,Road Accident Nearby,60,3.1
TRP01170,2025-01-02,Thursday,False,midday (9am-4pm),13:03,13:00,7,119,4,-2.2,True,N,Low (<50%),-,None,150,3.5
TRP01783,2025-04-19,Saturday,True,Night (7-10pm),20:42,20:44,1,37,9,2.3,True,false,Low (<50%),Clear,Overloading Delay,100,3.7
TRP02373,12/01/2025,Sunday,Yes,Morning Peak (7-9am),08:12,08:26,7,61,3,14.7,No,No,Overloaded (>100%),Clear,Traffic Jam,193,3.7
TRP02713,2025-06-05,Thursday,False,Midday (9am-4pm),09:20,09:29,5,40,2,9.8,False,false,Moderate (50-80%),Clear,,70,2.3
TRP02751,2025-03-24,MONDAY,false,Morning Peak (7-9am),08:43,08:42,4,97,10,-0.6,Yes,No,Moderate (50-80%),999,none,91,2.9
TRP03216,01-23-2025,Thursday,N,Morning Peak (7-9am),07:23,07:23,12,57,8,0.8,yes,No,Full (80-100%),  Clear  ,None,180,3.8
TRP01862,2025-03-26,Wednesday,False,Evening Peak (4-7pm),17:24,17:23,2,120,6,-0.2,TRUE,0,Moderate (50-80%),Clear,None,122,4.0
TRP01347,2025-02-05,Wednesday,0,Morning Peak (7-9am),07:31,08:09,12,74,1,38.1,FALSE,No,Overloaded (>100%),Clear,Vehicle Breakdown,178,
TRP00011,2025-06-09,Monday,FALSE,Night (7-10pm),21:38,21:47,12,55,8,9.2,N,no,Moderate (50-80%),Heavy Rain,None,184,
TRP02661,2025-03-09,Sunday,True,Midday (9am-4pm),12:08,12:09,4,4,2,1.0,true,0,Full (80-100%),Clear,Police Checkpoint,80,2.7
TRP02044,2025-07-13,Sunday,True,Midday (9am-4pm),09:11,09:05,8,73,7,-6.0,FALSE,N,LOW (<50%),Clear,None,60,3.5
TRP03453,2025-08-26,Tuesday,No,Midday (9am-4pm),13:46,14:04,3,47,2,18.0,no,no,Low (<50%),Heavy Rain,Road Accident Nearby,129,2.1
TRP01581,2025-06-25,Wednesday,False,Night (7-10pm),21:39,21:40,12,35,11,1.2,1,N,Low (<50%),Clear,None,KES 160,4.4
TRP02318,2025-07-04,Friday,False,Evening Peak (4-7pm),16:03,16:16,1,115,10,13.6,False,0,Overloaded (>100%),Heavy Rain,None,167,1.8
TRP02783,2025-05-04,Sunday,True,Morning Peak (7-9am),08:22,08:31,10,77,7,9.5,0,N,Low (<50%),Clear,ROAD CONSTRUCTION,110,1.2
TRP01317,2025-08-15,Friday,N,  Early Morning (5-7am)  ,06:22,06:29,3,5,3,7.6,False,False,Low (<50%),Clear,,120,2.3
TRP02986,2025-08-08,Friday,no,Early Morning (5-7am),05:37,05:38,8,85,11,1.9,Y,0,Full (80-100%),Clear,None,60,3.1
TRP01652,2025-08-01,Friday,False,Early Morning (5-7am),06:38,06:37,5,8,8,-0.9,TRUE,No,Full (80-100%),  Clear  ,  None  ,70,4.3
TRP00888,2025-05-20,Tuesday,FALSE,MORNING PEAK (7-9AM),07:11,07:22,3,73,2,11.4,False,false,Full (80-100%),  Light Rain  ,None,212,2.1
TRP02164,2025-05-26,Monday,False,Early Morning (5-7am),06:48,07:02,5,21,5,14.7 min,N,false,Moderate (50-80%),Clear,Traffic Jam,70,
TRP02852,2025-08-11,Monday,false,Morning Peak (7-9am),07:55,08:05,12,43,4,10.0,No,no,Low (<50%),Clear,Police Checkpoint,204,2.8
TRP00529,2025-06-11,wednesday,False,Night (7-10pm),20:14,20:29,10,98,10,15.8 min,False,No,Low (<50%),,Traffic Jam,70,3.2
TRP02663,2025-08-04,Monday,no,Night (7-10pm),21:47,22:10,1,20,11,23.2,False,FALSE,Full (80-100%),Clear,Vehicle Breakdown,100,2.8
TRP00814,2025-01-21,Tuesday,no,Evening Peak (4-7pm),16:42,16:53,6,25,5,11.8,No,N,Moderate (50-80%),null,ROAD CONSTRUCTION,150,
TRP00999,2025-08-19,Tuesday,FALSE,Early Morning (5-7am),05:24,05:25,5,85,1,1.6,TRUE,False,Full (80-100%),Light Rain,None,83,3.7
TRP02940,2025-03-05,Wednesday,FALSE,Early Morning (5-7am),05:29,05:35,11,11,9,6.0,False,FALSE,Low (<50%),Clear,Road Construction,110.00,3.2
TRP01091,2025-08-09,Saturday,Y,Night (7-10pm),21:20,21:20,7,51,11,0.7 min,yes,False,Low (<50%),Clear,None,KES 150,4.4
TRP03475,2025/04/16,Wednesday,False,Morning Peak (7-9am),08:51,08:59,11,24,7,213.4,N,N,Moderate (50-80%),Clear,none,140,2.6
TRP00051,2025-05-03,Saturday,TRUE,Midday (9am-4pm),11:43,11:54,11,38,3,11.3,No,0,Low (<50%),Clear,Road Accident Nearby,110,3.3
TRP03422,2025-01-01,Wednesday,No,Midday (9am-4pm),12:47,12:48,2,30,7,1.4,TRUE,false,Low (<50%),Clear,Police Checkpoint,90,4.1
TRP00541,2025-05-01,Thursday,False,Midday (9am-4pm),11:36,11:40,8,91,1,4.1,1,0,Moderate (50-80%),Overcast,Road Construction,60,2.3
TRP02597,05-25-2025,Sunday,True,Morning Peak (7-9am),07:00,07:01,4,77,5,1.7,Y,False,LOW (<50%),clear,None,98,3.9
TRP03043,2025-08-19,Tuesday,no,Midday (9am-4pm),10:45,11:02,2,117,7,17.7,no,No,Moderate (50-80%),Clear,Vehicle Breakdown,90,1.2
TRP03474,2025-08-18,MONDAY,N,Evening Peak (4-7pm),18:22,18:28,1,8,6,6.5,false,0,Full (80-100%),Clear,OVERLOADING DELAY,114,2.9
TRP00955,2025-02-19,Wednesday,False,night (7-10pm),21:37,21:43,3,90,6,6.9,False,false,Moderate (50-80%),Light Rain,Police Checkpoint,135,1.2
TRP00560,2025-05-27,Tuesday,False,Evening Peak (4-7pm),16:35,16:39,12,47,5,262.4,TRUE,0,Low (<50%),light rain,None,299,4.2
TRP03005,2025-05-11,Sunday,true,Evening Peak (4-7pm),16:38,16:47,8,27,9,9.1,No,FALSE,Overloaded (>100%),Clear,Vehicle Breakdown,Ksh93,1.6
TRP00152,2025-05-09,Friday,No,Midday (9am-4pm),14:37,14:31,4,96,11,-6.0,FALSE,False,Overloaded (>100%),Clear,None,80,3.1
TRP02616,2025-08-25,Monday,False,NIGHT (7-10PM),21:05,21:00,12,97,4,-4.1,TRUE,no,Moderate (50-80%),Clear,None,160,3.1
TRP03419,2025-07-08,Tuesday,0,Morning Peak (7-9am),08:01,08:25,2,34,11,24.1,0,no,  Moderate (50-80%)  ,Heavy Rain,Police Checkpoint,161,1.8
TRP00334,2025-06-23,Monday,false,Midday (9am-4pm),15:57,15:55,4,35,8,-1.3,true,false,Low (<50%),,None,80,3.3
TRP02042,2025-05-14,Wednesday,N,Early Morning (5-7am),05:31,05:29,11,87,3,-1.9,TRUE,N,Low (<50%),Clear,  None  ,110,4.2
TRP01886,2025-03-18,Tuesday,FALSE,Morning Peak (7-9am),07:02,07:17,1,50,8,-72.0,False,FALSE,FULL (80-100%),clear,Traffic Jam,142,2.6
TRP00622,2025-01-30,  Thursday  ,no,Early Morning (5-7am),06:32,06:29,5,107,,-2.9,True,no,FULL (80-100%),Clear,None,70,3.8
TRP02253,2025-04-19,Saturday,True,Morning Peak (7-9am),07:44,07:53,3,26,4,9.8,False,0,Moderate (50-80%),,None,207,2.4
TRP00928,12-Apr-2025,Saturday,yes,Midday (9am-4pm),09:30,09:25,11,14,9,-4.6,Yes,No,Low (<50%),Light Rain,None,121,4.8
TRP00844,2025-01-18,Saturday,true,Evening Peak (4-7pm),17:09,17:20,11,81,11,11.5,No,false,Full (80-100%),Clear,none,174,2.7
TRP01086,2025-01-28,Tuesday,No,Evening Peak (4-7pm),17:07,17:13,3,43,8,6.3,N,False,Full (80-100%),Clear,None,169,3.3
TRP03048,2025-02-28,Friday,FALSE,Morning Peak (7-9am),08:03,08:06,1,47,10,3.9,yes,false,Full (80-100%),Clear,None,125,4.1
TRP02125,2025-01-20,Monday,0,Midday (9am-4pm),12:41,12:46,7,76,7,5.5,No,No,Moderate (50-80%),Clear,None,150,
TRP01234,2025-03-28,FRIDAY,no,Evening Peak (4-7pm),17:18,17:40,1,9999,6,22.8,FALSE,0,Moderate (50-80%),Overcast,Vehicle Breakdown,144,3.3
TRP00757,2025-06-06,Friday,No,Morning Peak (7-9am),08:31,09:04,11,89,3,33.1,no,False,Moderate (50-80%),Clear,Vehicle Breakdown,KES 161,1.6
TRP03293,14-May-2025,Wednesday,false,Morning Peak (7-9am),08:30,08:41,1,65,2,11.7,N,no,null,Light Rain,None,190,2.2
TRP00095,2025-06-29,Sunday,Y,Midday (9am-4pm),10:22,10:16,2,48,10,-6.0,no,FALSE,Full (80-100%),Clear,None,90,
TRP03202,2025-08-22,Friday,FALSE,Midday (9am-4pm),14:48,14:48,4,35,3,0.8,TRUE,0,Low (<50%),Clear,None,80,4.0
TRP01798,2025-03-11,Tuesday,No,Midday (9am-4pm),10:55,10:58,6,5,5,-97.3 min,TRUE,No,Low (<50%),Clear,None,KES 100,3.7
TRP03313,2025-04-05,Saturday,true,Early Morning (5-7am),06:41,06:49,1,2,10,8.4,no,False,Low (<50%),Clear,Road Accident Nearby,100,1.9
TRP00478,27-Jan-2025,Monday,N,Evening Peak (4-7pm),17:47,18:00,4,102,3,13.8,False,False,Low (<50%),Overcast,Traffic Jam,108,1.8
TRP02172,2025-06-02,Monday,FALSE,Midday (9am-4pm),14:27,14:33,7,21,9,6.9,false,False,Low (<50%),Overcast,Police Checkpoint,150,2.7
TRP01420,2025-03-08,Saturday,true,Midday (9am-4pm),10:27,10:21,2,23,7,-6.0,false,no,Low (<50%),Clear,None,Ksh90,3.2
TRP00970,2025-06-13,Friday,false,Evening Peak (4-7pm),18:23,18:43,6,95,6,20.4,False,FALSE,NA,Clear,Traffic Jam,155,2.6
TRP02025,06-16-2025,Monday,FALSE,Early Morning (5-7am),06:55,06:56,7,117,9,1.8,TRUE,False,full (80-100%),Clear,none,150,3.3
TRP00893,2025-07-05,Saturday,yes,Evening Peak (4-7pm),17:05,17:00,11,65,4,-4.8,yes,0,Moderate (50-80%),Clear,None,157,4.3
TRP02501,2025-05-19,Monday,False,  Morning Peak (7-9am)  ,08:41,08:51,4,64,1,10.7,N,False,FULL (80-100%),unknown,None,145,2.4
TRP03322,2025-02-09,Sunday,true,Evening Peak (4-7pm),16:07,16:26,4,46,2,19.3,false,False,Moderate (50-80%),Clear,Road Accident Nearby,94,
TRP01885,2025-03-11,Tuesday,No,Evening Peak (4-7pm),16:12,16:22,12,17,4,10.8,no,False,Moderate (50-80%),Clear,Road Construction,226,
TRP01934,2025-03-18,Tuesday,N,Early Morning (5-7am),05:59,06:10,11,51,6,11.1,0,No,Moderate (50-80%),Clear,Vehicle Breakdown,110,1.9
TRP02321,2025-03-03,Monday,false,Midday (9am-4pm),14:14,14:12,6,107,10,-1.8,Y,N,Low (<50%),Clear,  None  ,100,4.3
TRP01037,2025-02-07,Friday,N,Midday (9am-4pm),11:20,11:24,12,1,3,4.2,Y,No,Moderate (50-80%),Clear,None,160,3.1
TRP01767,2025-07-25,Friday,no,Morning Peak (7-9am),07:32,07:43,10,40,9,11.7,0,false,Overloaded (>100%),Clear,,93,1.9
TRP00035,2025-07-27,Sunday,True,Early Morning (5-7am),05:34,05:36,12,19,4,2.5,True,FALSE,Low (<50%),Clear,Police Checkpoint,160,3.9
TRP00426,2025-06-22,Sunday,yes,Midday (9am-4pm),10:58,10:59,8,40,1,1.5,Y,N,Low (<50%),Clear,OVERLOADING DELAY,,4.2
TRP01057,02-08-2025,Saturday,yes,Early Morning (5-7am),06:23,06:22,3,46,4,-0.2,True,FALSE,LOW (<50%),Clear,Overloading Delay,120,4.1
TRP03205,2025-02-02,Sunday,Yes,Evening Peak (4-7pm),17:35,17:39,4,33,2,4.0,true,0,Full (80-100%),Clear,Overloading Delay,99,5.0
TRP02711,2025-03-30,Sunday,TRUE,Evening Peak (4-7pm),18:29,18:23,7,38,2,-6.0,No,N,FULL (80-100%),clear,None,220,5.0
TRP02674,14-Jan-2025,Tuesday,0,Evening Peak (4-7pm),18:22,18:32,8,45,3,10.0,no,FALSE,Moderate (50-80%),  Clear  ,Road Construction,71,2.6
TRP03315,2025-03-06,Thursday,0,Early Morning (5-7am),05:31,05:35,12,11,7,4.3,True,No,Full (80-100%),clear,Police Checkpoint,160,4.6
TRP01970,2025-05-31,Saturday,1,Evening Peak (4-7pm),18:42,18:42,7,82,1,0.9,Y,No,Full (80-100%),Light Rain,None,230,2.7
TRP03286,2025-03-31,Monday,False,Morning Peak (7-9am),07:24,07:42,3,80,2,18.9,False,false,Low (<50%),Clear,Road Accident Nearby,169,2.4
TRP02204,2025-01-13,Monday,false,Night (7-10pm),21:01,20:58,11,77,4,-2.2,Yes,No,Full (80-100%),Clear,None,110,4.2
TRP00562,2025-05-29,Thursday,0,Morning Peak (7-9am),07:03,07:15,1,28,1,12.4,No,False,Full (80-100%),Overcast,Police Checkpoint,117,
TRP02432,2025-05-14,Wednesday,0,Early Morning (5-7am),06:31,06:27,9,83,6,-3.7,yes,False,Full (80-100%),Clear,None,KES 80,3.4
TRP03018,2025-03-23,SUNDAY,Yes,Midday (9am-4pm),14:56,14:50,2,59,7,-5.4,false,N,Moderate (50-80%),Overcast,NONE,90,2.9
TRP01357,2025-03-19,Wednesday,False,Evening Peak (4-7pm),17:28,17:47,5,32,8,19.0,False,No,full (80-100%),Heavy Rain,Police Checkpoint,100,2.7
TRP02513,2025-04-06,Sunday,true,early morning (5-7am),05:32,05:28,9,111,5,-3.2,Yes,false,Low (<50%),Clear,None,80,4.6
TRP03257,2025-01-15,Wednesday,FALSE,  Early Morning (5-7am)  ,05:12,05:38,3,77,9,26.6,N,False,Full (80-100%),Clear,Vehicle Breakdown,120,3.3
TRP00907,2025-06-27,Friday,False,Morning Peak (7-9am),08:15,08:13,1,95,8,-1.1,yes,false,Low (<50%),Clear,None,146,3.1
TRP00760,2025-07-11,FRIDAY,false,Morning Peak (7-9am),07:42,07:54,4,81,11,12.0 min,0,0,Moderate (50-80%),Clear,None,105,1.0
TRP00739,2025-03-25,Tuesday,N,Morning Peak (7-9am),08:54,09:13,1,65,7,19.8,0,No,Moderate (50-80%),Light Rain,Vehicle Breakdown,163,2.6
TRP02078,2025-02-11,Tuesday,no,Morning Peak (7-9am),08:55,09:03,9,24,6,465.0,No,False,Overloaded (>100%),Clear,Road Construction,113,3.1
TRP01289,2025-07-11,Friday,false,Midday (9am-4pm),13:37,13:36,9,12,9,-0.4,true,0,Low (<50%),Clear,None,80,
TRP00327,2025-01-11,Saturday,1,Evening Peak (4-7pm),17:21,17:20,11,9999,11,-0.5,Y,0,Moderate (50-80%),Light Rain,NONE,199,4.5
TRP02649,2025-04-09,Wednesday,N,Midday (9am-4pm),13:00,13:22,9,70,1,22.0 min,False,FALSE,Full (80-100%),Clear,Vehicle Breakdown,,3.7
TRP01329,2025-03-02,SUNDAY,True,Midday (9am-4pm),10:19,10:33,2,2,4,14.7,No,N,Full (80-100%),Light Rain,Road Accident Nearby,114,2.0
TRP01109,2025-03-23,Sunday,1,Midday (9am-4pm),13:43,13:37,1,47,8,-6.0,no,No,Moderate (50-80%),Clear,none,100,2.3
TRP00476,2025-04-02,Wednesday,False,  Morning Peak (7-9am)  ,07:25,07:35,11,36,9,10.6,False,False,Moderate (50-80%),Clear,None,162,1.5
TRP00528,2025-07-30,Wednesday,N,Midday (9am-4pm),15:36,15:33,1,100,5,-2.4,TRUE,N,Full (80-100%),Clear,None,100,4.2
TRP01689,2025-08-25,Monday,0,Midday (9am-4pm),15:45,15:47,1,19,6,2.5,true,N,low (<50%),Clear,None,100,3.5
TRP02133,2025-01-05,Sunday,True,Morning Peak (7-9am),07:58,07:55,8,113,2,-2.6,1,false,Low (<50%),Clear,none,82,2.1
TRP01156,2025-02-25,Tuesday,FALSE,Midday (9am-4pm),12:21,12:23,11,97,3,2.4,True,N,Low (<50%),Overcast,None,110,7.8
TRP03073,2025-01-30,Thursday,False,Evening Peak (4-7pm),16:45,16:53,11,81,3,8.5,no,FALSE,MODERATE (50-80%),light rain,None,164,
TRP01225,2025-04-09,Wednesday,no,Evening Peak (4-7pm),16:14,16:24,9,104,5,10.9,No,0,unknown,CLEAR,Road Construction,100,3.1
TRP00592,2025-03-24,MONDAY,N,Morning Peak (7-9am),08:18,08:38,12,66,7,20.9,No,N,Moderate (50-80%),Clear,Vehicle Breakdown,223,1.4
TRP01313,2025-03-06,Thursday,FALSE,early morning (5-7am),05:35,05:48,12,21,1,13.7,FALSE,No,Low (<50%),Clear,Road Accident Nearby,160,2.6
TRP01995,2025-04-23,Wednesday,No,Morning Peak (7-9am),08:48,08:47,5,18,8,-0.8,True,N,Moderate (50-80%),Light Rain,None,85,4.6
TRP02896,2025-07-02,Wednesday,False,Evening Peak (4-7pm),16:40,16:51,4,3,4,11.5,No,FALSE,Overloaded (>100%),,None,107,1.3
TRP03267,2025-01-16,Thursday,N,Morning Peak (7-9am),07:41,07:44,4,118,2,3.3,Y,FALSE,Full (80-100%),Clear,None,95,3.0
TRP03029,2025-05-21,WEDNESDAY,False,Midday (9am-4pm),12:58,12:58,11,20,,0.6,True,false,FULL (80-100%),Light Rain,Road Construction,133,
TRP01831,2025-08-27,  Wednesday  ,N,Morning Peak (7-9am),07:49,07:57,12,8,6,8.8,N,FALSE,Full (80-100%),Clear,None,Ksh184,3.4
TRP03405,2025-05-22,Thursday,N,Midday (9am-4pm),09:24,09:29,5,1,6,5.7,no,false,Full (80-100%),Clear,Road Construction,70,1.3
TRP01007,2025-02-25,Tuesday,false,NIGHT (7-10PM),20:24,20:19,9,14,10,-4.2,1,false,Moderate (50-80%),Overcast,None,80,
TRP02239,2025-03-02,Sunday,yes,Morning Peak (7-9am),07:59,08:08,12,86,4,9.7,false,Yes,Overloaded (>100%),Clear,Overloading Delay,208,4.8
TRP02943,2025-04-22,Tuesday,no,Night (7-10pm),20:42,20:42,5,9,11,0.1,TRUE,False,Moderate (50-80%),Clear,None,70,4.6
TRP00389,2025-03-14,Friday,no,Night (7-10pm),20:34,20:29,4,116,7,-4.9,Y,N,Low (<50%),light rain,None,92,4.6
TRP01711,2025-01-19,Sunday,True,Midday (9am-4pm),12:16,12:11,11,44,4,-4.6,True,False,Moderate (50-80%),Clear,Overloading Delay,110,4.5
TRP00396,2025-03-04,Tuesday,0,Early Morning (5-7am),05:49,05:59,10,109,8,10.3 min,0,0,Moderate (50-80%),Clear,Vehicle Breakdown,Ksh70,3.3
TRP02408,2025-05-15,Thursday,0,Early Morning (5-7am),06:18,06:16,12,107,4,-1.3,True,False,  Low (<50%)  ,Clear,None,160,4.3
TRP03277,2025-08-16,Saturday,1,Evening Peak (4-7pm),18:06,18:18,8,2,7,12.6,False,no,Moderate (50-80%),Clear,Vehicle Breakdown,67,2.4
TRP01915,2025-03-16,Sunday,yes,Early Morning (5-7am),06:22,06:25,11,1,8,3.4,TRUE,no,Full (80-100%),Clear,Road Accident Nearby,110,2.6
TRP02559,2025-03-17,Monday,False,Early Morning (5-7am),05:33,05:33,1,56,4,0.2,yes,false,MODERATE (50-80%),Overcast,None,100,5.0
TRP00328,2025-05-11,Sunday,True,Midday (9am-4pm),13:58,14:04,12,26,2,6.4,FALSE,No,Low (<50%),-,Road Construction,160,2.5
TRP02005,2025-01-08,Wednesday,no,Early Morning (5-7am),06:15,06:13,6,21,2,-1.8,True,N,Moderate (50-80%),Clear,None,100,5.0
TRP01978,2025-04-18,FRIDAY,No,Morning Peak (7-9am),08:22,08:31,10,41,9,9.1,False,0,Overloaded (>100%),Heavy Rain,Police Checkpoint,97,3.1
TRP00410,2025-08-06,Wednesday,FALSE,Early Morning (5-7am),05:31,05:31,9,96,7,0.4,yes,FALSE,Moderate (50-80%),Clear,None,80,3.3
TRP03141,2025-02-02,Sunday,TRUE,Midday (9am-4pm),10:02,10:00,5,4,8,-1.5,Yes,N,Moderate (50-80%),Clear,None,70,4.3
TRP03072,2025-07-20,Sunday,True,Evening Peak (4-7pm),16:26,16:34,6,80,1,8.6,False,False,Moderate (50-80%),  Clear  ,Traffic Jam,142,1.0
TRP00910,2025-01-12,Sunday,1,Morning Peak (7-9am),07:31,07:51,7,97,8,20.1,N,false,,Clear,Road Accident Nearby,229,2.4
TRP03284,2025-06-16,Monday,no,Evening Peak (4-7pm),18:03,18:42,12,118,6,39.0,0,False,Low (<50%),HEAVY RAIN,Vehicle Breakdown,214,3.1
TRP02004,2025-06-10,Tuesday,No,morning peak (7-9am),08:45,09:03,7,4,10,18.6,No,No,Low (<50%),Heavy Rain,None,227,2.5
TRP02879,2025-03-31,Monday,no,Midday (9am-4pm),15:09,15:16,7,56,11,7.9,False,FALSE,Full (80-100%),Clear,Police Checkpoint,150,4.4
TRP01075,2025-03-03,Monday,no,Evening Peak (4-7pm),17:02,17:18,10,21,5,16.1,N,no,Overloaded (>100%),Light Rain,Police Checkpoint,Ksh112,1.5
TRP01758,21-Apr-2025,Monday,No,Evening Peak (4-7pm),16:00,16:25,7,39,5,25.7,N,false,Full (80-100%),Clear,,KES 188,1.6
TRP03259,2025-03-16,Sunday,Y,Midday (9am-4pm),09:38,09:42,5,103,11,4.9,True,FALSE,Moderate (50-80%),Clear,Road Construction,70,4.1
TRP02169,2025-07-06,Sunday,true,Midday (9am-4pm),13:22,13:18,10,61,3,-3.7,Yes,no,Low (<50%),-,Traffic Jam,70,3.3
TRP02228,2025-03-05,Wednesday,false,Night (7-10pm),21:12,21:30,12,100,6,18.6,No,False,Moderate (50-80%),Heavy Rain,Police Checkpoint,186,2.7
TRP01452,2025-06-27,Friday,N,Evening Peak (4-7pm),18:17,18:22,7,75,7,5.9,0,No,Low (<50%),Clear,None,224,1.0
TRP00190,2025-04-16,Wednesday,no,Morning Peak (7-9am),07:06,07:14,1,41,2,8.7,No,FALSE,Moderate (50-80%),Clear,Road Construction,,3.1
TRP00574,2025-02-11,TUESDAY,N,Morning Peak (7-9am),08:37,08:58,4,24,9,21.4,0,False,Full (80-100%),Overcast,Vehicle Breakdown,117,2.0
TRP02556,2025-05-15,Thursday,no,Midday (9am-4pm),15:31,15:36,9,112,2,5.2,False,False,Low (<50%),clear,Police Checkpoint,80,1.9
TRP01246,2025-01-17,friday,no,Night (7-10pm),20:32,20:34,9,34,8,2.1,Yes,N,FULL (80-100%),Clear,Road Construction,80,2.6
TRP02721,2025-01-17,Friday,False,Morning Peak (7-9am),08:05,08:15,9,88,5,10.9,No,false,Moderate (50-80%),Clear,Traffic Jam,123,2.3
TRP00527,2025-02-19,Wednesday,false,Evening Peak (4-7pm),17:23,17:53,9,95,9,30.4,No,false,Low (<50%),Light Rain,Vehicle Breakdown,127,1.5
TRP00153,2025-07-07,Monday,No,Evening Peak (4-7pm),16:47,16:45,11,55,4,-1.3,True,False,Full (80-100%),Overcast,None,141,4.2
TRP02394,2025-07-27,Sunday,True,Morning Peak (7-9am),07:32,07:33,1,110,11,1.3,True,False,Overloaded (>100%),unknown,OVERLOADING DELAY,115,4.0
TRP02622,2025-06-22,Sunday,1,Evening Peak (4-7pm),18:23,18:29,8,19,9,6.3,FALSE,FALSE,Moderate (50-80%),clear,Overloading Delay,70,2.3
TRP02857,2025-07-21,Monday,No,Early Morning (5-7am),05:07,05:14,8,96,11,7.6,N,FALSE,Low (<50%),Light Rain,ROAD ACCIDENT NEARBY,71,2.7
TRP00896,2025-05-28,  Wednesday  ,false,Morning Peak (7-9am),07:55,08:00,8,6,9,5.3,0,0,Moderate (50-80%),Clear,NONE,82,2.1
TRP03249,2025-02-22,Saturday,True,Morning Peak (7-9am),08:42,09:17,3,20,10,35.2,0,N,LOW (<50%),Light Rain,Vehicle Breakdown,206,2.0
TRP01158,2025-05-27,Tuesday,N,Midday (9am-4pm),09:13,09:18,3,87,7,5.5,No,0,Moderate (50-80%),Clear,None,120,3.7
TRP01215,31/05/2025,Saturday,TRUE,MIDDAY (9AM-4PM),12:24,12:31,2,97,10,7.7,N,0,moderate (50-80%),Light Rain,Police Checkpoint,109,
TRP03181,2025-06-22,Sunday,true,Midday (9am-4pm),15:11,15:14,3,96,5,3.0,TRUE,False,OVERLOADED (>100%),Clear,Traffic Jam,120,3.1
TRP00265,2025-04-29,TUESDAY,FALSE,Morning Peak (7-9am),07:06,07:18,6,59,1,12.4,False,N,Overloaded (>100%),Clear,Road Construction,145,1.6
TRP00947,2025-08-28,Thursday,False,Morning Peak (7-9am),08:30,08:37,11,116,8,7.0,No,FALSE,Moderate (50-80%),  -  ,None,153,1.6
TRP02116,2025-04-10,Thursday,False,Night (7-10pm),19:02,19:04,12,72,5,2.8,True,False,Full (80-100%),,None,160,3.9
TRP00186,07/01/2025,Tuesday,False,Midday (9am-4pm),13:55,14:00,12,117,1,5.5,FALSE,N,Full (80-100%),,None,172,2.4
TRP00119,2025-04-26,Saturday,Y,Morning Peak (7-9am),07:08,07:48,7,59,6,40.3,no,FALSE,Low (<50%),Heavy Rain,Vehicle Breakdown,246,2.1
TRP02502,2025-04-27,Sunday,True,Early Morning (5-7am),05:43,05:52,7,58,5,9.2,false,False,,Clear,Vehicle Breakdown,150,1.7
TRP01081,2025-08-13,Wednesday,no,Early Morning (5-7am),06:55,07:08,12,50,7,13.7,false,false,Moderate (50-80%),Clear,Traffic Jam,160,1.5
TRP00796,2025-07-30,Wednesday,False,Morning Peak (7-9am),08:25,08:31,9,26,6,6.2,False,False,Overloaded (>100%),clear,None,119,1.3
TRP01354,2025-03-24,Monday,FALSE,Night (7-10pm),21:17,21:27,4,70,2,10.4,no,0,Low (<50%),clear,Vehicle Breakdown,80,1.4
TRP02572,2025-02-18,Tuesday,0,Early Morning (5-7am),06:11,06:05,10,92,8,-5.9,0,no,Moderate (50-80%),Clear,None,70,2.3
TRP01277,2025-07-16,Wednesday,False,Morning Peak (7-9am),07:58,08:05,3,16,4,7.2,false,False,Full (80-100%),Clear,Police Checkpoint,154,1.9
TRP02449,2025-04-10,Thursday,No,Morning Peak (7-9am),08:44,08:42,1,12,10,-1.4,true,no,,Clear,None,112,4.2
TRP01743,2025-03-11,tuesday,no,Midday (9am-4pm),10:46,10:46,6,111,7,0.7,Y,FALSE,Moderate (50-80%),Clear,None,100,2.4
TRP00459,2025-03-20,Thursday,false,Night (7-10pm),20:08,20:13,5,30,5,5.2,0,0,Low (<50%),Clear,Road Construction,70.00,3.4
TRP00305,2025-03-07,Friday,False,evening peak (4-7pm),17:30,17:56,3,101,,26.4,FALSE,Yes,Overloaded (>100%),Light Rain,Road Accident Nearby,183,2.3
TRP00644,2025-07-03,  Thursday  ,False,Midday (9am-4pm),10:39,10:39,3,64,1,0.6,True,N,Low (<50%),Clear,None,120,
TRP03493,2025-08-25,Monday,false,Night (7-10pm),21:26,21:44,2,54,10,18.7,FALSE,False,Low (<50%),,Vehicle Breakdown,Ksh90,1.5
TRP02990,2025-01-18,Saturday,Yes,Midday (9am-4pm),09:57,09:54,7,75,10,-2.8,True,no,Overloaded (>100%),,None,150,3.9
TRP03305,2025-01-05,Sunday,True,Midday (9am-4pm),14:34,14:36,11,14,8,2.0,Y,No,Moderate (50-80%),Light Rain,None,,3.3
TRP01900,2025-06-15,Sunday,true,Midday (9am-4pm),13:08,13:06,5,78,1,-1.3,true,False,N/A,Clear,None,70,4.3
TRP02807,2025-03-16,Sunday,True,Midday (9am-4pm),14:42,14:52,1,33,10,10.1,False,false,Low (<50%),Heavy Rain,Overloading Delay,118,3.1
TRP02665,2025-03-03,Monday,FALSE,Early Morning (5-7am),05:35,05:31,9,74,6,-3.2,Yes,0,Full (80-100%),Clear,None,80,
TRP01483,2025-03-30,Sunday,TRUE,Morning Peak (7-9am),07:01,07:00,10,72,1,-0.4,1,FALSE,LOW (<50%),CLEAR,None,109,3.7
TRP03414,2025-06-25,Wednesday,0,Morning Peak (7-9am),08:34,08:42,5,57,10,8.8,False,N,moderate (50-80%),Clear,None,80,3.5
TRP00386,2025-02-23,Sunday,true,Early Morning (5-7am),06:57,07:01,5,54,1,4.0,yes,no,Full (80-100%),Light Rain,Police Checkpoint,,
TRP00455,2025-08-10,Sunday,yes,Midday (9am-4pm),15:59,16:03,12,38,5,4.1,1,False,Moderate (50-80%),Heavy Rain,None,174,4.0
TRP02905,2025-08-18,Monday,N,Midday (9am-4pm),14:28,14:47,8,97,5,19.2,no,FALSE,Low (<50%),Clear,Road Accident Nearby,60,1.1
TRP00405,2025-05-31,Saturday,TRUE,Morning Peak (7-9am),07:58,08:06,7,117,11,8.4,false,0,MODERATE (50-80%),Overcast,None,187,3.5
TRP00724,2025-01-03,Friday,false,Midday (9am-4pm),12:17,12:17,11,32,,0.4,Yes,N,Moderate (50-80%),Clear,Road Construction,110,3.2
TRP01079,2025/01/16,Thursday,false,Midday (9am-4pm),11:51,12:02,1,39,9,11.4,no,no,Moderate (50-80%),Clear,Traffic Jam,100,
TRP02137,2025-01-05,Sunday,true,Midday (9am-4pm),09:57,10:06,7,104,5,9.8,No,False,Full (80-100%),Clear,Road Construction,150,2.7
TRP01350,2025-08-16,Saturday,Yes,Evening Peak (4-7pm),17:19,17:19,10,39,9,0.9 min,True,FALSE,Low (<50%),clear,NONE,107,2.5
TRP02596,2025-07-25,Friday,N,Night (7-10pm),21:10,21:04,1,18,1,-5.9,0,No,Full (80-100%),Clear,None,100,1.6
TRP02626,2025-08-27,Wednesday,N,Evening Peak (4-7pm),16:14,16:30,12,97,7,16.4,false,False,Moderate (50-80%),Overcast,Traffic Jam,233,2.2
TRP01199,2025-03-01,Saturday,TRUE,Midday (9am-4pm),13:50,13:45,9,90,8,-4.7,TRUE,No,Low (<50%),Clear,  None  ,80,3.5
TRP02583,2025-01-26,Sunday,Yes,Midday (9am-4pm),09:47,09:54,1,109,8,7.5,false,FALSE,Moderate (50-80%),Overcast,Traffic Jam,100,3.5
TRP00875,2025-05-18,Sunday,1,Midday (9am-4pm),11:15,11:11,6,9,11,-4.0,Y,0,Moderate (50-80%),Clear,None,100,3.3
TRP01524,05-09-2025,  Friday  ,no,Midday (9am-4pm),15:13,15:15,8,29,7,2.0 min,True,False,Moderate (50-80%),Clear,None,60,3.5
TRP02672,2025-08-01,Friday,no,evening peak (4-7pm),17:42,17:49,7,34,11,7.7,false,N,moderate (50-80%),Light Rain,Road Construction,220,2.7
TRP00608,2025-04-03,Thursday,0,Early Morning (5-7am),05:32,05:37,7,78,4,5.4,FALSE,false,Low (<50%),clear,Overloading Delay,150,2.7
TRP00486,2025-08-19,Tuesday,False,Morning Peak (7-9am),07:43,07:40,6,100,11,-3.0,Y,FALSE,full (80-100%),Clear,None,145,
TRP02359,2025-08-09,Saturday,Yes,Midday (9am-4pm),14:17,14:20,11,62,10,3.3,Yes,False,Overloaded (>100%),Clear,Road Construction,110,4.8
TRP02974,2025-02-22,Saturday,TRUE,Midday (9am-4pm),13:48,14:14,7,36,1,26.7,No,No,Low (<50%),Heavy Rain,Vehicle Breakdown,186,2.9
TRP02243,2025-06-22,sunday,1,Early Morning (5-7am),06:51,06:57,9,48,2,6.1,False,No,Low (<50%),Clear,Traffic Jam,KES 80,2.7
TRP02760,2025-08-14,Thursday,No,Night (7-10pm),21:29,21:59,11,71,1,30.0,False,no,,  Light Rain  ,Vehicle Breakdown,123,1.4
TRP03443,2025-03-12,Wednesday,N,Evening Peak (4-7pm),16:43,16:51,1,23,5,8.5,False,No,Moderate (50-80%),Clear,Vehicle Breakdown,110,2.1
TRP03088,2025-03-24,Monday,no,Midday (9am-4pm),10:23,10:23,9,65,9,0.6,true,N,Low (<50%),Clear,  Road Construction  ,80,4.0
TRP01104,2025-06-28,Saturday,Y,Midday (9am-4pm),10:05,10:27,9,71,6,22.2,no,no,Low (<50%),Clear,Vehicle Breakdown,80,6.6
TRP03090,2025-06-22,Sunday,True,Evening Peak (4-7pm),18:32,18:34,7,37,1,2.4,Y,0,OVERLOADED (>100%),Clear,None,225,3.7
TRP01913,2025-06-01,Sunday,1,Evening Peak (4-7pm),18:22,18:43,11,96,9,21.5,No,No,Low (<50%),Clear,Vehicle Breakdown,158,2.0
TRP00524,2025-06-08,Sunday,TRUE,Midday (9am-4pm),09:57,09:51,10,55,1,-6.0,N,N,Low (<50%),Clear,None,70,1.6
TRP01690,2025-03-02,Sunday,1,Evening Peak (4-7pm),16:38,17:05,4,75,9,27.1,false,N,,Clear,Vehicle Breakdown,98,3.3
TRP01521,2025-06-25,Wednesday,No,Midday (9am-4pm),10:57,10:52,2,73,5,-4.5,TRUE,No,  Moderate (50-80%)  ,Clear,None,90,4.6
TRP03161,2025-05-09,Friday,False,Night (7-10pm),20:30,20:56,12,24,9,26.5,No,N,,Light Rain,Vehicle Breakdown,189,3.4
TRP02625,2025-07-08,Tuesday,No,Morning Peak (7-9am),08:20,08:25,3,60,2,5.4 min,N,FALSE,Full (80-100%),,NONE,,2.4
TRP00513,2025-02-03,Monday,False,Midday (9am-4pm),10:33,10:50,1,104,7,17.8,FALSE,False,Full (80-100%),Clear,Road Accident Nearby,100,1.9
TRP03373,2025-01-15,Wednesday,FALSE,Midday (9am-4pm),13:13,13:10,5,79,8,-2.4 min,Yes,0,Full (80-100%),Clear,Overloading Delay,70,3.5
TRP01658,2025-02-13,THURSDAY,N,  Morning Peak (7-9am)  ,08:02,08:03,6,96,6,1.3,True,False,Full (80-100%),CLEAR,None,145,
TRP02988,2025-01-14,Tuesday,False,Early Morning (5-7am),05:11,05:07,5,58,5,-3.5,true,False,-,N/A,none,70,9.0
TRP01395,2025-03-14,Friday,False,Early Morning (5-7am),06:50,06:45,5,75,2,-4.2,True,False,Low (<50%),Clear,None,70,4.4
TRP00522,2025-05-10,Saturday,True,Midday (9am-4pm),12:49,12:43,6,80,3,-6.0,FALSE,False,,Clear,None,100,2.2
TRP00086,2025-07-16,Wednesday,False,Morning Peak (7-9am),08:35,08:42,10,108,4,7.4,no,0,full (80-100%),Light Rain,Police Checkpoint,103,
TRP00570,2025-01-12,Sunday,1,Midday (9am-4pm),10:57,10:52,9,49,7,-4.1,true,False,Moderate (50-80%),Clear,None,80,2.7
TRP02997,2025-07-22,Tuesday,0,Early Morning (5-7am),05:28,05:35,3,112,3,7.6,FALSE,false,Moderate (50-80%),HEAVY RAIN,None,150,2.4
TRP02038,2025-07-09,Wednesday,0,Morning Peak (7-9am),07:19,07:17,10,110,6,-1.2,Yes,False,Overloaded (>100%),Overcast,Police Checkpoint,105,4.6
TRP03371,2025-07-22,Tuesday,No,Midday (9am-4pm),14:49,14:47,3,62,1,-1.6,True,no,Full (80-100%),Overcast,None,120,4.1
TRP02539,2025-05-27,Tuesday,False,Evening Peak (4-7pm),17:49,17:49,2,78,10,0.3,TRUE,false,Full (80-100%),Overcast,None,115,4.5
TRP00494,2025-07-05,Saturday,Y,Evening Peak (4-7pm),18:14,18:12,5,23,10,-1.2,True,0,Moderate (50-80%),Clear,None,104,4.5
TRP03445,2025-02-14,Friday,False,Early Morning (5-7am),05:54,05:57,5,74,10,3.1,TRUE,No,Low (<50%),Light Rain,None,78,3.9
TRP00663,2025-01-03,Friday,False,Midday (9am-4pm),11:38,11:45,12,16,6,7.9,no,FALSE,low (<50%),Clear,None,160,1.3
TRP03489,2025-04-12,Saturday,yes,Morning Peak (7-9am),07:25,07:19,10,28,2,-6.0,False,No,Moderate (50-80%),Clear,None,100,3.0
TRP02362,2025-01-18,Saturday,Y,Evening Peak (4-7pm),17:15,17:19,5,40,11,4.1,TRUE,N,Full (80-100%),Overcast,None,99,3.4
TRP03083,2025-03-16,Sunday,true,Morning Peak (7-9am),07:38,07:39,9,11,9,1.4,TRUE,false,Moderate (50-80%),Clear,None,,3.7
TRP00197,2025-08-22,Friday,0,Night (7-10pm),19:25,19:21,4,24,5,-3.7,TRUE,False,Low (<50%),Clear,None,80,4.4
TRP01519,2025-03-25,Tuesday,False,Morning Peak (7-9am),07:04,07:13,4,99,7,9.7,No,FALSE,Moderate (50-80%),Light Rain,None,153.00,1.7
TRP02031,25/03/2025,Tuesday,False,Midday (9am-4pm),10:51,10:48,11,13,5,-2.3,True,no,Moderate (50-80%),OVERCAST,None,110,3.5
TRP03319,2025-07-21,Monday,False,Night (7-10pm),20:27,20:35,1,26,7,8.6,No,N,Full (80-100%),Heavy Rain,Police Checkpoint,127,1.9
TRP00720,2025-02-28,Friday,0,Midday (9am-4pm),09:36,09:47,7,54,5,11.3,N,FALSE,Moderate (50-80%),Heavy Rain,Traffic Jam,183,3.6
TRP02369,2025-01-06,Monday,no,Evening Peak (4-7pm),18:00,17:55,5,115,5,-4.2,TRUE,No,Moderate (50-80%),Clear,None,99,3.8
TRP02580,2025-05-31,Saturday,Yes,  Morning Peak (7-9am)  ,07:19,07:34,11,54,1,15.9,false,FALSE,Moderate (50-80%),-,Police Checkpoint,,
TRP03427,2025-06-15,Sunday,Yes,Evening Peak (4-7pm),16:46,16:53,9,93,4,7.5,False,No,Moderate (50-80%),Clear,Police Checkpoint,105,3.1
TRP02247,2025-08-11,Monday,false,Evening Peak (4-7pm),17:28,17:34,5,49,6,6.8,False,No,Overloaded (>100%),Clear,OVERLOADING DELAY,KES 84,2.9
TRP02703,2025-01-23,Thursday,0,Midday (9am-4pm),15:12,15:37,5,18,9,25.3,no,False,Low (<50%),Heavy Rain,Road Accident Nearby,74,2.9
TRP01322,2025-08-01,Friday,0,Morning Peak (7-9am),07:56,08:09,1,104,2,13.0,False,False,Low (<50%),Clear,Traffic Jam,124,1.9
TRP01167,2025-05-22,Thursday,No,Evening Peak (4-7pm),16:36,16:41,7,51,5,5.6,0,False,Low (<50%),Clear,Police Checkpoint,,2.6
TRP02584,2025-07-09,Wednesday,No,Night (7-10pm),20:47,20:52,3,113,7,5.9,FALSE,FALSE,FULL (80-100%),Light Rain,Overloading Delay,136,3.3
TRP03169,2025-08-15,Friday,False,Morning Peak (7-9am),08:05,08:02,12,8,11,-3.0,True,False,Full (80-100%),Clear,None,202,3.0
TRP00090,2025-01-26,Sunday,true,Midday (9am-4pm),14:53,14:54,3,48,3,1.4,true,False,Moderate (50-80%),Light Rain,None,127,2.8
TRP01949,2025-04-06,Sunday,True,Midday (9am-4pm),09:54,09:49,8,100,11,-4.5,true,false,Moderate (50-80%),Clear,None,60,3.4
TRP02801,2025-01-29,Wednesday,no,Evening Peak (4-7pm),18:03,18:13,12,31,10,10.4,0,False,Moderate (50-80%),n/a,Overloading Delay,180,2.9
TRP03160,2025-02-16,Sunday,TRUE,Midday (9am-4pm),12:41,12:55,9,61,2,14.2,N,N,Full (80-100%),Light Rain,Road Construction,98,3.5
TRP03218,2025-01-30,Thursday,false,Morning Peak (7-9am),08:41,08:49,12,99,1,8.1,0,False,Full (80-100%),Clear,Overloading Delay,187,4.5
TRP03031,2025-04-06,Sunday,1,Morning Peak (7-9am),07:25,07:20,6,49,4,-4.2,Yes,no,Moderate (50-80%),,None,112,4.5
TRP03124,2025-01-10,Friday,No,Night (7-10pm),19:23,19:29,10,13,11,6.9,false,N,  Moderate (50-80%)  ,Overcast,Overloading Delay,70,3.8
TRP00006,2025-04-18,Friday,False,Morning Peak (7-9am),08:15,08:18,1,50,3,3.0,TRUE,0,Full (80-100%),Overcast,None,136,3.7
TRP00628,2025-06-07,Saturday,yes,Night (7-10pm),19:29,19:46,6,38,6,17.7,No,false,Full (80-100%),Light Rain,Road Accident Nearby,122,1.7
TRP01202,2025-03-09,Sunday,yes,Midday (9am-4pm),13:10,13:12,12,94,7,2.7,true,False,Low (<50%),Clear,None,160,3.2
TRP00274,01/01/2025,Wednesday,no,Evening Peak (4-7pm),18:27,18:33,8,12,5,6.5,false,N,Overloaded (>100%),Overcast,none,69,1.9
TRP00108,2025-08-06,wednesday,false,Evening Peak (4-7pm),16:34,16:46,9,64,6,12.6,FALSE,N,Low (<50%),Overcast,Road Accident Nearby,121,1.9
TRP03131,2025-02-06,Thursday,0,Morning Peak (7-9am),07:36,07:49,12,108,1,13.3,0,No,Full (80-100%),n/a,Traffic Jam,240,3.3
TRP02263,2025-01-28,Tuesday,No,Evening Peak (4-7pm),17:42,17:42,11,77,6,0.9,yes,0,Full (80-100%),Clear,None,122,3.3
TRP01829,2025-03-01,Saturday,1,Evening Peak (4-7pm),18:34,18:33,7,105,4,-0.7,True,no,Full (80-100%),Clear,None,175,3.3
TRP00733,2025-07-09,Wednesday,False,Night (7-10pm),21:26,21:28,2,62,1,2.6,Yes,False,Full (80-100%),Clear,Traffic Jam,90,4.9
TRP00651,2025-02-25,Tuesday,False,Morning Peak (7-9am),08:44,08:45,6,26,8,1.6,1,FALSE,Overloaded (>100%),,None,153,3.3
TRP01201,2025-05-15,Thursday,no,EVENING PEAK (4-7PM),16:02,16:28,11,34,6,26.6,No,False,Full (80-100%),Light Rain,Vehicle Breakdown,173,3.7
TRP02138,2025-05-26,Monday,FALSE,Midday (9am-4pm),11:57,12:04,2,40,8,7.5,FALSE,False,full (80-100%),Clear,Police Checkpoint,90,2.7
TRP01242,2025-06-29,Sunday,1,Evening Peak (4-7pm),18:47,19:02,4,114,5,15.7,false,False,Moderate (50-80%),Heavy Rain,None,158,3.0
TRP02900,2025-01-28,Tuesday,False,Morning Peak (7-9am),07:18,07:38,10,70,7,20.1,False,False,Low (<50%),Heavy Rain,Road Construction,,
TRP01787,06-01-2025,Sunday,1,Early Morning (5-7am),06:11,06:09,8,89,6,-1.6,true,0,Low (<50%),Overcast,None,60,3.1
TRP00422,2025-01-23,Thursday,false,Evening Peak (4-7pm),17:58,17:56,9,105,9,-1.4,Y,FALSE,FULL (80-100%),Clear,None,KES 88,4.4
TRP01387,2025-08-25,Monday,False,Morning Peak (7-9am),07:06,07:13,4,59,6,7.9,no,0,Full (80-100%),,None,160,1.9
TRP03080,2025-02-27,Thursday,No,Midday (9am-4pm),10:37,10:37,2,97,3,0.3,True,False,Overloaded (>100%),Clear,None,90,3.7
TRP02199,2025-01-13,Monday,no,Evening Peak (4-7pm),18:27,18:26,5,55,8,-0.2,Yes,No,Full (80-100%),Light Rain,None,127,4.4
TRP00654,2025-04-27,Sunday,Y,Midday (9am-4pm),14:29,14:23,11,92,4,-6.0,false,False,Low (<50%),Clear,None,KES 110,1.0
TRP02599,2025-01-26,Sunday,True,Evening Peak (4-7pm),16:34,16:28,3,18,10,-6.0 min,FALSE,FALSE,Low (<50%),Clear,None,142,2.6
TRP00366,2025-07-19,Saturday,True,Evening Peak (4-7pm),16:20,16:25,12,32,10,5.4,no,no,Full (80-100%),Clear,Police Checkpoint,192,1.1
TRP02143,2025-03-20,thursday,no,Midday (9am-4pm),09:07,09:07,10,2,2,0.1,TRUE,0,Low (<50%),Light Rain,None,87,3.9
TRP01368,2025-01-16,Thursday,0,Evening Peak (4-7pm),17:47,17:52,5,49,5,5.2,FALSE,No,Overloaded (>100%),Light Rain,None,121,3.6
TRP01088,2025-03-02,  Sunday  ,true,Midday (9am-4pm),12:45,12:48,10,114,9,3.0,True,N,Moderate (50-80%),Clear,Road Construction,70,2.6
TRP03464,2025-01-18,Saturday,true,morning peak (7-9am),07:05,07:05,4,70,4,0.4,1,False,Moderate (50-80%),Overcast,None,112,3.7
TRP00052,2025-01-10,Friday,no,Morning Peak (7-9am),07:53,08:16,12,31,8,23.9,No,0,Moderate (50-80%),Heavy Rain,None,211,4.1
TRP00701,2025-03-18,Tuesday,No,Night (7-10pm),20:21,20:26,4,31,9,5.8,False,false,Full (80-100%),Clear,None,80,1.9
TRP00347,2025-01-20,Monday,false,Midday (9am-4pm),13:02,13:15,7,47,3,13.2,No,0,Moderate (50-80%),Clear,Traffic Jam,150,1.0
TRP00103,2025-01-22,Wednesday,N,Early Morning (5-7am),06:40,06:42,11,106,1,2.0,Yes,no,Moderate (50-80%),clear,Police Checkpoint,110,3.7
TRP01992,2025-02-22,Saturday,Yes,Night (7-10pm),19:05,19:05,7,83,1,0.9,True,FALSE,Low (<50%),clear,None,150,2.7
TRP02305,2025-07-14,Monday,false,Midday (9am-4pm),11:33,11:32,10,47,1,-0.2,1,N,Low (<50%),Clear,None,70,4.6
TRP02610,2025-06-25,Wednesday,False,Night (7-10pm),20:45,20:41,9,26,1,-3.1,yes,FALSE,Overloaded (>100%),Clear,None,80,
TRP02053,2025-04-29,Tuesday,0,night (7-10pm),19:43,19:40,1,62,3,-2.1,Y,N,Moderate (50-80%),CLEAR,None,100,4.6
TRP00133,2025-07-05,Saturday,True,Early Morning (5-7am),05:29,05:30,12,23,2,1.2,Y,False,,Clear,None,160,3.5
TRP00288,2025-08-07,Thursday,no,Night (7-10pm),21:05,21:18,2,52,1,13.5,0,yes,LOW (<50%),Light Rain,Road Accident Nearby,97,3.6
TRP03122,2025-03-03,Monday,N,  Morning Peak (7-9am)  ,07:33,07:42,8,102,10,9.3,0,No,Full (80-100%),Light Rain,None,98,2.2
TRP01974,2025-05-18,Sunday,true,  Evening Peak (4-7pm)  ,18:50,18:44,2,23,8,-6.0,False,False,Moderate (50-80%),clear,NONE,129,2.9
TRP00609,2025-07-12,Saturday,1,Midday (9am-4pm),14:50,14:51,4,63,1,1.5,1,False,Full (80-100%),,None,80,4.2
TRP00187,2025-05-20,Tuesday,No,Midday (9am-4pm),14:43,14:42,11,97,8,-0.9,true,FALSE,Moderate (50-80%),Clear,None,110,5.0
TRP01338,2025-03-08,Saturday,true,  Morning Peak (7-9am)  ,08:47,09:10,2,20,4,23.2,false,No,Overloaded (>100%),Heavy Rain,None,145,3.3
TRP01210,2025-08-08,Friday,False,Midday (9am-4pm),10:49,10:49,5,24,7,0.1,TRUE,0,Full (80-100%),Clear,Overloading Delay,,4.8
TRP00168,2025-01-07,Tuesday,false,Evening Peak (4-7pm),18:55,19:04,6,114,8,9.1,FALSE,FALSE,Full (80-100%),Clear,Overloading Delay,158,3.8
TRP00001,2025-06-03,Tuesday,False,Early Morning (5-7am),06:17,06:18,8,82,8,1.5,True,False,Moderate (50-80%),Light Rain,None,77,2.8
TRP00566,2025-05-13,Tuesday,no,Early Morning (5-7am),06:30,06:49,10,73,10,19.8,N,N,,Light Rain,Road Accident Nearby,89,2.3
TRP02290,2025-04-10,Thursday,0,Early Morning (5-7am),06:00,06:17,11,69,5,17.7,0,no,,Overcast,Road Accident Nearby,110,2.2
TRP03452,2025-01-03,friday,No,Evening Peak (4-7pm),16:02,16:27,2,5,5,25.0,no,False,Overloaded (>100%),Overcast,Vehicle Breakdown,138,2.8
TRP00950,2025-04-04,Friday,False,Midday (9am-4pm),13:00,13:03,11,69,11,3.7,True,False,FULL (80-100%),Overcast,None,110,6.8
TRP03166,2025-01-26,Sunday,true,Midday (9am-4pm),12:44,12:44,2,112,3,0.0,yes,No,Low (<50%),Light Rain,None,,4.3
TRP02881,2025-03-28,Friday,no,Midday (9am-4pm),14:22,14:24,7,99,1,2.1,TRUE,no,Moderate (50-80%),Clear,Overloading Delay,150,3.6
TRP01680,2025-05-30,Friday,false,Early Morning (5-7am),05:33,05:34,12,73,1,1.4,Y,No,Full (80-100%),Clear,None,160,3.9
TRP01468,2025-08-05,Tuesday,N,Midday (9am-4pm),11:19,11:20,2,41,8,1.5,True,FALSE,Full (80-100%),Clear,None,90,4.2
TRP02466,2025-05-18,Sunday,True,Midday (9am-4pm),09:01,09:02,4,105,10,1.6,True,FALSE,Moderate (50-80%),Clear,Overloading Delay,80,3.8
TRP02151,2025-03-09,sunday,Y,Morning Peak (7-9am),07:25,07:28,9,67,7,3.1,yes,false,Full (80-100%),Clear,Overloading Delay,118,3.5
TRP03178,2025-08-04,Monday,False,Evening Peak (4-7pm),16:25,16:30,5,96,11,5.2,FALSE,N,Moderate (50-80%),Clear,None,109,1.9
TRP01131,2025-01-14,Tuesday,False,Evening Peak (4-7pm),18:15,18:26,11,52,2,11.0,0,False,Low (<50%),Clear,Road Accident Nearby,157,3.0
TRP01208,2025-03-14,Friday,no,Midday (9am-4pm),13:16,13:37,10,56,10,21.3,no,0,Moderate (50-80%),Clear,Vehicle Breakdown,70,
TRP02614,2025-05-22,Thursday,0,Night (7-10pm),21:04,21:02,7,36,7,-2.0,yes,False,low (<50%),Clear,None,150,3.4
TRP01135,2025-08-05,Tuesday,N,Evening Peak (4-7pm),17:30,17:41,9,29,5,11.2,false,False,Moderate (50-80%),Clear,none,KES 113,2.8
TRP01066,2025-04-09,Wednesday,False,Midday (9am-4pm),13:57,14:10,5,20,,13.0,false,False,Low (<50%),Heavy Rain,None,86,3.2
TRP00721,2025/08/07,Thursday,FALSE,Evening Peak (4-7pm),17:38,17:45,4,47,11,7.6,FALSE,False,Full (80-100%),Overcast,Road Construction,125,3.4
TRP01383,2025-01-14,Tuesday,False,Morning Peak (7-9am),08:43,08:58,4,6,4,15.3,no,N,Low (<50%),Clear,Traffic Jam,88,
TRP00347,2025-01-20,Monday,false,Midday (9am-4pm),13:02,13:15,7,47,3,13.2,No,0,Moderate (50-80%),Clear,Traffic Jam,150,1.0
TRP01139,2025-07-04,friday,0,Midday (9am-4pm),14:42,14:55,7,101,5,13.0,False,false,Overloaded (>100%),Light Rain,Road Construction,184,3.2
TRP00743,2025-07-01,  Tuesday  ,0,Evening Peak (4-7pm),18:41,18:51,1,42,3,10.6,N,no,Full (80-100%),Clear,Police Checkpoint,144,2.7
TRP02109,2025-06-16,Monday,False,Midday (9am-4pm),10:34,10:38,10,53,4,4.7,True,False,Low (<50%),Clear,None,70,4.0
TRP03482,2025-05-17,Saturday,Yes,Midday (9am-4pm),14:53,14:55,10,66,10,2.2,Yes,FALSE,low (<50%),Clear,Police Checkpoint,70,4.0
TRP02546,2025-02-20,Thursday,false,Morning Peak (7-9am),07:56,08:01,5,20,9,5.9,No,no,Full (80-100%),Clear,Road Construction,Ksh102,3.6
TRP02630,2025-03-12,Wednesday,FALSE,Midday (9am-4pm),15:58,16:23,12,59,9,25.9,FALSE,no,Full (80-100%),  Light Rain  ,VEHICLE BREAKDOWN,186,
TRP03423,2025-05-25,Sunday,TRUE,Morning Peak (7-9am),08:47,09:03,9,105,10,16.2 min,False,FALSE,Full (80-100%),  Light Rain  ,Road Accident Nearby,,2.6
TRP01248,2025-04-06,Sunday,TRUE,Midday (9am-4pm),12:52,12:50,9,4,5,-1.5,Yes,0,Moderate (50-80%),999,None,100,4.1
TRP01129,2025-08-07,Thursday,False,Early Morning (5-7am),06:02,05:58,5,104,7,-3.5,True,N,Moderate (50-80%),Clear,None,70,3.5
TRP00010,2025-07-28,Monday,No,midday (9am-4pm),10:22,10:34,5,77,1,12.0,false,false,Low (<50%),Clear,,70,2.6
TRP01897,2025-04-29,Tuesday,No,Morning Peak (7-9am),07:54,08:04,2,49,3,10.1,False,False,Full (80-100%),Clear,Road Construction,121,3.0
TRP03398,2025-06-03,Tuesday,No,  Midday (9am-4pm)  ,13:33,13:42,11,47,9,9.9,false,false,Low (<50%),Heavy Rain,None,132,3.1
TRP00550,2025-07-19,Saturday,Yes,evening peak (4-7pm),16:58,17:00,3,51,9,2.5,yes,N,Overloaded (>100%),Clear,  None  ,149,4.7
