trip_id,date,day_of_week,is_weekend,time_period,scheduled_time,actual_time,route_id,vehicle_id,stage_id,delay_minutes,on_time,cancelled,occupancy_level,weather,incident_type,fare_kes,passenger_rating
TRP00111,10/07/2025,Thursday,No,Evening Peak (4-7Pm),18:43:00,18:52:00,9,85,6,9,No,No,Low (<50%),Heavy Rain,None,137.00,3.1
TRP02848,12/07/2025,Saturday,Yes,Midday (9Am-4Pm),11:01:00,11:08:00,5,89,2,7,No,No,Low (<50%),Heavy Rain,None,87.00,2.1
TRP00764,03/07/2025,Thursday,No,Night (7-10Pm),20:14:00,20:17:00,3,21,2,3,No,No,Moderate (50-80%),,None,120.00,3.4
TRP00565,15/02/2025,Saturday,Yes,Early Morning (5-7Am),05:32:00,05:26:00,7,8,6,-6,Yes,No,Moderate (50-80%),Clear,None,150.00,3.8
TRP02687,11/01/2025,Saturday,Yes,Midday (9Am-4Pm),10:37:00,10:36:00,8,47,1,-1,Yes,No,Moderate (50-80%),Light Rain,Overloading Delay,68.00,4.4
TRP00260,17/04/2025,Thursday,No,Early Morning (5-7Am),05:59:00,05:57:00,11,84,8,-2,Yes,No,,Clear,None,110.00,3.2
TRP03274,06/01/2025,Monday,No,Evening Peak (4-7Pm),16:49:00,16:54:00,1,15,7,5,No,No,Full (80-100%),,None,157.00,2.4
TRP02351,24/04/2025,Thursday,No,Midday (9Am-4Pm),10:30:00,10:29:00,2,66,8,-1,Yes,No,Full (80-100%),Clear,None,90.00,5.0
TRP01348,19/08/2025,Tuesday,No,Evening Peak (4-7Pm),18:56:00,19:04:00,5,24,5,8,No,No,Overloaded (>100%),Clear,Road Construction,102.00,3.1
TRP00269,23/05/2025,Friday,No,Evening Peak (4-7Pm),17:28:00,17:59:00,6,81,7,31,No,No,Moderate (50-80%),Overcast,Vehicle Breakdown,128.00,2.0
TRP02516,15/02/2025,Saturday,Yes,Midday (9Am-4Pm),09:09:00,09:03:00,10,99,7,-6,Yes,No,Low (<50%),Clear,None,70.00,
TRP03175,01/04/2025,Tuesday,No,Night (7-10Pm),21:41:00,21:44:00,10,60,5,3,No,No,Moderate (50-80%),Clear,Overloading Delay,70.00,4.8
TRP00556,25/06/2025,Wednesday,No,Night (7-10Pm),20:37:00,20:41:00,2,33,2,4,No,No,Moderate (50-80%),,None,109.00,4.6
TRP01815,28/04/2025,Monday,No,Morning Peak (7-9Am),07:54:00,07:54:00,12,84,9,0,Yes,No,,Clear,None,220.00,4.0
TRP02312,23/05/2025,Friday,No,Night (7-10Pm),19:49:00,19:46:00,5,13,6,-3,Yes,No,Low (<50%),Clear,None,70.00,2.5
TRP03016,03/01/2025,Friday,No,Morning Peak (7-9Am),08:29:00,08:44:00,10,50,1,15,No,No,Moderate (50-80%),Clear,Road Accident Nearby,103.00,1.5
TRP01651,23/04/2025,Wednesday,No,Midday (9Am-4Pm),11:59:00,12:19:00,3,96,7,20,No,No,Low (<50%),Clear,Vehicle Breakdown,120.00,2.9
TRP00461,11/07/2025,Friday,No,Early Morning (5-7Am),05:09:00,05:25:00,6,86,4,16,No,No,Low (<50%),,Road Accident Nearby,120.00,4.7
TRP02401,02/03/2025,Monday,No,Evening Peak (4-7Pm),16:20:00,16:38:00,11,60,4,18,No,No,Full (80-100%),Clear,Road Accident Nearby,140.00,1.7
TRP02056,09/02/2025,Sunday,Yes,Midday (9Am-4Pm),11:42:00,11:39:00,2,114,2,-3,Yes,No,Low (<50%),Heavy Rain,None,109.00,3.5
TRP03449,10/03/2025,Monday,No,Evening Peak (4-7Pm),16:57:00,17:24:00,4,88,8,27,No,No,Low (<50%),Clear,Vehicle Breakdown,97.00,3.5
TRP00636,01/06/2025,Sunday,Yes,Morning Peak (7-9Am),08:26:00,08:26:00,11,9,4,0,Yes,No,,Overcast,None,148.00,3.8
TRP00632,11/07/2025,Friday,No,Morning Peak (7-9Am),08:27:00,08:50:00,4,96,11,23,No,No,Moderate (50-80%),Light Rain,Vehicle Breakdown,129.00,3.7
TRP03233,21/06/2025,Saturday,Yes,Night (7-10Pm),21:18:00,21:27:00,5,83,5,9,No,No,Moderate (50-80%),Overcast,Road Accident Nearby,70.00,2.2
TRP01666,10/03/2025,Monday,No,Evening Peak (4-7Pm),16:05:00,16:35:00,10,42,9,30,No,No,Moderate (50-80%),Clear,Road Accident Nearby,101.00,2.6
TRP00220,06/01/2025,Monday,No,Morning Peak (7-9Am),07:22:00,07:32:00,2,78,3,10,No,No,Low (<50%),Clear,Traffic Jam,99.00,2.5
TRP00177,25/05/2025,Sunday,Yes,Midday (9Am-4Pm),11:31:00,11:36:00,9,88,3,5,No,No,Moderate (50-80%),Clear,Police Checkpoint,80.00,2.0
TRP02826,12/03/2025,Wednesday,No,Morning Peak (7-9Am),07:46:00,08:03:00,5,42,1,17,No,No,Low (<50%),Heavy Rain,None,137.00,1.4
TRP01180,15/07/2025,Tuesday,No,Morning Peak (7-9Am),07:58:00,08:07:00,3,64,7,9,No,No,Moderate (50-80%),Light Rain,Road Construction,168.00,2.2
TRP01906,21/06/2025,Saturday,Yes,Midday (9Am-4Pm),14:02:00,13:56:00,9,10,11,-6,Yes,No,Low (<50%),Clear,None,80.00,2.7
TRP01855,27/08/2025,Wednesday,No,Evening Peak (4-7Pm),18:56:00,18:59:00,5,24,4,3,No,Yes,Moderate (50-80%),Clear,None,90.00,2.7
TRP01967,08/02/2025,Saturday,Yes,Morning Peak (7-9Am),08:42:00,08:45:00,12,81,6,3,No,No,Full (80-100%),Clear,None,249.00,4.0
TRP01683,23/03/2025,Sunday,Yes,Night (7-10Pm),19:38:00,19:49:00,5,10,1,11,No,No,,Clear,Traffic Jam,70.00,1.4
TRP03225,01/05/2025,Thursday,No,Night (7-10Pm),21:07:00,21:07:00,10,91,8,0,Yes,No,,Clear,None,70.00,4.8
TRP00113,16/03/2025,Sunday,Yes,Early Morning (5-7Am),05:12:00,05:09:00,4,42,8,-3,Yes,No,Low (<50%),Clear,None,80.00,2.2
TRP01173,10/01/2025,Friday,No,Morning Peak (7-9Am),08:31:00,08:33:00,10,18,2,2,No,No,Moderate (50-80%),Clear,None,84.00,4.7
TRP00902,07/04/2025,Monday,No,Midday (9Am-4Pm),13:16:00,13:24:00,4,7,6,8,No,No,Low (<50%),Clear,Traffic Jam,80.00,1.1
TRP00230,05/07/2025,Saturday,Yes,Night (7-10Pm),20:09:00,20:08:00,6,99,3,-1,Yes,No,Moderate (50-80%),Light Rain,None,114.00,3.6
TRP03463,18/03/2025,Tuesday,No,Night (7-10Pm),21:15:00,21:13:00,7,110,3,-2,Yes,No,Moderate (50-80%),Light Rain,None,160.00,2.1
TRP02308,08/04/2025,Monday,No,Morning Peak (7-9Am),07:13:00,07:21:00,5,4,7,8,No,No,Overloaded (>100%),Heavy Rain,None,112.00,3.0
TRP02267,27/03/2025,Thursday,No,Evening Peak (4-7Pm),17:17:00,17:25:00,8,16,8,8,No,No,,Clear,Police Checkpoint,88.00,1.5
TRP02763,14/06/2025,Saturday,Yes,Evening Peak (4-7Pm),16:36:00,16:44:00,5,96,3,8,No,No,Overloaded (>100%),Clear,Police Checkpoint,80.00,4.1
TRP01606,16/02/2025,Sunday,Yes,Evening Peak (4-7Pm),17:09:00,17:25:00,1,110,8,16,No,No,Overloaded (>100%),Heavy Rain,None,158.00,2.1
TRP01999,14/08/2025,Thursday,No,Midday (9Am-4Pm),09:00:00,08:58:00,2,110,,-2,Yes,No,Moderate (50-80%),,None,100.00,5.0
TRP03263,26/07/2025,Saturday,Yes,Midday (9Am-4Pm),13:23:00,13:33:00,3,46,1,10,No,No,Full (80-100%),Clear,Overloading Delay,120.00,1.0
TRP00488,19/07/2025,Saturday,Yes,Morning Peak (7-9Am),07:40:00,07:36:00,5,42,11,-4,Yes,No,Full (80-100%),Clear,None,95.00,
TRP01972,08/08/2025,Friday,No,Midday (9Am-4Pm),14:57:00,14:59:00,6,92,4,2,No,No,Full (80-100%),Overcast,None,100.00,3.6
TRP02036,22/01/2025,Wednesday,No,Early Morning (5-7Am),06:41:00,06:38:00,6,62,7,-3,Yes,No,Full (80-100%),Clear,None,100.00,3.1
TRP01339,25/01/2025,Saturday,Yes,Midday (9Am-4Pm),13:37:00,13:33:00,7,33,8,-4,Yes,No,Moderate (50-80%),Light Rain,None,161.00,4.4
TRP03004,17/02/2025,Monday,No,Night (7-10Pm),19:10:00,19:18:00,4,60,4,8,No,No,Low (<50%),,Overloading Delay,80.00,3.6
TRP01089,29/06/2025,Sunday,Yes,Night (7-10Pm),19:46:00,19:54:00,10,18,10,8,No,No,Low (<50%),Clear,Traffic Jam,70.00,1.1
TRP01380,03/04/2025,Thursday,No,Morning Peak (7-9Am),08:56:00,09:00:00,8,44,3,4,No,No,Full (80-100%),Overcast,Overloading Delay,85.00,3.9
TRP02912,05/03/2025,Wednesday,No,Morning Peak (7-9Am),07:20:00,07:33:00,2,109,3,13,No,No,Moderate (50-80%),Clear,Road Construction,118.00,2.0
TRP00996,06/04/2025,Sunday,Yes,Midday (9Am-4Pm),11:30:00,11:31:00,10,37,10,1,No,No,Low (<50%),Light Rain,Road Construction,88.00,3.6
TRP01308,22/08/2025,Friday,No,Morning Peak (7-9Am),07:06:00,07:19:00,12,102,10,13,No,No,Full (80-100%),Clear,None,223.00,1.8
TRP00452,20/02/2025,Thursday,No,Night (7-10Pm),21:06:00,21:31:00,8,35,3,25,No,No,Low (<50%),Clear,Vehicle Breakdown,60.00,3.3
TRP03104,22/05/2025,Thursday,No,Night (7-10Pm),19:04:00,19:04:00,1,59,8,0,Yes,No,Moderate (50-80%),Clear,Police Checkpoint,100.00,3.3
TRP01733,23/05/2025,Friday,No,Midday (9Am-4Pm),10:00:00,10:05:00,2,8,4,5,No,No,Low (<50%),Clear,Traffic Jam,90.00,2.2
TRP00511,31/05/2025,Saturday,Yes,Midday (9Am-4Pm),10:42:00,10:42:00,6,78,1,0,Yes,No,Full (80-100%),Clear,Police Checkpoint,100.00,3.6
TRP01622,15/08/2025,Friday,No,Evening Peak (4-7Pm),17:33:00,17:44:00,5,41,4,11,No,No,Full (80-100%),Clear,Road Construction,97.00,
TRP02410,22/07/2025,Tuesday,No,Night (7-10Pm),19:54:00,19:56:00,12,54,10,2,No,No,Low (<50%),Clear,None,160.00,3.0
TRP02287,24/06/2025,Tuesday,No,Morning Peak (7-9Am),07:51:00,08:02:00,3,35,9,11,No,No,Low (<50%),Clear,Police Checkpoint,172.00,2.3
TRP02842,13/06/2025,Friday,No,Early Morning (5-7Am),06:35:00,06:40:00,11,35,4,5,No,No,Full (80-100%),Light Rain,Road Construction,142.00,2.5
TRP03209,11/02/2025,Tuesday,No,Early Morning (5-7Am),06:47:00,06:55:00,2,65,8,8,No,No,Low (<50%),Light Rain,Road Construction,102.00,3.1
TRP00239,04/01/2025,Saturday,Yes,Night (7-10Pm),20:59:00,20:59:00,2,11,10,0,Yes,No,Moderate (50-80%),Overcast,Road Accident Nearby,90.00,4.3
TRP02221,19/08/2025,Tuesday,No,Morning Peak (7-9Am),08:09:00,08:33:00,11,117,6,24,No,No,Moderate (50-80%),Clear,Vehicle Breakdown,,2.8
TRP02954,11/08/2025,Monday,No,Midday (9Am-4Pm),09:05:00,09:04:00,5,41,9,-1,Yes,No,Full (80-100%),Overcast,None,70.00,3.8
TRP00798,04/07/2025,Friday,No,Early Morning (5-7Am),05:56:00,06:12:00,12,72,1,16,No,No,Overloaded (>100%),Clear,Road Accident Nearby,160.00,3.7
TRP01902,18/03/2025,Tuesday,No,Night (7-10Pm),21:57:00,21:57:00,10,30,5,0,Yes,No,Full (80-100%),Clear,Overloading Delay,70.00,
TRP03082,28/01/2025,Tuesday,No,Midday (9Am-4Pm),12:43:00,12:40:00,4,119,8,-3,Yes,No,Full (80-100%),Clear,Overloading Delay,80.00,4.2
TRP02565,24/03/2025,Monday,No,Early Morning (5-7Am),05:42:00,05:51:00,5,13,5,9,No,No,Low (<50%),Clear,Traffic Jam,70.00,2.7
TRP02042,14/05/2025,Wednesday,No,Early Morning (5-7Am),05:31:00,05:29:00,11,87,3,-2,Yes,No,Low (<50%),Clear,None,110.00,4.2
TRP02685,01/01/2025,Wednesday,No,Evening Peak (4-7Pm),18:24:00,18:33:00,9,19,8,9,No,No,Full (80-100%),Light Rain,None,148.00,
TRP00136,21/04/2025,Monday,No,Morning Peak (7-9Am),07:57:00,08:08:00,3,104,,11,No,No,Low (<50%),Overcast,Overloading Delay,172.00,2.0
TRP02315,21/08/2025,Thursday,No,Morning Peak (7-9Am),07:38:00,07:51:00,9,102,3,13,No,No,Moderate (50-80%),Heavy Rain,None,127.00,2.9
TRP02786,02/01/2025,Thursday,No,Night (7-10Pm),19:54:00,19:57:00,3,35,6,3,No,No,Moderate (50-80%),Clear,None,120.00,3.8
TRP02100,29/05/2025,Thursday,No,Morning Peak (7-9Am),07:26:00,07:47:00,10,26,6,21,No,No,Full (80-100%),Heavy Rain,Road Construction,130.00,2.7
TRP00934,05/08/2025,Tuesday,No,Evening Peak (4-7Pm),16:57:00,17:02:00,1,116,2,5,No,No,Overloaded (>100%),Light Rain,None,175.00,3.5
TRP00039,03/06/2025,Tuesday,No,Evening Peak (4-7Pm),17:12:00,17:24:00,6,16,4,12,No,No,Low (<50%),Clear,Police Checkpoint,129.00,3.4
TRP00158,06/08/2025,Wednesday,No,Morning Peak (7-9Am),08:02:00,08:02:00,2,44,6,0,Yes,No,Moderate (50-80%),Clear,None,125.00,2.7
TRP00666,15/01/2025,Wednesday,No,Early Morning (5-7Am),06:52:00,06:48:00,7,35,1,-4,Yes,No,Full (80-100%),Clear,None,150.00,5.0
TRP02128,03/06/2025,Tuesday,No,Early Morning (5-7Am),05:47:00,05:51:00,2,82,9,4,No,No,Low (<50%),Clear,Road Construction,90.00,4.1
TRP01548,09/01/2025,Thursday,No,Night (7-10Pm),21:56:00,21:54:00,5,9,1,-2,Yes,No,Overloaded (>100%),Clear,None,70.00,3.6
TRP02470,06/02/2025,Thursday,No,Morning Peak (7-9Am),07:23:00,07:31:00,12,17,4,8,No,No,Full (80-100%),Clear,None,186.00,3.5
TRP03142,07/07/2025,Monday,No,Evening Peak (4-7Pm),18:20:00,18:44:00,12,22,5,24,No,No,Moderate (50-80%),Clear,Vehicle Breakdown,244.00,3.6
TRP01200,25/02/2025,Tuesday,No,Early Morning (5-7Am),05:58:00,05:53:00,6,30,11,-5,Yes,No,Moderate (50-80%),Clear,None,100.00,3.4
TRP01249,20/08/2025,Wednesday,No,Early Morning (5-7Am),06:29:00,06:44:00,2,102,5,15,No,No,Full (80-100%),Clear,Road Accident Nearby,90.00,
TRP01838,14/06/2025,Saturday,Yes,Evening Peak (4-7Pm),16:48:00,17:07:00,9,104,5,19,No,No,Moderate (50-80%),Overcast,Road Accident Nearby,120.00,1.4
TRP00749,09/07/2025,Wednesday,No,Midday (9Am-4Pm),14:40:00,14:35:00,5,80,5,-5,Yes,No,Full (80-100%),Clear,Police Checkpoint,70.00,3.9
TRP01479,02/05/2025,Friday,No,Midday (9Am-4Pm),09:39:00,09:41:00,8,33,4,2,No,No,Overloaded (>100%),Light Rain,None,65.00,3.4
TRP03112,07/04/2025,Monday,No,Evening Peak (4-7Pm),17:12:00,17:11:00,5,67,5,-1,Yes,No,Full (80-100%),Clear,None,98.00,3.3
TRP00403,08/08/2025,Friday,No,Morning Peak (7-9Am),07:21:00,07:35:00,4,85,7,14,No,No,  Moderate (50-80%)  ,Overcast,Road Construction,102.00,2.0
TRP00582,05/06/2025,Thursday,No,Evening Peak (4-7Pm),18:33:00,18:56:00,1,87,3,23,No,No,Low (<50%),Clear,Road Accident Nearby,119.00,4.0
TRP00166,11/05/2025,Sunday,Yes,Morning Peak (7-9Am),08:52:00,09:13:00,6,104,7,21,No,No,Overloaded (>100%),Heavy Rain,Police Checkpoint,150.00,4.3
TRP02270,11/06/2025,Wednesday,No,Midday (9Am-4Pm),12:07:00,12:05:00,1,88,6,-2,Yes,No,Moderate (50-80%),Clear,None,100.00,3.6
TRP02533,17/06/2025,Tuesday,No,Midday (9Am-4Pm),15:07:00,15:11:00,4,53,6,4,No,No,,Overcast,Road Accident Nearby,80.00,2.8
TRP00992,09/03/2025,Sunday,Yes,Evening Peak (4-7Pm),16:39:00,16:48:00,2,77,4,9,No,No,Full (80-100%),Light Rain,Road Construction,130.00,2.7
TRP03372,17/07/2025,Thursday,No,Morning Peak (7-9Am),08:55:00,09:10:00,3,1,8,15,No,No,Full (80-100%),Clear,None,137.00,3.3
TRP02015,27/06/2025,Friday,No,Night (7-10Pm),20:29:00,20:33:00,6,75,4,4,No,No,Full (80-100%),Overcast,None,100.00,4.2
TRP02529,18/08/2025,Monday,No,Morning Peak (7-9Am),07:25:00,07:32:00,8,3,3,7,No,No,,Clear,None,75.00,3.8
TRP00559,21/03/2025,Friday,No,Midday (9Am-4Pm),12:49:00,12:43:00,10,12,4,-6,Yes,No,Overloaded (>100%),Clear,None,70.00,2.9
   ,16/03/2025,Sunday,Yes,Early Morning (5-7Am),06:33:00,06:31:00,8,1,3,-2,Yes,No,Low (<50%),Light Rain,Overloading Delay,71.00,4.5
TRP02563,20/06/2025,Friday,No,Evening Peak (4-7Pm),17:34:00,17:28:00,6,39,1,-6,Yes,No,Moderate (50-80%),Clear,None,157.00,3.9
TRP01778,26/08/2025,Tuesday,No,Night (7-10Pm),20:34:00,20:45:00,3,37,1,11,No,No,Low (<50%),Clear,,,2.8
TRP01498,09/01/2025,Thursday,No,Morning Peak (7-9Am),08:42:00,08:57:00,10,16,8,15,No,No,Moderate (50-80%),Heavy Rain,Police Checkpoint,104.00,2.4
TRP00261,08/02/2025,Saturday,Yes,Midday (9Am-4Pm),13:57:00,14:14:00,4,2,7,17,No,No,Low (<50%),Heavy Rain,Police Checkpoint,103.00,3.3
TRP02975,24/04/2025,Thursday,No,Early Morning (5-7Am),06:50:00,06:55:00,7,84,3,5,No,No,Moderate (50-80%),Clear,Police Checkpoint,150.00,3.1
TRP02106,30/06/2025,Monday,No,Morning Peak (7-9Am),07:42:00,07:50:00,4,77,9,8,No,No,Moderate (50-80%),Clear,Overloading Delay,111.00,1.9
TRP03411,31/03/2025,Monday,No,Morning Peak (7-9Am),07:18:00,07:18:00,5,120,7,0,Yes,No,Low (<50%),Overcast,None,110.00,3.5
TRP01952,13/08/2025,Wednesday,No,Midday (9Am-4Pm),11:43:00,11:59:00,2,36,4,16,No,No,Low (<50%),Clear,Vehicle Breakdown,90.00,3.0
TRP00258,09/03/2025,Sunday,Yes,Midday (9Am-4Pm),14:41:00,14:40:00,9,51,11,-1,Yes,No,Low (<50%),Clear,None,80.00,4.0
TRP03351,13/05/2025,Tuesday,No,Night (7-10Pm),20:26:00,20:24:00,11,102,5,-2,Yes,No,Moderate (50-80%),Clear,None,110.00,
TRP02799,14/08/2025,Thursday,No,Evening Peak (4-7Pm),16:03:00,16:36:00,10,82,8,33,No,No,Overloaded (>100%),Heavy Rain,Traffic Jam,98.00,1.9
TRP00865,09/02/2025,Sunday,Yes,Night (7-10Pm),19:30:00,19:28:00,7,108,4,-2,Yes,No,Low (<50%),Light Rain,Overloading Delay,158.00,2.3
TRP00298,04/04/2025,Friday,No,Evening Peak (4-7Pm),18:32:00,18:35:00,8,27,3,3,No,No,Moderate (50-80%),,None,77.00,5.0
TRP03342,12/06/2025,Thursday,No,Early Morning (5-7Am),06:43:00,06:40:00,4,33,11,-3,Yes,No,Moderate (50-80%),Clear,None,80.00,4.4
TRP02624,18/01/2025,Saturday,Yes,Night (7-10Pm),21:12:00,21:06:00,12,9,6,-6,Yes,No,Full (80-100%),Clear,None,160.00,2.4
TRP01202,09/03/2025,Sunday,Yes,Midday (9Am-4Pm),13:10:00,13:12:00,12,94,7,2,No,No,Low (<50%),Clear,None,160.00,3.2
TRP02496,12/01/2025,Sunday,Yes,Morning Peak (7-9Am),08:41:00,08:50:00,2,29,9,9,No,No,Moderate (50-80%),Light Rain,Police Checkpoint,161.00,2.2
TRP00297,12/08/2025,Tuesday,No,Midday (9Am-4Pm),09:23:00,09:26:00,10,18,11,3,No,No,Moderate (50-80%),Clear,Road Construction,70.00,
TRP00185,21/04/2025,Monday,No,Morning Peak (7-9Am),08:53:00,08:58:00,6,20,3,5,No,No,,Clear,None,146.00,2.7
TRP00688,06/08/2025,Wednesday,No,Midday (9Am-4Pm),14:25:00,14:52:00,3,36,2,27,No,No,Moderate (50-80%),Clear,Vehicle Breakdown,120.00,3.7
TRP00355,15/06/2025,Sunday,Yes,Midday (9Am-4Pm),15:35:00,15:30:00,12,109,7,-5,Yes,No,  Moderate (50-80%)  ,Overcast,None,160.00,5.0
TRP00156,14/04/2025,Monday,No,Morning Peak (7-9Am),07:18:00,07:24:00,3,44,8,6,No,No,Full (80-100%),Overcast,Overloading Delay,162.00,3.3
TRP00047,15/02/2025,Saturday,Yes,Morning Peak (7-9Am),08:19:00,08:29:00,4,82,10,10,No,No,Full (80-100%),Heavy Rain,None,134.00,3.6
TRP00759,28/02/2025,Friday,No,Evening Peak (4-7Pm),17:35:00,17:45:00,2,54,5,10,No,No,Full (80-100%),Clear,Traffic Jam,127.00,4.0
TRP00698,10/01/2025,Friday,No,Midday (9Am-4Pm),13:51:00,13:50:00,1,25,5,-1,Yes,No,Overloaded (>100%),Clear,Traffic Jam,100.00,5.0
TRP02393,07/02/2025,Friday,No,Morning Peak (7-9Am),08:15:00,08:24:00,10,88,8,9,No,No,Moderate (50-80%),Light Rain,Police Checkpoint,95.00,3.1
TRP03303,05/07/2025,Saturday,Yes,Midday (9Am-4Pm),12:05:00,12:06:00,9,98,2,1,No,No,,Heavy Rain,Police Checkpoint,84.00,1.9
   ,10/05/2025,Saturday,Yes,Midday (9Am-4Pm),11:15:00,11:09:00,6,12,7,-6,Yes,No,Full (80-100%),Clear,None,100.00,2.5
TRP02888,19/05/2025,Monday,No,Midday (9Am-4Pm),14:04:00,14:10:00,9,68,6,6,No,No,Full (80-100%),Heavy Rain,None,89.00,1.1
TRP00703,12/07/2025,Saturday,Yes,Midday (9Am-4Pm),09:10:00,09:13:00,10,51,1,3,No,No,Full (80-100%),Clear,Overloading Delay,70.00,3.2
TRP03385,07/06/2025,Saturday,Yes,Evening Peak (4-7Pm),16:49:00,16:59:00,11,38,1,10,No,No,Moderate (50-80%),Clear,Road Accident Nearby,162.00,2.9
TRP01005,14/05/2025,Wednesday,No,Morning Peak (7-9Am),07:54:00,07:57:00,4,50,7,3,No,No,Overloaded (>100%),Overcast,None,105.00,2.8
TRP02641,07/08/2025,Thursday,No,Evening Peak (4-7Pm),18:15:00,18:22:00,9,14,2,7,No,No,Moderate (50-80%),Light Rain,Police Checkpoint,139.00,3.0
TRP02323,21/06/2025,Saturday,Yes,Morning Peak (7-9Am),07:53:00,08:07:00,3,72,1,14,No,No,Overloaded (>100%),Clear,Traffic Jam,185.00,3.7
TRP01361,01/03/2025,Saturday,Yes,Morning Peak (7-9Am),08:37:00,08:44:00,3,86,6,7,No,No,Moderate (50-80%),Light Rain,Overloading Delay,195.00,1.6
TRP00341,20/01/2025,Monday,No,Night (7-10Pm),21:12:00,21:08:00,12,22,6,-4,Yes,No,Low (<50%),Clear,None,160.00,4.8
TRP03301,10/01/2025,Friday,No,Midday (9Am-4Pm),13:06:00,13:24:00,9,93,10,18,No,No,Full (80-100%),Clear,Vehicle Breakdown,80.00,2.1
TRP01002,15/05/2025,Thursday,No,Evening Peak (4-7Pm),17:10:00,17:17:00,3,53,6,7,No,No,,Clear,Overloading Delay,188.00,2.6
TRP02387,15/06/2025,Sunday,Yes,Evening Peak (4-7Pm),18:39:00,19:12:00,4,73,11,33,No,No,Overloaded (>100%),,Vehicle Breakdown,,2.0
TRP02478,26/08/2025,Tuesday,No,Evening Peak (4-7Pm),18:54:00,19:05:00,12,50,6,11,No,No,Full (80-100%),Clear,Road Construction,247.00,2.3
TRP01664,03/03/2025,Monday,No,Evening Peak (4-7Pm),17:24:00,17:37:00,1,4,3,13,No,No,Full (80-100%),Clear,Overloading Delay,136.00,2.7
TRP02367,01/01/2025,Wednesday,No,Midday (9Am-4Pm),15:47:00,15:59:00,5,13,4,12,No,No,Low (<50%),Heavy Rain,None,80.00,3.4
TRP00956,09/07/2025,Wednesday,No,Midday (9Am-4Pm),10:10:00,10:12:00,12,109,11,2,No,No,,Clear,None,160.00,2.4
TRP03480,28/08/2025,Thursday,No,Midday (9Am-4Pm),11:26:00,11:37:00,12,9,11,11,No,No,Moderate (50-80%),Clear,Overloading Delay,160.00,2.6
TRP02740,22/04/2025,Tuesday,No,Early Morning (5-7Am),05:38:00,06:04:00,7,37,5,26,No,No,Full (80-100%),Light Rain,Road Accident Nearby,158.00,3.9
TRP00793,21/06/2025,Saturday,Yes,Midday (9Am-4Pm),10:03:00,10:04:00,5,52,5,1,No,No,Low (<50%),Clear,Traffic Jam,70.00,3.1
TRP01000,02/04/2025,Wednesday,No,Midday (9Am-4Pm),14:27:00,14:40:00,4,87,10,13,No,No,Full (80-100%),Clear,Road Construction,80.00,2.5
TRP01576,08/01/2025,Wednesday,No,Midday (9Am-4Pm),09:57:00,10:20:00,8,99,1,23,No,No,Low (<50%),Clear,Vehicle Breakdown,60.00,3.3
TRP01936,09/05/2025,Friday,No,Morning Peak (7-9Am),08:53:00,08:53:00,5,15,9,0,Yes,No,Full (80-100%),Clear,None,97.00,3.1
TRP00251,25/06/2025,Wednesday,No,Early Morning (5-7Am),05:02:00,05:05:00,8,52,2,3,No,No,Low (<50%),,,64.00,3.2
TRP02680,07/05/2025,Wednesday,No,Night (7-10Pm),20:37:00,20:41:00,5,99,1,4,No,No,Low (<50%),Clear,Police Checkpoint,70.00,
TRP00549,29/01/2025,Wednesday,No,Evening Peak (4-7Pm),18:57:00,19:16:00,3,19,2,19,No,No,Full (80-100%),Clear,Road Accident Nearby,159.00,
TRP01412,03/04/2025,Thursday,No,Evening Peak (4-7Pm),18:41:00,18:57:00,10,60,1,16,No,No,Moderate (50-80%),Light Rain,Police Checkpoint,120.00,2.5
TRP01295,21/04/2025,Monday,No,Night (7-10Pm),21:25:00,21:39:00,6,63,4,14,No,No,Moderate (50-80%),Heavy Rain,Traffic Jam,124.00,1.8
TRP02243,22/06/2025,Sunday,Yes,Early Morning (5-7Am),06:51:00,06:57:00,9,48,2,6,No,No,Low (<50%),Clear,Traffic Jam,80.00,2.7
TRP03109,27/05/2025,Tuesday,No,Midday (9Am-4Pm),11:31:00,11:33:00,3,62,,2,No,No,Full (80-100%),Clear,Overloading Delay,120.00,
TRP01263,28/02/2025,Friday,No,Early Morning (5-7Am),06:25:00,06:34:00,9,30,8,9,No,No,,Light Rain,Traffic Jam,97.00,2.6
TRP03357,07/08/2025,Thursday,No,Morning Peak (7-9Am),07:33:00,07:56:00,2,31,8,23,No,No,Moderate (50-80%),Light Rain,Road Construction,162.00,2.2
TRP02633,03/07/2025,Thursday,No,Evening Peak (4-7Pm),17:42:00,18:08:00,1,73,10,26,No,No,Moderate (50-80%),Clear,Road Accident Nearby,137.00,2.1
TRP02450,27/03/2025,Thursday,No,Night (7-10Pm),20:22:00,20:54:00,8,66,7,32,No,No,Moderate (50-80%),Heavy Rain,Road Accident Nearby,,2.8
TRP02188,01/05/2025,Thursday,No,Evening Peak (4-7Pm),16:40:00,16:43:00,11,103,7,3,No,No,Moderate (50-80%),Clear,None,170.00,4.9
TRP00813,10/02/2025,Monday,No,Early Morning (5-7Am),06:37:00,06:37:00,8,33,5,0,Yes,No,Full (80-100%),Clear,Overloading Delay,60.00,3.2
TRP00330,21/01/2025,Tuesday,No,Evening Peak (4-7Pm),17:17:00,17:17:00,2,62,10,0,Yes,No,Moderate (50-80%),,None,139.00,3.5
TRP01964,02/08/2025,Saturday,Yes,Evening Peak (4-7Pm),16:39:00,16:33:00,6,44,1,-6,Yes,No,Moderate (50-80%),Clear,None,110.00,3.0
TRP00216,20/06/2025,Friday,No,Early Morning (5-7Am),06:10:00,06:28:00,8,112,8,18,No,No,Moderate (50-80%),Light Rain,Vehicle Breakdown,71.00,2.1
TRP01237,05/02/2025,Wednesday,No,Midday (9Am-4Pm),09:13:00,09:14:00,9,101,5,1,No,No,Full (80-100%),Clear,Overloading Delay,126.00,5.0
TRP01121,14/04/2025,Monday,No,Night (7-10Pm),19:35:00,19:29:00,1,98,10,-6,Yes,No,Moderate (50-80%),Clear,None,100.00,
TRP02683,22/06/2025,Sunday,Yes,Morning Peak (7-9Am),08:14:00,08:18:00,9,9,2,4,No,No,Low (<50%),Light Rain,None,133.00,3.7
TRP02607,20/04/2025,Sunday,Yes,Evening Peak (4-7Pm),16:48:00,16:59:00,12,107,8,11,No,No,,Clear,None,188.00,1.8
TRP00953,20/05/2025,Tuesday,No,Morning Peak (7-9Am),08:17:00,08:26:00,10,56,7,9,No,No,Full (80-100%),Overcast,Police Checkpoint,111.00,2.3
TRP02067,12/02/2025,Wednesday,No,Morning Peak (7-9Am),07:49:00,07:55:00,3,43,8,6,No,No,Moderate (50-80%),Light Rain,None,176.00,3.1
TRP03062,26/02/2025,Wednesday,No,Evening Peak (4-7Pm),16:18:00,16:31:00,4,68,5,13,No,No,Moderate (50-80%),Clear,Traffic Jam,111.00,2.8
TRP00620,25/02/2025,Tuesday,No,Night (7-10Pm),21:10:00,21:25:00,7,86,7,15,No,No,Low (<50%),Heavy Rain,Overloading Delay,158.00,1.0
TRP01735,09/08/2025,Saturday,Yes,Morning Peak (7-9Am),08:55:00,08:57:00,9,7,2,2,No,No,Full (80-100%),Clear,None,109.00,3.5
TRP00201,06/07/2025,Sunday,Yes,Evening Peak (4-7Pm),18:06:00,18:13:00,9,105,9,7,No,No,Moderate (50-80%),Overcast,Police Checkpoint,120.00,
TRP01016,09/02/2025,Sunday,Yes,Midday (9Am-4Pm),11:46:00,11:46:00,8,86,11,0,Yes,No,Low (<50%),Clear,Road Construction,60.00,4.0
TRP03022,30/03/2025,Sunday,Yes,Night (7-10Pm),21:09:00,21:04:00,6,37,11,-5,Yes,No,Full (80-100%),Clear,None,100.00,4.1
TRP00741,11/03/2025,Tuesday,No,Early Morning (5-7Am),05:50:00,05:48:00,6,33,6,-2,Yes,No,Low (<50%),Clear,None,100.00,
TRP00007,29/07/2025,Tuesday,No,Midday (9Am-4Pm),15:18:00,15:29:00,7,50,8,11,No,No,Moderate (50-80%),Clear,Vehicle Breakdown,150.00,2.3
TRP00085,09/08/2025,Saturday,Yes,Midday (9Am-4Pm),14:57:00,14:56:00,8,58,10,-1,Yes,No,Moderate (50-80%),Clear,None,60.00,3.5
TRP00263,01/08/2025,Friday,No,Early Morning (5-7Am),06:40:00,06:38:00,5,31,5,-2,Yes,No,Full (80-100%),Overcast,None,70.00,3.0
TRP00215,12/06/2025,Thursday,No,Early Morning (5-7Am),05:47:00,06:04:00,10,115,1,17,No,No,Low (<50%),Clear,Road Accident Nearby,70.00,1.9
TRP01641,18/07/2025,Friday,No,Early Morning (5-7Am),05:28:00,05:27:00,2,99,2,-1,Yes,No,Low (<50%),Overcast,None,90.00,3.0
TRP02274,16/03/2025,Sunday,Yes,Morning Peak (7-9Am),07:00:00,07:15:00,3,5,,15,No,No,,Clear,Road Construction,169.00,3.0
TRP01943,31/01/2025,Friday,No,Morning Peak (7-9Am),07:46:00,07:50:00,9,30,8,4,No,No,Full (80-100%),Clear,None,106.00,2.3
TRP00223,19/01/2025,Sunday,Yes,Morning Peak (7-9Am),08:45:00,08:51:00,3,19,5,6,No,No,Full (80-100%),Clear,Overloading Delay,164.00,3.1
TRP01181,16/01/2025,Thursday,No,Evening Peak (4-7Pm),16:37:00,16:42:00,2,89,7,5,No,Yes,Moderate (50-80%),Clear,None,135.00,3.4
TRP03152,04/05/2025,Sunday,Yes,Morning Peak (7-9Am),08:54:00,09:00:00,6,7,7,6,No,No,Moderate (50-80%),Clear,Overloading Delay,116.00,2.4
TRP03261,21/01/2025,Tuesday,No,Morning Peak (7-9Am),08:39:00,08:49:00,5,117,5,10,No,No,Low (<50%),Light Rain,Overloading Delay,111.00,
TRP03145,14/05/2025,Wednesday,No,Early Morning (5-7Am),05:15:00,05:31:00,4,111,2,16,No,No,,Light Rain,Road Accident Nearby,98.00,1.3
TRP02671,14/04/2025,Monday,No,Midday (9Am-4Pm),15:40:00,16:05:00,1,34,4,25,No,No,Low (<50%),Clear,Vehicle Breakdown,100.00,1.7
TRP00568,09/06/2025,Monday,No,Evening Peak (4-7Pm),16:01:00,16:04:00,1,60,7,3,No,No,Overloaded (>100%),Heavy Rain,None,159.00,4.9
TRP01528,09/01/2025,Thursday,No,Morning Peak (7-9Am),08:47:00,08:57:00,11,64,4,10,No,No,Low (<50%),Overcast,Road Construction,144.00,3.3
TRP02586,01/02/2025,Saturday,Yes,Evening Peak (4-7Pm),18:03:00,18:02:00,9,9,8,-1,Yes,No,Full (80-100%),Clear,None,88.00,
TRP02487,17/08/2025,Sunday,Yes,Midday (9Am-4Pm),10:27:00,10:26:00,7,55,6,-1,Yes,No,Full (80-100%),Overcast,Police Checkpoint,150.00,3.8
TRP00167,20/05/2025,Tuesday,No,Night (7-10Pm),21:03:00,21:17:00,9,107,2,14,No,No,Full (80-100%),Light Rain,,94.00,2.9
TRP02972,28/05/2025,Wednesday,No,Evening Peak (4-7Pm),18:43:00,18:56:00,9,10,2,13,No,No,Moderate (50-80%),Light Rain,,133.00,2.4
TRP00293,28/04/2025,Monday,No,Midday (9Am-4Pm),12:37:00,12:35:00,3,16,7,-2,Yes,No,,Clear,None,120.00,4.7
TRP00135,21/04/2025,Monday,No,Evening Peak (4-7Pm),18:13:00,18:38:00,7,113,5,25,No,No,Full (80-100%),Clear,Vehicle Breakdown,230.00,1.7
TRP00266,12/02/2025,Wednesday,No,Midday (9Am-4Pm),13:07:00,13:09:00,2,110,4,2,No,No,Low (<50%),Clear,None,90.00,3.7
TRP02446,06/05/2025,Tuesday,No,Early Morning (5-7Am),06:31:00,06:27:00,7,74,5,-4,Yes,No,Full (80-100%),,None,150.00,5.0
TRP00092,06/08/2025,Wednesday,No,Night (7-10Pm),20:15:00,20:29:00,9,42,5,14,No,No,Moderate (50-80%),Heavy Rain,,89.00,2.8
TRP01294,18/07/2025,Friday,No,Night (7-10Pm),21:34:00,21:51:00,10,54,3,17,No,No,Low (<50%),Clear,Road Accident Nearby,70.00,2.8
TRP01191,20/04/2025,Sunday,Yes,Midday (9Am-4Pm),09:57:00,09:58:00,11,103,9,1,No,No,Overloaded (>100%),Light Rain,None,121.00,5.0
TRP03126,18/02/2025,Tuesday,No,Midday (9Am-4Pm),12:00:00,12:17:00,1,58,11,17,No,No,Low (<50%),Clear,Vehicle Breakdown,100.00,3.1
TRP03479,30/01/2025,Thursday,No,Midday (9Am-4Pm),11:52:00,11:57:00,7,2,11,5,No,No,Low (<50%),Overcast,None,150.00,1.0
TRP01311,08/03/2025,Saturday,Yes,Evening Peak (4-7Pm),18:33:00,18:41:00,8,41,3,8,No,No,Moderate (50-80%),Clear,Overloading Delay,84.00,3.4
TRP02876,20/01/2025,Monday,No,Morning Peak (7-9Am),07:32:00,07:38:00,3,80,9,6,No,No,Low (<50%),Clear,None,,1.4
TRP02060,11/08/2025,Monday,No,Evening Peak (4-7Pm),17:55:00,18:25:00,12,24,10,30,No,No,Full (80-100%),Clear,Vehicle Breakdown,223.00,
TRP01306,05/08/2025,Tuesday,No,Midday (9Am-4Pm),15:35:00,15:32:00,9,120,1,-3,Yes,No,,Clear,None,,3.1
TRP03465,03/05/2025,Saturday,Yes,Morning Peak (7-9Am),08:17:00,08:20:00,8,59,1,3,No,No,Low (<50%),Clear,None,73.00,2.8
TRP00165,09/02/2025,Sunday,Yes,Midday (9Am-4Pm),15:46:00,16:08:00,9,45,1,22,No,No,Low (<50%),Clear,Vehicle Breakdown,80.00,3.3
TRP02084,12/04/2025,Saturday,Yes,Evening Peak (4-7Pm),16:51:00,17:02:00,7,66,9,11,No,No,Low (<50%),Light Rain,Road Construction,,2.5
TRP02051,29/07/2025,Tuesday,No,Early Morning (5-7Am),06:50:00,07:00:00,8,94,,10,No,No,Full (80-100%),Light Rain,Police Checkpoint,68.00,3.6
TRP03364,06/07/2025,Sunday,Yes,Midday (9Am-4Pm),15:09:00,15:03:00,4,58,9,-6,Yes,No,Moderate (50-80%),Clear,None,80.00,2.2
TRP00702,05/02/2025,Wednesday,No,Early Morning (5-7Am),06:45:00,06:49:00,5,1,9,4,No,No,Low (<50%),Overcast,Traffic Jam,70.00,4.4
TRP03394,11/05/2025,Sunday,Yes,Midday (9Am-4Pm),15:36:00,15:31:00,12,118,10,-5,Yes,No,,Clear,None,160.00,4.6
TRP02745,16/03/2025,Sunday,Yes,Midday (9Am-4Pm),10:05:00,10:00:00,8,64,,-5,Yes,No,Full (80-100%),Clear,None,60.00,3.5
TRP00151,28/06/2025,Saturday,Yes,Morning Peak (7-9Am),08:22:00,08:38:00,4,19,2,16,No,No,Low (<50%),Clear,Vehicle Breakdown,113.00,1.0
TRP02922,01/01/2025,Wednesday,No,Evening Peak (4-7Pm),17:43:00,17:52:00,11,30,1,9,No,No,Moderate (50-80%),Clear,Road Construction,,
TRP03352,20/08/2025,Wednesday,No,Morning Peak (7-9Am),07:02:00,07:29:00,9,88,10,27,No,No,  Moderate (50-80%)  ,Light Rain,Traffic Jam,,2.7
TRP02489,23/04/2025,Wednesday,No,Midday (9Am-4Pm),11:47:00,11:51:00,1,116,9,4,No,No,Full (80-100%),,Overloading Delay,100.00,4.6
TRP02839,08/08/2025,Friday,No,Morning Peak (7-9Am),07:24:00,07:41:00,10,62,,17,No,No,  Overloaded (>100%)  ,Clear,Road Accident Nearby,105.00,3.3
TRP01730,15/02/2025,Saturday,Yes,Midday (9Am-4Pm),12:13:00,12:15:00,7,28,6,2,No,No,Moderate (50-80%),Overcast,None,150.00,3.2
TRP03212,18/06/2025,Wednesday,No,Evening Peak (4-7Pm),17:24:00,17:21:00,2,23,11,-3,Yes,No,Full (80-100%),Clear,None,126.00,3.3
TRP03008,09/08/2025,Saturday,Yes,Midday (9Am-4Pm),10:28:00,10:27:00,1,71,5,-1,Yes,No,Moderate (50-80%),,None,100.00,3.1
TRP01171,20/07/2025,Sunday,Yes,Midday (9Am-4Pm),11:27:00,11:24:00,10,13,7,-3,Yes,No,Full (80-100%),Clear,None,70.00,4.1
TRP00497,03/07/2025,Thursday,No,Morning Peak (7-9Am),07:16:00,07:21:00,8,56,4,5,No,No,Moderate (50-80%),Clear,None,91.00,1.5
TRP01811,01/04/2025,Tuesday,No,Midday (9Am-4Pm),09:27:00,09:40:00,10,9,8,13,No,No,Overloaded (>100%),Light Rain,Traffic Jam,79.00,2.6
TRP01415,12/02/2025,Wednesday,No,Evening Peak (4-7Pm),17:52:00,18:19:00,7,4,8,27,No,No,Full (80-100%),Clear,Vehicle Breakdown,176.00,2.4
TRP03002,07/06/2025,Saturday,Yes,Midday (9Am-4Pm),14:06:00,14:23:00,1,87,8,17,No,No,Moderate (50-80%),Clear,Road Accident Nearby,100.00,2.1
TRP02880,13/02/2025,Thursday,No,Morning Peak (7-9Am),08:03:00,08:35:00,12,58,5,32,No,No,Overloaded (>100%),Heavy Rain,Traffic Jam,232.00,1.4
TRP01557,31/03/2025,Monday,No,Evening Peak (4-7Pm),18:51:00,18:48:00,5,44,1,-3,Yes,No,Overloaded (>100%),Clear,Traffic Jam,,3.3
TRP03055,31/07/2025,Thursday,No,Night (7-10Pm),19:53:00,20:07:00,6,81,2,14,No,No,Low (<50%),Clear,Traffic Jam,100.00,2.8
TRP02413,08/08/2025,Friday,No,Midday (9Am-4Pm),09:28:00,09:30:00,6,86,10,2,No,No,Moderate (50-80%),Clear,None,,4.5
TRP00917,05/08/2025,Thursday,No,Evening Peak (4-7Pm),18:06:00,18:16:00,4,34,2,10,No,No,Overloaded (>100%),Clear,None,120.00,
TRP02817,20/08/2025,Wednesday,No,Morning Peak (7-9Am),08:36:00,08:40:00,3,96,4,4,No,No,Moderate (50-80%),Clear,Police Checkpoint,171.00,4.2
TRP02867,23/04/2025,Wednesday,No,Morning Peak (7-9Am),08:20:00,08:34:00,2,80,4,14,No,No,Moderate (50-80%),Clear,Road Accident Nearby,125.00,1.9
TRP01725,25/02/2025,Tuesday,No,Morning Peak (7-9Am),07:40:00,08:01:00,11,23,,21,No,No,Full (80-100%),Heavy Rain,Road Accident Nearby,182.00,2.7
TRP03186,05/04/2025,Saturday,Yes,Night (7-10Pm),20:01:00,20:02:00,3,47,10,1,No,No,Low (<50%),Overcast,None,120.00,2.8
TRP01632,29/05/2025,Thursday,No,Midday (9Am-4Pm),12:02:00,12:19:00,2,114,11,17,No,No,,Clear,Road Accident Nearby,90.00,1.5
TRP01592,07/08/2025,Thursday,No,Early Morning (5-7Am),06:34:00,06:40:00,7,74,4,6,No,No,Low (<50%),Clear,None,150.00,2.0
TRP02808,15/02/2025,Saturday,Yes,Midday (9Am-4Pm),14:30:00,14:52:00,8,111,10,22,No,No,Low (<50%),Heavy Rain,Road Accident Nearby,69.00,2.5
TRP02791,01/03/2025,Saturday,Yes,Midday (9Am-4Pm),09:08:00,09:10:00,6,45,5,2,No,No,Full (80-100%),Clear,Overloading Delay,100.00,4.5
TRP03133,24/05/2025,Saturday,Yes,Midday (9Am-4Pm),11:38:00,11:37:00,6,95,10,-1,Yes,No,Overloaded (>100%),,Overloading Delay,127.00,3.6
TRP01809,28/03/2025,Friday,No,Night (7-10Pm),21:52:00,21:53:00,2,76,1,1,No,No,Full (80-100%),Clear,None,90.00,3.9
TRP02733,21/08/2025,Thursday,No,Morning Peak (7-9Am),08:49:00,09:07:00,12,65,8,18,No,No,Full (80-100%),Clear,None,178.00,2.7
TRP03066,15/05/2025,Thursday,No,Evening Peak (4-7Pm),18:02:00,18:15:00,11,69,11,13,No,No,Moderate (50-80%),Clear,None,145.00,3.7
TRP02965,15/08/2025,Friday,No,Morning Peak (7-9Am),08:29:00,08:52:00,3,54,4,23,No,No,Moderate (50-80%),Overcast,Road Accident Nearby,145.00,2.7
TRP02368,16/02/2025,Sunday,Yes,Evening Peak (4-7Pm),18:08:00,18:18:00,3,16,2,10,No,No,Overloaded (>100%),,Road Construction,161.00,2.0
TRP02612,22/03/2025,Saturday,Yes,Morning Peak (7-9Am),07:22:00,07:16:00,10,61,8,-6,Yes,No,Moderate (50-80%),Overcast,None,93.00,3.1
TRP02043,09/02/2025,Sunday,Yes,Midday (9Am-4Pm),14:05:00,14:11:00,5,57,3,6,No,No,Low (<50%),Clear,Road Construction,70.00,3.1
TRP02845,17/03/2025,Monday,No,Midday (9Am-4Pm),09:54:00,10:07:00,8,31,1,13,No,No,Moderate (50-80%),Clear,Traffic Jam,60.00,2.2
TRP00860,20/03/2025,Thursday,No,Evening Peak (4-7Pm),16:21:00,16:28:00,12,56,1,7,No,No,Full (80-100%),Overcast,None,188.00,2.6
TRP01001,02/08/2025,Saturday,Yes,Midday (9Am-4Pm),15:14:00,15:10:00,10,32,1,-4,Yes,No,Moderate (50-80%),Overcast,None,70.00,
TRP01615,30/01/2025,Thursday,No,Midday (9Am-4Pm),12:52:00,12:57:00,5,33,1,5,No,No,Moderate (50-80%),Overcast,None,70.00,
TRP00041,20/04/2025,Sunday,Yes,Midday (9Am-4Pm),14:47:00,14:43:00,2,46,9,-4,Yes,No,Full (80-100%),Clear,None,90.00,4.3
TRP01029,05/04/2025,Saturday,Yes,Morning Peak (7-9Am),07:56:00,08:14:00,10,60,11,18,No,No,Low (<50%),Clear,Traffic Jam,95.00,2.7
TRP01359,24/06/2025,Tuesday,No,Evening Peak (4-7Pm),17:36:00,17:39:00,8,54,9,3,No,No,Full (80-100%),Clear,None,95.00,1.9
TRP02591,18/06/2025,Wednesday,No,Midday (9Am-4Pm),12:45:00,12:55:00,1,103,10,10,No,No,Full (80-100%),Clear,Vehicle Breakdown,100.00,2.5
TRP01236,12/05/2025,Monday,No,Early Morning (5-7Am),06:52:00,07:09:00,12,47,2,17,No,No,Low (<50%),Light Rain,Road Accident Nearby,204.00,2.4
TRP01205,31/03/2025,Monday,No,Midday (9Am-4Pm),10:29:00,10:39:00,12,103,5,10,No,No,Moderate (50-80%),Clear,Traffic Jam,160.00,1.7
TRP02224,17/04/2025,Thursday,No,Midday (9Am-4Pm),14:03:00,14:06:00,9,109,9,3,No,No,Moderate (50-80%),Overcast,None,80.00,
TRP01404,02/02/2025,Sunday,Yes,Evening Peak (4-7Pm),16:59:00,17:32:00,8,98,11,33,No,No,Full (80-100%),Light Rain,Road Accident Nearby,110.00,2.1
TRP00291,22/06/2025,Sunday,Yes,Midday (9Am-4Pm),13:30:00,13:24:00,4,13,4,-6,Yes,No,,Clear,Police Checkpoint,80.00,2.4
TRP03087,24/06/2025,Tuesday,No,Evening Peak (4-7Pm),18:05:00,18:33:00,12,101,9,28,No,No,Full (80-100%),Light Rain,Vehicle Breakdown,323.00,3.1
TRP02434,05/04/2025,Saturday,Yes,Morning Peak (7-9Am),08:49:00,08:49:00,8,63,10,0,Yes,No,Full (80-100%),Clear,Police Checkpoint,71.00,4.4
TRP02979,26/04/2025,Saturday,Yes,Evening Peak (4-7Pm),16:33:00,16:37:00,5,106,10,4,No,No,Moderate (50-80%),Clear,Overloading Delay,110.00,5.0
TRP01161,19/05/2025,Monday,No,Evening Peak (4-7Pm),17:37:00,17:58:00,12,115,2,21,No,No,Full (80-100%),Heavy Rain,None,235.00,
TRP02577,09/05/2025,Friday,No,Morning Peak (7-9Am),08:16:00,08:26:00,11,29,9,10,No,No,Moderate (50-80%),Heavy Rain,None,132.00,1.0
TRP02311,02/06/2025,Monday,No,Midday (9Am-4Pm),13:43:00,13:57:00,12,84,8,14,No,No,Low (<50%),Overcast,Road Accident Nearby,160.00,
TRP01038,28/02/2025,Friday,No,Midday (9Am-4Pm),11:08:00,11:17:00,11,84,10,9,No,No,,Clear,,110.00,1.0
TRP01502,14/07/2025,Monday,No,Night (7-10Pm),20:13:00,20:09:00,5,44,8,-4,Yes,No,Low (<50%),,None,70.00,3.9
TRP00827,03/05/2025,Saturday,Yes,Early Morning (5-7Am),06:53:00,07:03:00,5,9,6,10,No,No,Moderate (50-80%),Clear,Vehicle Breakdown,70.00,2.0
TRP01655,26/02/2025,Wednesday,No,Midday (9Am-4Pm),15:16:00,15:31:00,3,108,11,15,No,No,Moderate (50-80%),Heavy Rain,None,,2.5
TRP02103,12/02/2025,Wednesday,No,Evening Peak (4-7Pm),18:52:00,19:06:00,9,78,4,14,No,No,Overloaded (>100%),Clear,Traffic Jam,114.00,4.0
TRP01661,11/06/2025,Wednesday,No,Morning Peak (7-9Am),07:27:00,07:34:00,5,91,11,7,No,No,Moderate (50-80%),Clear,None,99.00,3.0
TRP02041,22/07/2025,Tuesday,No,Morning Peak (7-9Am),07:02:00,07:08:00,4,69,2,6,No,No,Moderate (50-80%),Clear,Vehicle Breakdown,91.00,
TRP01008,18/05/2025,Sunday,Yes,Midday (9Am-4Pm),10:34:00,10:28:00,1,14,9,-6,Yes,No,Moderate (50-80%),Clear,None,100.00,2.4
TRP00553,21/05/2025,Wednesday,No,Midday (9Am-4Pm),09:40:00,09:41:00,8,5,11,1,No,No,Full (80-100%),Clear,None,60.00,3.4
TRP02981,12/01/2025,Sunday,Yes,Morning Peak (7-9Am),07:54:00,08:00:00,4,116,9,6,No,No,Moderate (50-80%),Overcast,Traffic Jam,88.00,2.2
TRP02377,04/06/2025,Wednesday,No,Evening Peak (4-7Pm),17:18:00,17:24:00,1,68,10,6,No,No,Overloaded (>100%),Clear,Police Checkpoint,123.00,2.7
TRP03390,16/08/2025,Saturday,Yes,Evening Peak (4-7Pm),16:42:00,17:02:00,2,93,6,20,No,No,Moderate (50-80%),Clear,Road Accident Nearby,130.00,3.3
TRP03407,22/06/2025,Sunday,Yes,Night (7-10Pm),19:02:00,18:57:00,4,80,7,-5,Yes,No,Low (<50%),Clear,Overloading Delay,80.00,4.4
TRP02460,15/08/2025,Friday,No,Morning Peak (7-9Am),07:03:00,07:28:00,6,110,9,25,No,No,Overloaded (>100%),Clear,Vehicle Breakdown,123.00,2.3
TRP03003,16/07/2025,Wednesday,No,Evening Peak (4-7Pm),18:53:00,19:01:00,7,6,6,8,No,No,Overloaded (>100%),Overcast,None,202.00,4.0
TRP00804,14/03/2025,Friday,No,Evening Peak (4-7Pm),17:20:00,17:29:00,5,18,4,9,No,No,Full (80-100%),Clear,Road Construction,84.00,3.0
TRP02606,28/05/2025,Wednesday,No,Midday (9Am-4Pm),11:29:00,11:29:00,10,63,3,0,Yes,No,Moderate (50-80%),Clear,Police Checkpoint,70.00,4.7
TRP01271,28/07/2025,Monday,No,Midday (9Am-4Pm),12:31:00,12:57:00,12,10,9,26,No,No,,Light Rain,Vehicle Breakdown,171.00,1.3
TRP01122,15/01/2025,Wednesday,No,Evening Peak (4-7Pm),17:38:00,17:42:00,6,8,,4,No,No,Full (80-100%),Light Rain,None,160.00,4.8
TRP01955,25/03/2025,Tuesday,No,Evening Peak (4-7Pm),16:27:00,16:23:00,6,35,8,-4,Yes,No,Overloaded (>100%),Clear,None,110.00,2.9
TRP03136,05/04/2025,Saturday,Yes,Night (7-10Pm),20:12:00,20:49:00,4,43,9,37,No,No,,Heavy Rain,Road Accident Nearby,84.00,3.1
TRP01684,29/06/2025,Sunday,Yes,Night (7-10Pm),21:42:00,21:40:00,11,39,9,-2,Yes,No,Overloaded (>100%),Clear,Overloading Delay,110.00,4.6
TRP00049,18/06/2025,Wednesday,No,Midday (9Am-4Pm),09:58:00,10:05:00,3,47,9,7,No,No,Moderate (50-80%),Clear,Police Checkpoint,120.00,4.0
TRP00971,08/06/2025,Sunday,Yes,Night (7-10Pm),21:08:00,21:08:00,12,112,5,0,Yes,No,Moderate (50-80%),Light Rain,Police Checkpoint,198.00,4.1
TRP00421,24/06/2025,Tuesday,No,Midday (9Am-4Pm),10:21:00,10:38:00,11,57,8,17,No,No,Moderate (50-80%),Clear,Vehicle Breakdown,110.00,3.0
TRP02950,15/06/2025,Sunday,Yes,Evening Peak (4-7Pm),17:45:00,17:58:00,1,23,5,13,No,No,Moderate (50-80%),Clear,Road Construction,141.00,2.1
TRP02185,24/05/2025,Saturday,Yes,Morning Peak (7-9Am),08:15:00,08:26:00,3,81,10,11,No,No,Overloaded (>100%),Light Rain,Traffic Jam,205.00,2.4
TRP01700,24/02/2025,Monday,No,Morning Peak (7-9Am),07:43:00,08:00:00,2,82,1,17,No,No,Overloaded (>100%),Light Rain,Road Construction,137.00,1.4
TRP02793,12/07/2025,Saturday,Yes,Morning Peak (7-9Am),07:01:00,07:03:00,4,57,4,2,No,No,Moderate (50-80%),Clear,None,114.00,4.1
TRP02650,06/02/2025,Thursday,No,Early Morning (5-7Am),05:33:00,05:29:00,8,3,4,-4,Yes,No,Low (<50%),,None,60.00,3.6
TRP01367,06/05/2025,Tuesday,No,Midday (9Am-4Pm),10:37:00,11:07:00,10,44,4,30,No,No,Moderate (50-80%),Light Rain,Vehicle Breakdown,76.00,2.9
TRP00466,22/01/2025,Wednesday,No,Evening Peak (4-7Pm),18:44:00,18:57:00,3,118,9,13,No,No,Full (80-100%),,None,184.00,2.9
TRP00283,17/03/2025,Monday,No,Morning Peak (7-9Am),07:31:00,07:36:00,7,19,10,5,No,No,Moderate (50-80%),Clear,None,214.00,1.7
TRP00596,15/04/2025,Tuesday,No,Midday (9Am-4Pm),11:50:00,11:53:00,11,47,1,3,No,No,Full (80-100%),Clear,None,110.00,4.9
TRP03376,13/02/2025,Thursday,No,Morning Peak (7-9Am),08:13:00,08:35:00,6,114,4,22,No,No,Full (80-100%),Clear,Vehicle Breakdown,111.00,2.4
TRP02314,27/07/2025,Sunday,Yes,Evening Peak (4-7Pm),17:02:00,17:17:00,10,65,7,15,No,No,Moderate (50-80%),Clear,Road Accident Nearby,77.00,2.7
TRP00719,18/02/2025,Tuesday,No,Morning Peak (7-9Am),07:52:00,08:19:00,12,38,6,27,No,No,Moderate (50-80%),Heavy Rain,Traffic Jam,313.00,3.9
TRP02727,29/04/2025,Tuesday,No,Early Morning (5-7Am),06:13:00,06:23:00,2,75,11,10,No,No,Low (<50%),,Traffic Jam,,1.8
TRP01621,03/04/2025,Thursday,No,Night (7-10Pm),19:40:00,19:43:00,4,58,7,3,No,No,Low (<50%),Clear,Police Checkpoint,80.00,5.0
TRP00944,01/11/2025,Saturday,Yes,Midday (9Am-4Pm),10:37:00,10:32:00,4,50,1,-5,Yes,No,Low (<50%),Clear,None,80.00,2.6
TRP02878,22/02/2025,Saturday,Yes,Midday (9Am-4Pm),10:14:00,10:08:00,8,1,6,-6,Yes,No,Moderate (50-80%),Clear,,60.00,
TRP02216,08/07/2025,Tuesday,No,Midday (9Am-4Pm),13:53:00,13:50:00,8,16,6,-3,Yes,No,Low (<50%),Clear,None,60.00,3.7
TRP01134,22/02/2025,Saturday,Yes,Early Morning (5-7Am),05:28:00,05:22:00,3,11,7,-6,Yes,No,Moderate (50-80%),Overcast,None,120.00,
TRP00211,11/05/2025,Sunday,Yes,Evening Peak (4-7Pm),17:20:00,17:27:00,3,68,9,7,No,No,Moderate (50-80%),Clear,Road Construction,162.00,
TRP02794,28/06/2025,Saturday,Yes,Night (7-10Pm),19:39:00,19:33:00,8,27,8,-6,Yes,No,Low (<50%),Clear,None,60.00,1.6
TRP02871,14/03/2025,Friday,No,Morning Peak (7-9Am),08:06:00,08:10:00,1,32,1,4,No,No,Low (<50%),Clear,None,128.00,4.5
TRP00979,30/05/2025,Friday,No,Evening Peak (4-7Pm),18:39:00,18:45:00,1,65,2,6,No,No,Overloaded (>100%),,Traffic Jam,140.00,2.5
TRP01868,26/02/2025,Wednesday,No,Morning Peak (7-9Am),08:24:00,08:35:00,5,7,2,11,No,No,Full (80-100%),Clear,None,103.00,
TRP01701,23/08/2025,Saturday,Yes,Midday (9Am-4Pm),10:30:00,10:24:00,6,95,4,-6,Yes,No,Low (<50%),Clear,None,100.00,1.7
TRP00833,11/05/2025,Sunday,Yes,Midday (9Am-4Pm),13:54:00,13:58:00,1,106,11,4,No,No,Moderate (50-80%),Clear,Overloading Delay,100.00,3.7
TRP00318,02/04/2025,Wednesday,No,Midday (9Am-4Pm),09:23:00,09:21:00,3,116,5,-2,Yes,No,Moderate (50-80%),Clear,None,120.00,3.1
TRP01805,16/02/2025,Sunday,Yes,Midday (9Am-4Pm),11:56:00,11:53:00,11,97,,-3,Yes,No,,Overcast,None,110.00,3.0
TRP01986,19/05/2025,Monday,No,Morning Peak (7-9Am),07:28:00,07:34:00,4,21,11,6,No,No,Moderate (50-80%),Clear,None,98.00,2.5
TRP01011,28/01/2025,Tuesday,No,Morning Peak (7-9Am),07:32:00,07:45:00,10,12,6,13,No,No,Full (80-100%),Clear,Road Accident Nearby,102.00,2.7
TRP00898,11/08/2025,Monday,No,Morning Peak (7-9Am),07:46:00,07:56:00,4,68,11,10,No,No,Low (<50%),Overcast,Road Construction,92.00,1.0
TRP02958,27/01/2025,Monday,No,Evening Peak (4-7Pm),18:20:00,18:25:00,2,99,9,5,No,No,Moderate (50-80%),Clear,None,108.00,1.0
TRP02587,26/07/2025,Saturday,Yes,Morning Peak (7-9Am),08:41:00,08:52:00,11,72,4,11,No,No,Moderate (50-80%),Clear,Traffic Jam,165.00,2.0
TRP00125,19/04/2025,Saturday,Yes,Early Morning (5-7Am),05:52:00,05:58:00,11,87,7,6,No,No,Moderate (50-80%),,Traffic Jam,110.00,1.9
TRP01523,28/04/2025,Monday,No,Evening Peak (4-7Pm),16:03:00,16:14:00,7,119,8,11,No,No,Full (80-100%),Clear,Traffic Jam,182.00,2.9
TRP00861,28/02/2025,Friday,No,Evening Peak (4-7Pm),16:28:00,16:45:00,6,2,7,17,No,No,,Clear,Traffic Jam,155.00,3.8
TRP00302,29/03/2025,Saturday,Yes,Midday (9Am-4Pm),10:18:00,10:17:00,5,80,1,-1,Yes,No,Low (<50%),Clear,Overloading Delay,70.00,3.2
TRP00063,15/01/2025,Wednesday,No,Night (7-10Pm),19:14:00,19:30:00,11,25,4,16,No,No,Full (80-100%),Clear,,110.00,3.1
TRP02755,10/02/2025,Monday,No,Morning Peak (7-9Am),08:25:00,08:28:00,3,87,9,3,No,No,Overloaded (>100%),Light Rain,Overloading Delay,240.00,4.0
TRP00593,09/08/2025,Saturday,Yes,Early Morning (5-7Am),05:34:00,05:56:00,4,73,11,22,No,No,Low (<50%),Heavy Rain,Road Accident Nearby,102.00,3.5
TRP01812,28/07/2025,Monday,No,Morning Peak (7-9Am),07:21:00,07:31:00,4,96,4,10,No,No,Full (80-100%),Light Rain,Police Checkpoint,116.00,2.1
TRP01650,09/06/2025,Monday,No,Morning Peak (7-9Am),07:20:00,07:34:00,7,39,4,14,No,No,Moderate (50-80%),Light Rain,Vehicle Breakdown,243.00,3.4
TRP02600,15/01/2025,Wednesday,No,Midday (9Am-4Pm),11:46:00,11:59:00,3,39,8,13,No,No,Moderate (50-80%),Light Rain,Road Construction,154.00,4.3
TRP00583,02/06/2025,Monday,No,Night (7-10Pm),21:30:00,21:42:00,8,111,8,12,No,No,Full (80-100%),Clear,Traffic Jam,60.00,2.6
TRP00762,31/01/2025,Friday,No,Evening Peak (4-7Pm),16:42:00,16:51:00,2,120,11,9,No,No,,Overcast,None,129.00,1.4
TRP00454,28/07/2025,Monday,No,Midday (9Am-4Pm),09:06:00,09:28:00,9,65,11,22,No,No,Full (80-100%),Heavy Rain,Road Construction,84.00,3.5
TRP02462,01/02/2025,Saturday,Yes,Midday (9Am-4Pm),10:57:00,11:22:00,9,90,9,25,No,No,Moderate (50-80%),Heavy Rain,Vehicle Breakdown,100.00,1.5
TRP01611,02/07/2025,Wednesday,No,Morning Peak (7-9Am),08:14:00,08:38:00,4,29,9,24,No,No,Moderate (50-80%),Clear,Vehicle Breakdown,117.00,3.0
TRP00697,08/01/2025,Wednesday,No,Morning Peak (7-9Am),08:17:00,08:52:00,1,20,10,35,No,No,,Light Rain,Vehicle Breakdown,142.00,2.1
TRP00470,07/04/2025,Monday,No,Morning Peak (7-9Am),07:30:00,07:33:00,7,76,5,3,No,No,Full (80-100%),Clear,None,182.00,3.5
TRP02148,01/08/2025,Friday,No,Evening Peak (4-7Pm),16:31:00,16:34:00,5,60,10,3,No,No,Moderate (50-80%),Clear,Police Checkpoint,96.00,7.0
TRP01117,08/08/2025,Friday,No,Night (7-10Pm),21:57:00,21:56:00,6,47,10,-1,Yes,No,Full (80-100%),Clear,None,100.00,2.7
TRP03054,16/01/2025,Thursday,No,Evening Peak (4-7Pm),18:09:00,18:14:00,10,93,1,5,No,No,Overloaded (>100%),Clear,None,110.00,3.0
TRP03338,08/08/2025,Friday,No,Morning Peak (7-9Am),07:07:00,07:19:00,10,59,3,12,No,Yes,Low (<50%),Light Rain,Traffic Jam,110.00,3.5
TRP02944,11/06/2025,Wednesday,No,Midday (9Am-4Pm),13:55:00,13:59:00,11,37,4,4,No,No,Low (<50%),Clear,Police Checkpoint,110.00,2.6
TRP02956,12/06/2025,Thursday,No,Night (7-10Pm),21:36:00,21:35:00,5,55,10,-1,Yes,No,Overloaded (>100%),Clear,None,70.00,4.0
TRP01710,05/04/2025,Saturday,Yes,Morning Peak (7-9Am),08:18:00,08:24:00,1,90,6,6,No,No,Low (<50%),,Police Checkpoint,141.00,2.8
TRP01296,24/08/2025,Sunday,Yes,Midday (9Am-4Pm),13:57:00,14:05:00,2,11,8,8,No,No,Moderate (50-80%),Clear,Road Accident Nearby,90.00,2.3
TRP00572,01/05/2025,Thursday,No,Evening Peak (4-7Pm),18:42:00,19:07:00,12,28,7,25,No,No,Full (80-100%),Clear,Vehicle Breakdown,215.00,2.5
TRP03309,09/06/2025,Monday,No,Evening Peak (4-7Pm),18:17:00,18:47:00,1,75,4,30,No,No,Full (80-100%),Light Rain,Road Accident Nearby,134.00,2.5
TRP00338,28/04/2025,Monday,No,Morning Peak (7-9Am),07:35:00,07:32:00,2,70,9,-3,Yes,No,Moderate (50-80%),Light Rain,None,133.00,4.0
TRP01583,29/05/2025,Thursday,No,Midday (9Am-4Pm),09:26:00,09:25:00,11,59,1,-1,Yes,No,Low (<50%),Light Rain,None,121.00,4.4
TRP03117,16/02/2025,Sunday,Yes,Midday (9Am-4Pm),14:25:00,14:21:00,4,50,5,-4,Yes,No,Moderate (50-80%),Clear,None,80.00,5.0
TRP02984,05/03/2025,Wednesday,No,Night (7-10Pm),19:34:00,19:34:00,11,29,8,0,Yes,No,Full (80-100%),,None,116.00,3.5
TRP00054,30/04/2025,Wednesday,No,Evening Peak (4-7Pm),18:05:00,18:27:00,8,115,,22,No,No,Full (80-100%),Clear,Road Accident Nearby,71.00,2.4
TRP01707,22/06/2025,Sunday,Yes,Midday (9Am-4Pm),10:22:00,10:32:00,5,111,6,10,No,No,Full (80-100%),Heavy Rain,Road Accident Nearby,90.00,2.8
TRP03105,04/04/2025,Friday,No,Morning Peak (7-9Am),07:27:00,07:30:00,4,87,9,3,No,No,Moderate (50-80%),Light Rain,None,110.00,5.0
TRP02759,24/08/2025,Sunday,Yes,Night (7-10Pm),21:42:00,21:37:00,4,111,11,-5,Yes,No,Moderate (50-80%),Clear,Police Checkpoint,80.00,3.2
TRP03451,18/07/2025,Friday,No,Midday (9Am-4Pm),12:17:00,12:11:00,7,16,9,-6,Yes,No,Moderate (50-80%),Clear,None,150.00,1.9
TRP03494,17/02/2025,Monday,No,Morning Peak (7-9Am),07:09:00,07:13:00,4,17,2,4,No,No,Full (80-100%),Clear,Overloading Delay,92.00,3.9
TRP00546,24/02/2025,Monday,No,Night (7-10Pm),21:57:00,22:00:00,5,67,1,3,No,No,Moderate (50-80%),Clear,Overloading Delay,70.00,3.8
TRP02033,17/06/2025,Tuesday,No,Night (7-10Pm),21:50:00,21:54:00,5,78,9,4,No,No,Full (80-100%),Clear,Traffic Jam,70.00,2.2
TRP02695,13/01/2025,Monday,No,Evening Peak (4-7Pm),16:36:00,16:53:00,12,49,10,17,No,Yes,,Light Rain,Police Checkpoint,260.00,2.4
TRP02175,26/03/2025,Wednesday,No,Night (7-10Pm),20:35:00,20:38:00,10,96,10,3,No,No,Low (<50%),,Road Construction,,3.9
TRP02561,14/04/2025,Monday,No,Early Morning (5-7Am),06:15:00,06:26:00,12,29,2,11,No,No,Low (<50%),Light Rain,Traffic Jam,185.00,1.6
TRP02576,29/01/2025,Wednesday,No,Evening Peak (4-7Pm),18:28:00,18:37:00,12,109,5,9,No,No,Full (80-100%),Clear,None,191.00,3.2
TRP02555,20/02/2025,Thursday,No,Evening Peak (4-7Pm),18:42:00,19:12:00,7,113,6,30,No,No,Moderate (50-80%),Clear,Road Accident Nearby,182.00,2.7
TRP00313,18/05/2025,Sunday,Yes,Midday (9Am-4Pm),15:49:00,16:17:00,12,27,9,28,No,No,Low (<50%),,Vehicle Breakdown,,2.5
TRP01125,04/08/2025,Monday,No,Evening Peak (4-7Pm),16:25:00,16:39:00,5,98,6,14,No,No,Moderate (50-80%),Light Rain,Overloading Delay,89.00,3.2
TRP01832,04/08/2025,Monday,No,Midday (9Am-4Pm),09:03:00,09:03:00,6,5,3,0,Yes,No,Moderate (50-80%),Clear,None,100.00,
TRP01878,03/05/2025,Saturday,Yes,Midday (9Am-4Pm),15:01:00,14:59:00,1,99,11,-2,Yes,No,,Light Rain,None,125.00,3.5
TRP02342,08/05/2025,Thursday,No,Early Morning (5-7Am),06:20:00,06:22:00,5,22,2,2,No,No,Low (<50%),Overcast,Overloading Delay,,2.7
TRP03276,13/04/2025,Sunday,Yes,Midday (9Am-4Pm),10:02:00,10:05:00,3,39,10,3,No,No,Moderate (50-80%),Light Rain,Police Checkpoint,139.00,
TRP01499,12/05/2025,Monday,No,Evening Peak (4-7Pm),17:20:00,17:47:00,4,39,4,27,No,Yes,Full (80-100%),Overcast,Vehicle Breakdown,127.00,2.5
TRP00783,15/08/2025,Friday,No,Morning Peak (7-9Am),07:53:00,07:55:00,4,57,3,2,No,No,Low (<50%),Overcast,None,100.00,3.5
TRP01654,15/06/2025,Sunday,Yes,Evening Peak (4-7Pm),18:01:00,18:22:00,4,106,4,21,No,No,Full (80-100%),Light Rain,Police Checkpoint,137.00,1.9
TRP02632,07/04/2025,Monday,No,Morning Peak (7-9Am),08:43:00,08:53:00,6,102,2,10,No,No,Full (80-100%),Clear,Police Checkpoint,157.00,2.4
TRP01355,12/03/2025,Wednesday,No,Night (7-10Pm),20:57:00,21:00:00,8,11,11,3,No,No,Moderate (50-80%),Light Rain,None,70.00,
TRP03167,26/07/2025,Saturday,Yes,Midday (9Am-4Pm),14:07:00,14:12:00,2,41,1,5,No,No,Full (80-100%),Clear,Road Construction,90.00,1.4
TRP00449,29/06/2025,Sunday,Yes,Midday (9Am-4Pm),10:22:00,10:17:00,4,22,4,-5,Yes,No,Moderate (50-80%),Clear,Police Checkpoint,80.00,
TRP02854,20/03/2025,Thursday,No,Midday (9Am-4Pm),14:49:00,14:47:00,9,26,9,-2,Yes,No,Moderate (50-80%),Clear,None,80.00,3.4
TRP03499,31/03/2025,Monday,No,Midday (9Am-4Pm),11:31:00,11:38:00,10,80,7,7,No,No,Moderate (50-80%),Light Rain,Police Checkpoint,90.00,2.4
TRP00424,30/04/2025,Wednesday,No,Midday (9Am-4Pm),12:58:00,13:10:00,10,46,10,12,No,No,Low (<50%),,Overloading Delay,70.00,1.8
TRP01619,06/02/2025,Thursday,No,Morning Peak (7-9Am),07:01:00,07:14:00,1,47,11,13,No,No,Overloaded (>100%),Clear,None,117.00,1.1
TRP00881,18/03/2025,Tuesday,No,Midday (9Am-4Pm),15:19:00,15:22:00,6,85,7,3,No,No,  Low (<50%)  ,Clear,None,100.00,2.2
TRP01614,01/08/2025,Friday,No,Midday (9Am-4Pm),15:40:00,15:42:00,10,112,4,2,No,No,Low (<50%),Overcast,None,,2.7
TRP02027,10/02/2025,Monday,No,Midday (9Am-4Pm),09:07:00,09:04:00,4,35,1,-3,Yes,No,Low (<50%),Clear,,80.00,4.6
TRP02039,12/01/2025,Sunday,Yes,Evening Peak (4-7Pm),16:15:00,16:19:00,10,11,2,4,No,No,Moderate (50-80%),Light Rain,None,122.00,5.0
TRP02336,01/02/2025,Saturday,Yes,Midday (9Am-4Pm),14:37:00,14:34:00,5,91,8,-3,Yes,No,Low (<50%),Light Rain,Overloading Delay,86.00,5.0
TRP03079,14/08/2025,Thursday,No,Midday (9Am-4Pm),14:04:00,14:05:00,1,87,9,1,No,No,,Clear,None,100.00,3.0
TRP00964,22/02/2025,Saturday,Yes,Early Morning (5-7Am),05:31:00,05:31:00,8,15,5,0,Yes,No,Moderate (50-80%),Clear,Police Checkpoint,60.00,6.4
TRP00708,07/04/2025,Monday,No,Morning Peak (7-9Am),08:25:00,08:31:00,4,106,9,6,No,No,Low (<50%),Clear,Overloading Delay,95.00,2.9
TRP03340,19/05/2025,Monday,No,Morning Peak (7-9Am),07:46:00,08:19:00,6,62,3,33,No,No,Moderate (50-80%),Light Rain,Vehicle Breakdown,169.00,1.1
TRP02455,24/08/2025,Sunday,Yes,Midday (9Am-4Pm),09:11:00,09:10:00,4,39,4,-1,Yes,No,Full (80-100%),Light Rain,None,89.00,4.6
TRP00711,16/01/2025,Thursday,No,Morning Peak (7-9Am),08:48:00,08:53:00,2,14,1,5,No,No,Moderate (50-80%),Clear,Overloading Delay,99.00,2.0
TRP00423,06/04/2025,Sunday,Yes,Night (7-10Pm),20:34:00,20:47:00,1,51,3,13,No,No,Moderate (50-80%),Clear,Vehicle Breakdown,100.00,3.8
TRP00489,11/02/2025,Tuesday,No,Early Morning (5-7Am),06:54:00,06:56:00,1,62,1,2,No,No,Moderate (50-80%),Light Rain,None,121.00,3.8
TRP02989,06/08/2025,Wednesday,No,Morning Peak (7-9Am),07:52:00,08:05:00,4,99,1,13,No,No,Full (80-100%),Clear,Road Construction,127.00,3.1
TRP01276,06/03/2025,Tuesday,No,Evening Peak (4-7Pm),16:56:00,17:11:00,6,14,10,15,No,No,Moderate (50-80%),Clear,Police Checkpoint,140.00,1.9
TRP02435,02/06/2025,Monday,No,Morning Peak (7-9Am),07:34:00,07:39:00,5,26,1,5,No,No,Low (<50%),Clear,None,109.00,3.1
TRP00538,03/07/2025,Thursday,No,Night (7-10Pm),20:09:00,20:07:00,7,8,6,-2,Yes,Yes,Full (80-100%),,None,150.00,2.9
TRP03404,14/06/2025,Saturday,Yes,Morning Peak (7-9Am),07:41:00,07:39:00,8,82,8,-2,Yes,No,,Clear,None,67.00,3.6
TRP03462,13/02/2025,Thursday,No,Evening Peak (4-7Pm),16:46:00,16:51:00,8,11,11,5,No,No,,Light Rain,None,106.00,2.5
TRP00599,23/01/2025,Thursday,No,Midday (9Am-4Pm),09:02:00,09:01:00,10,93,2,-1,Yes,No,Full (80-100%),,None,70.00,4.5
TRP03084,07/03/2025,Friday,No,Evening Peak (4-7Pm),16:39:00,16:55:00,6,18,11,16,No,No,Full (80-100%),Clear,Vehicle Breakdown,137.00,1.3
TRP02911,22/06/2025,Sunday,Yes,Midday (9Am-4Pm),15:30:00,15:33:00,10,51,4,3,No,No,Overloaded (>100%),Light Rain,None,80.00,4.0
TRP00665,14/02/2025,Friday,No,Midday (9Am-4Pm),09:36:00,09:33:00,11,117,7,-3,Yes,No,Full (80-100%),Clear,None,110.00,4.5
TRP02299,24/01/2025,Friday,No,Morning Peak (7-9Am),08:47:00,08:58:00,4,98,5,11,No,No,Full (80-100%),Clear,None,118.00,1.4
TRP01500,30/06/2025,Monday,No,Morning Peak (7-9Am),07:04:00,07:20:00,2,6,1,16,No,No,Moderate (50-80%),Clear,Road Accident Nearby,,1.0
TRP00532,24/02/2025,Monday,No,Midday (9Am-4Pm),13:36:00,13:39:00,12,22,7,3,No,No,Low (<50%),Light Rain,None,181.00,4.2
TRP02212,25/03/2025,Tuesday,No,Midday (9Am-4Pm),14:22:00,14:52:00,2,57,3,30,No,No,Moderate (50-80%),Overcast,Vehicle Breakdown,90.00,3.3
TRP03155,03/02/2025,Monday,No,Evening Peak (4-7Pm),18:35:00,18:35:00,10,117,8,0,Yes,No,,Clear,None,88.00,3.8
TRP02440,29/05/2025,Thursday,No,Morning Peak (7-9Am),08:00:00,08:11:00,5,71,6,11,No,No,Moderate (50-80%),Clear,Police Checkpoint,102.00,2.9
TRP00889,26/07/2025,Saturday,Yes,Midday (9Am-4Pm),11:47:00,11:50:00,8,16,8,3,No,No,Moderate (50-80%),Light Rain,None,66.00,4.8
TRP00656,03/11/2025,Tuesday,No,Early Morning (5-7Am),05:36:00,05:49:00,1,96,6,13,No,No,Full (80-100%),Clear,Traffic Jam,100.00,3.0
TRP00087,08/03/2025,Saturday,Yes,Evening Peak (4-7Pm),16:47:00,16:49:00,9,57,7,2,No,No,Full (80-100%),Clear,Police Checkpoint,97.00,3.9
TRP00978,12/01/2025,Sunday,Yes,Midday (9Am-4Pm),13:09:00,13:05:00,7,59,3,-4,Yes,No,Low (<50%),Clear,None,,3.9
TRP01419,20/05/2025,Tuesday,No,Morning Peak (7-9Am),07:42:00,07:38:00,9,21,1,-4,Yes,No,Full (80-100%),Overcast,None,117.00,3.4
TRP02831,01/01/2025,Wednesday,No,Morning Peak (7-9Am),08:01:00,08:28:00,12,83,4,27,No,No,Overloaded (>100%),Clear,Road Accident Nearby,254.00,
TRP02206,15/08/2025,Friday,No,Midday (9Am-4Pm),10:16:00,10:17:00,5,70,10,1,No,No,Moderate (50-80%),Light Rain,None,75.00,4.1
TRP00309,31/05/2025,Saturday,Yes,Evening Peak (4-7Pm),18:47:00,18:58:00,10,25,6,11,No,No,Low (<50%),Clear,Road Accident Nearby,101.00,2.4
TRP00856,13/05/2025,Tuesday,No,Midday (9Am-4Pm),10:24:00,10:26:00,8,23,6,2,No,No,Moderate (50-80%),Light Rain,Road Construction,69.00,4.6
TRP03198,22/07/2025,Tuesday,No,Night (7-10Pm),20:45:00,20:48:00,12,108,1,3,No,No,Full (80-100%),Light Rain,Overloading Delay,204.00,2.8
TRP01956,26/04/2025,Saturday,Yes,Evening Peak (4-7Pm),17:58:00,17:58:00,6,86,1,0,Yes,No,Moderate (50-80%),Overcast,None,150.00,3.2
TRP02028,10/02/2025,Monday,No,Early Morning (5-7Am),06:46:00,06:55:00,3,69,3,9,No,No,Low (<50%),Heavy Rain,None,132.00,2.7
TRP01331,02/02/2025,Sunday,Yes,Midday (9Am-4Pm),10:23:00,10:23:00,12,75,6,0,Yes,No,Low (<50%),Clear,,160.00,3.3
TRP02720,29/03/2025,Saturday,Yes,Midday (9Am-4Pm),10:10:00,10:08:00,4,11,4,-2,Yes,No,Low (<50%),Overcast,None,80.00,3.6
TRP02562,11/05/2025,Sunday,Yes,Midday (9Am-4Pm),14:37:00,14:33:00,7,46,9,-4,Yes,No,Full (80-100%),Clear,None,150.00,2.7
TRP02183,21/03/2025,Friday,No,Morning Peak (7-9Am),08:59:00,09:00:00,8,22,10,1,No,No,Moderate (50-80%),Clear,None,72.00,2.9
TRP01578,14/03/2025,Friday,No,Midday (9Am-4Pm),13:09:00,13:20:00,6,24,9,11,No,No,Low (<50%),Light Rain,None,107.00,2.0
TRP01560,02/02/2025,Sunday,Yes,Morning Peak (7-9Am),08:39:00,08:44:00,7,69,7,5,No,No,Full (80-100%),Light Rain,None,269.00,3.0
TRP00662,21/03/2025,Friday,No,Midday (9Am-4Pm),10:01:00,10:07:00,3,116,7,6,No,No,,Clear,None,120.00,3.2
TRP01951,25/07/2025,Friday,No,Evening Peak (4-7Pm),16:26:00,16:41:00,12,81,10,15,No,No,Low (<50%),Heavy Rain,None,218.00,
TRP02925,22/06/2025,Sunday,Yes,Midday (9Am-4Pm),14:57:00,14:53:00,1,60,9,-4,Yes,No,Moderate (50-80%),Clear,Police Checkpoint,100.00,5.0
TRP03187,05/05/2025,Monday,No,Night (7-10Pm),21:09:00,21:07:00,8,15,11,-2,Yes,No,Moderate (50-80%),Clear,None,60.00,2.7
TRP00531,26/01/2025,Sunday,Yes,Midday (9Am-4Pm),12:26:00,12:30:00,12,84,9,4,No,No,Low (<50%),Clear,Overloading Delay,160.00,4.4
TRP03134,23/03/2025,Sunday,Yes,Midday (9Am-4Pm),13:43:00,13:37:00,6,22,8,-6,Yes,No,Moderate (50-80%),Clear,None,100.00,1.5
TRP03344,03/08/2025,Sunday,Yes,Night (7-10Pm),21:31:00,21:25:00,5,74,,-6,Yes,No,,Overcast,None,70.00,2.1
TRP02049,17/02/2025,Monday,No,Morning Peak (7-9Am),07:48:00,07:55:00,6,48,7,7,No,No,Low (<50%),Clear,None,115.00,1.9
TRP00289,19/06/2025,Thursday,No,Evening Peak (4-7Pm),16:38:00,16:39:00,2,108,8,1,No,No,Moderate (50-80%),Clear,Police Checkpoint,128.00,4.3
TRP02657,21/04/2025,Monday,No,Evening Peak (4-7Pm),18:44:00,18:51:00,4,53,9,7,No,No,Low (<50%),Clear,Overloading Delay,115.00,2.1
TRP03268,04/02/2025,Tuesday,No,Midday (9Am-4Pm),13:33:00,13:29:00,1,87,11,-4,Yes,No,  Low (<50%)  ,Clear,None,100.00,4.5
TRP00948,26/07/2025,Saturday,Yes,Evening Peak (4-7Pm),17:00:00,17:12:00,10,10,2,12,No,No,Overloaded (>100%),,Vehicle Breakdown,93.00,2.2
TRP01270,02/03/2025,Sunday,Yes,Early Morning (5-7Am),05:09:00,05:13:00,9,114,4,4,No,No,Moderate (50-80%),Clear,Road Accident Nearby,80.00,4.2
TRP01119,26/07/2025,Saturday,Yes,Early Morning (5-7Am),05:12:00,05:17:00,1,108,5,5,No,No,Full (80-100%),Light Rain,None,115.00,2.5
TRP01416,20/01/2025,Monday,No,Midday (9Am-4Pm),09:27:00,09:23:00,4,98,10,-4,Yes,No,Overloaded (>100%),Clear,None,80.00,3.8
TRP02835,05/01/2025,Sunday,Yes,Evening Peak (4-7Pm),18:21:00,18:29:00,11,31,8,8,No,No,Overloaded (>100%),Clear,None,154.00,2.8
TRP03191,26/05/2025,Monday,No,Midday (9Am-4Pm),15:23:00,15:35:00,7,81,4,12,No,No,Low (<50%),Overcast,Traffic Jam,150.00,1.8
TRP03151,22/03/2025,Saturday,Yes,Midday (9Am-4Pm),11:33:00,11:32:00,8,37,9,-1,Yes,No,Moderate (50-80%),,Overloading Delay,60.00,4.8
TRP03185,18/06/2025,Wednesday,No,Morning Peak (7-9Am),07:52:00,07:48:00,5,82,2,-4,Yes,No,Overloaded (>100%),Heavy Rain,None,113.00,6.4
TRP00530,06/09/2025,Monday,No,Evening Peak (4-7Pm),16:46:00,16:45:00,9,64,2,-1,Yes,No,Full (80-100%),Overcast,None,117.00,3.2
TRP00398,24/03/2025,Monday,No,Midday (9Am-4Pm),13:23:00,13:18:00,3,112,7,-5,Yes,No,Full (80-100%),Clear,None,120.00,
TRP00878,09/07/2025,Wednesday,No,Night (7-10Pm),19:22:00,19:17:00,6,100,6,-5,Yes,No,Low (<50%),Clear,None,100.00,4.7
TRP02658,19/06/2025,Thursday,No,Morning Peak (7-9Am),07:12:00,07:21:00,4,27,8,9,No,No,,Clear,None,109.00,2.5
TRP01760,09/08/2025,Saturday,Yes,Midday (9Am-4Pm),11:59:00,12:17:00,12,47,5,18,No,No,Moderate (50-80%),,Vehicle Breakdown,200.00,2.6
TRP02422,10/02/2025,Monday,No,Night (7-10Pm),21:38:00,21:34:00,9,86,8,-4,Yes,No,Low (<50%),Clear,None,80.00,4.6
TRP00965,06/01/2025,Monday,No,Midday (9Am-4Pm),13:39:00,13:38:00,9,45,10,-1,Yes,No,Full (80-100%),Clear,None,80.00,3.4
TRP02690,08/03/2025,Saturday,Yes,Early Morning (5-7Am),05:41:00,05:41:00,12,78,10,0,Yes,No,Low (<50%),Overcast,Police Checkpoint,160.00,3.4
TRP01507,16/04/2025,Wednesday,No,Evening Peak (4-7Pm),16:29:00,16:32:00,6,111,2,3,No,No,Moderate (50-80%),Overcast,None,121.00,3.9
TRP02743,10/07/2025,Thursday,No,Evening Peak (4-7Pm),16:58:00,17:02:00,8,24,6,4,No,No,Overloaded (>100%),Clear,None,81.00,3.7
TRP02935,19/05/2025,Monday,No,Night (7-10Pm),21:44:00,21:39:00,7,82,10,-5,Yes,No,Moderate (50-80%),Clear,None,150.00,3.6
TRP00379,19/02/2025,Wednesday,No,Midday (9Am-4Pm),12:43:00,12:43:00,11,63,8,0,Yes,No,,Clear,Overloading Delay,110.00,5.0
TRP03317,24/02/2025,Monday,No,Morning Peak (7-9Am),08:41:00,08:58:00,4,8,10,17,No,No,Moderate (50-80%),Overcast,Road Accident Nearby,117.00,2.8
TRP00627,02/03/2025,Sunday,Yes,Evening Peak (4-7Pm),18:16:00,18:19:00,10,29,2,3,No,No,Full (80-100%),Clear,None,92.00,4.7
TRP00777,01/03/2025,Saturday,Yes,Night (7-10Pm),20:20:00,20:21:00,11,51,10,1,No,No,Moderate (50-80%),Heavy Rain,None,135.00,3.6
TRP03095,16/03/2025,Sunday,Yes,Midday (9Am-4Pm),10:25:00,10:23:00,5,68,9,-2,Yes,No,Full (80-100%),,None,70.00,4.3
TRP00332,27/04/2025,Sunday,Yes,Evening Peak (4-7Pm),18:43:00,18:50:00,5,43,2,7,No,No,,Clear,None,102.00,3.7
TRP01400,26/05/2025,Monday,No,Evening Peak (4-7Pm),16:26:00,16:37:00,3,34,2,11,No,No,Low (<50%),Light Rain,None,227.00,3.7
TRP02064,21/06/2025,Saturday,Yes,Evening Peak (4-7Pm),17:44:00,17:39:00,11,55,2,-5,Yes,No,Full (80-100%),Clear,None,158.00,8.2
TRP00473,04/06/2025,Wednesday,No,Morning Peak (7-9Am),07:34:00,07:55:00,6,12,3,21,No,No,Low (<50%),Clear,Road Accident Nearby,111.00,1.6
TRP03255,12/07/2025,Saturday,Yes,Midday (9Am-4Pm),13:10:00,13:11:00,12,34,6,1,No,No,Low (<50%),Clear,Police Checkpoint,160.00,4.4
TRP02977,28/08/2025,Thursday,No,Morning Peak (7-9Am),08:27:00,08:50:00,7,45,11,23,No,No,Overloaded (>100%),Clear,Road Accident Nearby,169.00,2.2
TRP03455,16/05/2025,Friday,No,Night (7-10Pm),21:33:00,21:50:00,3,104,2,17,No,No,Moderate (50-80%),Heavy Rain,None,154.00,2.1
TRP00746,28/03/2025,Friday,No,Midday (9Am-4Pm),10:46:00,10:47:00,5,107,3,1,No,No,,Light Rain,None,,4.6
TRP01594,26/05/2025,Monday,No,Midday (9Am-4Pm),13:51:00,13:59:00,11,31,11,8,No,No,Low (<50%),Light Rain,Police Checkpoint,135.00,3.0
TRP03330,16/04/2025,Wednesday,No,Evening Peak (4-7Pm),18:37:00,18:52:00,11,62,,15,No,No,Moderate (50-80%),,Road Accident Nearby,131.00,3.3
TRP00259,18/07/2025,Friday,No,Morning Peak (7-9Am),07:53:00,08:06:00,2,60,2,13,No,No,Moderate (50-80%),Clear,Overloading Delay,138.00,3.3
TRP00199,16/05/2025,Friday,No,Evening Peak (4-7Pm),18:35:00,19:05:00,1,117,5,30,No,No,Moderate (50-80%),Clear,Vehicle Breakdown,138.00,2.7
TRP01989,19/01/2025,Sunday,Yes,Midday (9Am-4Pm),13:13:00,13:07:00,3,70,4,-6,Yes,No,Low (<50%),,None,120.00,2.0
TRP02313,04/05/2025,Sunday,Yes,Evening Peak (4-7Pm),16:43:00,17:08:00,1,50,5,25,No,No,Overloaded (>100%),Overcast,Traffic Jam,92.00,4.3
TRP02406,12/05/2025,Monday,No,Morning Peak (7-9Am),08:30:00,08:54:00,1,21,1,24,No,No,Moderate (50-80%),Clear,,147.00,2.5
TRP00326,14/03/2025,Friday,No,Midday (9Am-4Pm),13:06:00,13:09:00,1,73,1,3,No,No,  Low (<50%)  ,Clear,None,100.00,3.9
TRP00911,30/05/2025,Friday,No,Evening Peak (4-7Pm),17:05:00,17:12:00,8,15,4,7,No,No,Moderate (50-80%),Light Rain,None,,3.3
TRP02386,17/06/2025,Tuesday,No,Night (7-10Pm),21:43:00,21:39:00,9,106,6,-4,Yes,No,Moderate (50-80%),Clear,None,80.00,4.1
TRP01320,12/08/2025,Tuesday,No,Morning Peak (7-9Am),08:56:00,09:08:00,6,67,10,12,No,No,Low (<50%),Clear,Traffic Jam,142.00,2.6
TRP01774,23/02/2025,Sunday,Yes,Night (7-10Pm),19:45:00,19:54:00,3,34,8,9,No,No,Overloaded (>100%),Clear,Road Accident Nearby,120.00,2.5
TRP01362,12/01/2025,Sunday,Yes,Midday (9Am-4Pm),13:05:00,13:10:00,11,9,2,5,No,No,Low (<50%),Clear,Traffic Jam,110.00,3.8
TRP01266,11/01/2025,Saturday,Yes,Morning Peak (7-9Am),08:49:00,08:55:00,5,94,4,6,No,No,Overloaded (>100%),Light Rain,Police Checkpoint,102.00,2.6
TRP02806,09/04/2025,Wednesday,No,Morning Peak (7-9Am),07:36:00,07:42:00,1,64,11,6,No,No,Full (80-100%),Overcast,None,112.00,
TRP01537,27/05/2025,Tuesday,No,Evening Peak (4-7Pm),17:13:00,17:19:00,10,99,2,6,No,No,Moderate (50-80%),Clear,Traffic Jam,100.00,3.3
TRP01781,02/01/2025,Thursday,No,Morning Peak (7-9Am),08:20:00,08:18:00,10,83,1,-2,Yes,No,Moderate (50-80%),Overcast,None,107.00,3.9
TRP02550,26/02/2025,Wednesday,No,Morning Peak (7-9Am),07:56:00,08:02:00,11,7,6,6,No,No,Moderate (50-80%),Clear,None,,3.1
TRP01195,11/04/2025,Friday,No,Midday (9Am-4Pm),12:39:00,12:45:00,3,46,10,6,No,No,Low (<50%),Overcast,Overloading Delay,120.00,2.3
TRP01691,08/06/2025,Sunday,Yes,Early Morning (5-7Am),06:57:00,07:00:00,6,66,1,3,No,No,,Clear,Road Construction,100.00,2.3
TRP00025,05/04/2025,Saturday,Yes,Midday (9Am-4Pm),13:23:00,13:18:00,1,50,1,-5,Yes,No,  Moderate (50-80%)  ,Clear,None,100.00,3.9
TRP02863,22/02/2025,Saturday,Yes,Early Morning (5-7Am),06:03:00,06:01:00,3,102,10,-2,Yes,No,Full (80-100%),Clear,None,120.00,2.9
TRP01345,01/05/2025,Thursday,No,Night (7-10Pm),20:39:00,20:53:00,11,77,9,14,No,No,Moderate (50-80%),Clear,Road Accident Nearby,110.00,2.0
TRP00016,06/01/2025,Monday,No,Evening Peak (4-7Pm),18:54:00,19:11:00,6,37,8,17,No,No,Moderate (50-80%),Light Rain,Road Construction,,2.1
TRP01704,27/04/2025,Sunday,Yes,Midday (9Am-4Pm),13:12:00,13:09:00,4,90,10,-3,Yes,No,Moderate (50-80%),,None,80.00,3.9
TRP02407,29/06/2025,Sunday,Yes,Midday (9Am-4Pm),09:03:00,09:00:00,8,51,4,-3,Yes,No,Low (<50%),Overcast,None,60.00,4.9
TRP02613,08/08/2025,Friday,No,Evening Peak (4-7Pm),18:41:00,18:45:00,2,18,5,4,No,No,Low (<50%),Clear,Road Accident Nearby,125.00,3.7
TRP03153,03/08/2025,Sunday,Yes,Evening Peak (4-7Pm),17:51:00,18:03:00,9,115,3,12,No,No,Overloaded (>100%),Heavy Rain,None,121.00,1.2
TRP00237,15/08/2025,Friday,No,Morning Peak (7-9Am),08:51:00,08:52:00,11,13,8,1,No,No,  Low (<50%)  ,Light Rain,None,191.00,2.5
TRP00304,17/04/2025,Thursday,No,Morning Peak (7-9Am),07:16:00,07:22:00,3,79,6,6,No,No,Overloaded (>100%),Clear,Overloading Delay,137.00,3.4
TRP00578,17/03/2025,Monday,No,Early Morning (5-7Am),05:02:00,05:07:00,4,77,8,5,No,No,Moderate (50-80%),Clear,Overloading Delay,80.00,2.6
TRP02244,29/04/2025,Tuesday,No,Midday (9Am-4Pm),12:08:00,12:10:00,7,40,3,2,No,No,Moderate (50-80%),Clear,None,150.00,3.8
TRP02993,21/01/2025,Tuesday,No,Midday (9Am-4Pm),13:46:00,13:56:00,12,54,8,10,No,No,Moderate (50-80%),Clear,Police Checkpoint,160.00,1.3
TRP02804,19/06/2025,Thursday,No,Midday (9Am-4Pm),10:46:00,10:45:00,7,47,5,-1,Yes,No,Moderate (50-80%),Clear,None,150.00,5.0
TRP01636,21/05/2025,Wednesday,No,Night (7-10Pm),21:00:00,20:56:00,6,77,11,-4,Yes,No,Moderate (50-80%),Clear,None,100.00,4.7
TRP01533,17/06/2025,Tuesday,No,Morning Peak (7-9Am),08:57:00,08:55:00,2,41,8,-2,Yes,No,Full (80-100%),Overcast,Overloading Delay,131.00,3.7
TRP02714,24/05/2025,Saturday,Yes,Midday (9Am-4Pm),15:38:00,15:35:00,4,120,5,-3,Yes,No,Full (80-100%),Overcast,None,80.00,2.7
TRP00301,22/05/2025,Thursday,No,Morning Peak (7-9Am),07:01:00,07:21:00,9,118,7,20,No,No,Full (80-100%),Light Rain,Vehicle Breakdown,125.00,
TRP03434,11/02/2025,Tuesday,No,Evening Peak (4-7Pm),17:48:00,18:05:00,11,38,9,17,No,No,,Light Rain,Traffic Jam,163.00,3.1
TRP03154,19/05/2025,Monday,No,Evening Peak (4-7Pm),17:48:00,18:22:00,12,41,4,34,No,No,Low (<50%),Light Rain,,309.00,2.1
TRP00157,08/03/2025,Saturday,Yes,Morning Peak (7-9Am),08:37:00,08:49:00,7,51,6,12,No,No,Full (80-100%),Clear,Police Checkpoint,203.00,2.6
TRP01693,08/07/2025,Tuesday,No,Morning Peak (7-9Am),08:40:00,08:47:00,5,51,11,7,No,No,Overloaded (>100%),Clear,None,93.00,3.5
TRP01608,31/01/2025,Friday,No,Morning Peak (7-9Am),07:52:00,08:06:00,6,119,11,14,No,No,Moderate (50-80%),Clear,Traffic Jam,144.00,
TRP02120,11/03/2025,Tuesday,No,Night (7-10Pm),20:59:00,20:55:00,6,83,1,-4,Yes,No,Full (80-100%),Clear,None,100.00,3.9
TRP00748,15/05/2025,Thursday,No,Night (7-10Pm),21:42:00,21:51:00,1,83,3,9,No,No,Overloaded (>100%),,Police Checkpoint,119.00,3.0
TRP02447,02/03/2025,Sunday,Yes,Evening Peak (4-7Pm),18:27:00,18:28:00,10,96,7,1,No,No,Full (80-100%),Overcast,None,99.00,3.9
TRP02503,25/08/2025,Monday,No,Morning Peak (7-9Am),08:52:00,08:51:00,9,6,11,-1,Yes,No,Full (80-100%),Clear,None,109.00,4.3
TRP01058,26/05/2025,Monday,No,Morning Peak (7-9Am),07:09:00,07:45:00,11,32,10,36,No,No,Overloaded (>100%),,Vehicle Breakdown,137.00,2.0
TRP02686,06/07/2025,Sunday,Yes,Morning Peak (7-9Am),07:17:00,07:11:00,11,35,4,-6,Yes,No,Moderate (50-80%),Clear,None,164.00,1.3
TRP03483,15/04/2025,Tuesday,No,Midday (9Am-4Pm),12:46:00,12:56:00,4,90,6,10,No,No,Moderate (50-80%),Clear,Police Checkpoint,80.00,3.3
TRP01768,06/03/2025,Thursday,No,Midday (9Am-4Pm),11:19:00,11:24:00,11,114,10,5,No,No,Moderate (50-80%),Clear,Road Construction,110.00,2.9
TRP01074,08/04/2025,Tuesday,No,Night (7-10Pm),20:40:00,20:40:00,8,95,7,0,Yes,No,Full (80-100%),Clear,None,60.00,5.0
TRP02341,08/03/2025,Saturday,Yes,Early Morning (5-7Am),06:12:00,06:14:00,7,32,6,2,No,No,Full (80-100%),Clear,None,150.00,3.1
TRP03253,08/03/2025,Saturday,Yes,Evening Peak (4-7Pm),16:40:00,16:44:00,10,36,4,4,No,No,Low (<50%),Light Rain,None,101.00,4.2
TRP01257,12/01/2025,Sunday,Yes,Morning Peak (7-9Am),07:33:00,07:34:00,1,90,10,1,No,Yes,Overloaded (>100%),Clear,None,124.00,3.2
TRP03442,25/08/2025,Monday,No,Early Morning (5-7Am),06:12:00,06:26:00,11,39,2,14,No,No,Low (<50%),,Vehicle Breakdown,140.00,2.2
TRP00960,26/04/2025,Saturday,Yes,Evening Peak (4-7Pm),18:00:00,18:05:00,11,24,3,5,No,No,Overloaded (>100%),Clear,Traffic Jam,162.00,2.8
TRP01530,01/06/2025,Sunday,Yes,Midday (9Am-4Pm),11:53:00,11:47:00,8,80,2,-6,Yes,No,,Clear,None,60.00,1.4
TRP01563,25/07/2025,Friday,No,Evening Peak (4-7Pm),16:46:00,17:06:00,9,102,8,20,No,No,Overloaded (>100%),Clear,Road Accident Nearby,125.00,2.2
TRP02328,02/06/2025,Monday,No,Evening Peak (4-7Pm),18:13:00,18:27:00,12,35,3,14,No,No,Low (<50%),,Road Construction,240.00,2.3
TRP02688,15/04/2025,Tuesday,No,Midday (9Am-4Pm),10:52:00,10:53:00,12,107,11,1,No,No,Full (80-100%),,Police Checkpoint,160.00,4.2
TRP01871,09/03/2025,Sunday,Yes,Midday (9Am-4Pm),12:47:00,12:52:00,4,72,6,5,No,No,Full (80-100%),Clear,Road Accident Nearby,80.00,1.7
TRP00834,20/02/2025,Thursday,No,Morning Peak (7-9Am),08:20:00,08:31:00,9,99,2,11,No,No,Moderate (50-80%),Clear,Police Checkpoint,127.00,1.9
TRP00788,15/05/2025,Thursday,No,Midday (9Am-4Pm),15:19:00,15:14:00,6,20,6,-5,Yes,No,Full (80-100%),Clear,None,100.00,3.4
TRP02961,15/04/2025,Tuesday,No,Midday (9Am-4Pm),12:00:00,12:19:00,11,87,8,19,No,No,Low (<50%),Light Rain,Vehicle Breakdown,131.00,2.4
TRP03032,17/04/2025,Thursday,No,Night (7-10Pm),19:41:00,20:07:00,1,43,5,26,No,No,Low (<50%),Clear,Vehicle Breakdown,100.00,1.3
TRP02201,08/06/2025,Sunday,Yes,Evening Peak (4-7Pm),18:47:00,18:55:00,5,8,11,8,No,No,Low (<50%),Light Rain,Overloading Delay,102.00,3.3
TRP01447,19/08/2025,Tuesday,No,Morning Peak (7-9Am),07:05:00,07:22:00,10,66,9,17,No,No,Low (<50%),Clear,Road Accident Nearby,77.00,2.9
TRP01755,13/05/2025,Tuesday,No,Early Morning (5-7Am),05:11:00,05:18:00,4,32,6,7,No,No,  Low (<50%)  ,Clear,Traffic Jam,80.00,2.5
TRP01076,18/01/2025,Saturday,Yes,Midday (9Am-4Pm),12:08:00,12:05:00,8,68,10,-3,Yes,No,Full (80-100%),Clear,Overloading Delay,60.00,5.0
TRP03458,05/03/2025,Wednesday,No,Midday (9Am-4Pm),09:41:00,09:44:00,7,95,6,3,No,No,Moderate (50-80%),Clear,Overloading Delay,150.00,3.8
TRP03488,05/05/2025,Monday,No,Midday (9Am-4Pm),12:06:00,12:07:00,5,30,8,1,No,No,Low (<50%),Clear,Police Checkpoint,70.00,2.7
TRP02618,27/06/2025,Friday,No,Evening Peak (4-7Pm),16:04:00,16:04:00,6,39,10,0,Yes,No,Moderate (50-80%),Clear,None,158.00,2.8
TRP02366,01/09/2025,Thursday,No,Morning Peak (7-9Am),07:08:00,07:27:00,1,85,4,19,No,No,Low (<50%),Light Rain,Road Accident Nearby,162.00,1.9
TRP01764,04/07/2025,Friday,No,Midday (9Am-4Pm),12:20:00,12:22:00,12,21,2,2,No,No,Full (80-100%),Light Rain,None,196.00,3.3
TRP01461,15/01/2025,Wednesday,No,Midday (9Am-4Pm),13:17:00,13:24:00,3,88,1,7,No,No,Moderate (50-80%),Clear,Road Accident Nearby,120.00,2.7
TRP01493,22/02/2025,Saturday,Yes,Evening Peak (4-7Pm),17:32:00,17:26:00,9,86,3,-6,Yes,No,Moderate (50-80%),Clear,None,96.00,3.2
TRP02225,21/06/2025,Saturday,Yes,Midday (9Am-4Pm),10:27:00,10:50:00,10,100,6,23,No,No,Moderate (50-80%),Clear,Vehicle Breakdown,70.00,3.3
TRP03368,14/04/2025,Monday,No,Morning Peak (7-9Am),07:56:00,08:03:00,1,47,3,7,No,No,Full (80-100%),Clear,Police Checkpoint,116.00,2.1
TRP02349,14/02/2025,Friday,No,Evening Peak (4-7Pm),17:56:00,18:29:00,10,24,6,33,No,No,Overloaded (>100%),Clear,Vehicle Breakdown,84.00,2.0
TRP00277,18/07/2025,Friday,No,Morning Peak (7-9Am),08:26:00,08:31:00,12,43,5,5,No,No,Low (<50%),Clear,None,227.00,
TRP00147,04/05/2025,Sunday,Yes,Midday (9Am-4Pm),15:21:00,15:27:00,7,95,2,6,No,No,Low (<50%),Clear,Road Construction,150.00,3.2
TRP00443,21/02/2025,Friday,No,Midday (9Am-4Pm),09:01:00,08:55:00,10,40,6,-6,Yes,No,Full (80-100%),Clear,None,70.00,3.3
TRP02581,27/02/2025,Thursday,No,Morning Peak (7-9Am),07:03:00,07:37:00,10,68,2,34,No,No,Moderate (50-80%),Clear,Vehicle Breakdown,79.00,2.7
TRP00433,15/01/2025,Wednesday,No,Midday (9Am-4Pm),09:49:00,09:44:00,2,110,1,-5,Yes,No,Low (<50%),,None,90.00,3.4
TRP02088,17/02/2025,Monday,No,Evening Peak (4-7Pm),17:09:00,17:23:00,12,41,3,14,No,No,Full (80-100%),Clear,Traffic Jam,178.00,2.9
TRP02936,28/04/2025,Monday,No,Early Morning (5-7Am),05:03:00,05:10:00,4,75,11,7,No,No,Low (<50%),Light Rain,Overloading Delay,99.00,2.4
TRP00864,18/05/2025,Sunday,Yes,Evening Peak (4-7Pm),17:03:00,17:14:00,5,42,9,11,No,No,Moderate (50-80%),Heavy Rain,None,113.00,6.0
TRP01899,15/08/2025,Friday,No,Early Morning (5-7Am),06:48:00,06:44:00,10,18,6,-4,Yes,No,Moderate (50-80%),Clear,Overloading Delay,70.00,2.3
TRP00382,02/05/2025,Friday,No,Early Morning (5-7Am),06:26:00,06:24:00,3,16,10,-2,Yes,No,Moderate (50-80%),Clear,None,120.00,4.9
TRP01108,15/02/2025,Saturday,Yes,Morning Peak (7-9Am),07:28:00,07:30:00,10,5,6,2,No,No,Overloaded (>100%),Clear,None,107.00,4.7
TRP01154,12/08/2025,Tuesday,No,Midday (9Am-4Pm),11:00:00,11:02:00,7,23,2,2,No,No,Moderate (50-80%),Overcast,Overloading Delay,150.00,4.4
TRP01082,30/07/2025,Wednesday,No,Early Morning (5-7Am),06:21:00,06:25:00,7,39,2,4,No,No,Full (80-100%),Clear,Police Checkpoint,150.00,5.0
TRP01836,11/04/2025,Friday,No,Night (7-10Pm),20:54:00,21:16:00,10,114,8,22,No,No,Full (80-100%),Clear,Road Accident Nearby,70.00,
TRP02399,26/07/2025,Saturday,Yes,Morning Peak (7-9Am),07:31:00,07:43:00,11,98,7,12,No,No,Moderate (50-80%),Overcast,Road Accident Nearby,144.00,1.9
TRP00787,05/01/2025,Sunday,Yes,Morning Peak (7-9Am),07:19:00,07:39:00,7,56,2,20,No,No,Low (<50%),Overcast,Road Accident Nearby,165.00,2.4
TRP02390,26/06/2025,Thursday,No,Morning Peak (7-9Am),08:19:00,08:33:00,7,8,9,14,No,No,Overloaded (>100%),Overcast,Police Checkpoint,226.00,2.8
TRP01326,17/04/2025,Thursday,No,Morning Peak (7-9Am),08:29:00,08:47:00,3,53,6,18,No,No,Low (<50%),Clear,Traffic Jam,134.00,4.2
TRP00761,02/03/2025,Sunday,Yes,Midday (9Am-4Pm),12:01:00,11:59:00,1,51,7,-2,Yes,No,Full (80-100%),Clear,None,100.00,
TRP00256,31/07/2025,Thursday,No,Midday (9Am-4Pm),11:12:00,11:09:00,9,88,3,-3,Yes,No,Low (<50%),Clear,None,80.00,5.0
TRP02472,21/05/2025,Wednesday,No,Early Morning (5-7Am),05:34:00,05:34:00,5,108,9,0,Yes,No,,Clear,None,70.00,3.2
TRP01302,29/06/2025,Sunday,Yes,Midday (9Am-4Pm),11:31:00,11:25:00,8,29,5,-6,Yes,No,Low (<50%),Overcast,None,60.00,3.8
TRP00985,18/05/2025,Sunday,Yes,Midday (9Am-4Pm),12:59:00,13:06:00,4,112,5,7,No,No,Full (80-100%),Light Rain,Police Checkpoint,89.00,2.1
TRP02726,08/02/2025,Saturday,Yes,Midday (9Am-4Pm),14:57:00,14:56:00,10,92,3,-1,Yes,No,Moderate (50-80%),Clear,None,70.00,4.6
TRP02193,26/07/2025,Saturday,Yes,Night (7-10Pm),21:26:00,21:31:00,3,35,11,5,No,No,Full (80-100%),Heavy Rain,None,135.00,2.8
TRP00394,01/04/2025,Tuesday,No,Midday (9Am-4Pm),10:23:00,10:27:00,10,113,2,4,No,No,Low (<50%),Clear,None,70.00,3.8
TRP00495,11/07/2025,Friday,No,Early Morning (5-7Am),06:38:00,06:38:00,10,100,3,0,Yes,No,Moderate (50-80%),Clear,None,70.00,3.1
TRP01060,03/02/2025,Monday,No,Midday (9Am-4Pm),10:16:00,10:49:00,1,7,4,33,No,No,Low (<50%),Clear,Vehicle Breakdown,100.00,1.4
TRP00573,12/01/2025,Sunday,Yes,Early Morning (5-7Am),06:59:00,06:53:00,8,45,4,-6,Yes,No,Moderate (50-80%),Clear,None,60.00,1.9
TRP00887,07/02/2025,Friday,No,Evening Peak (4-7Pm),18:16:00,18:22:00,9,55,9,6,No,No,Moderate (50-80%),,Vehicle Breakdown,97.00,2.9
TRP01034,16/03/2025,Sunday,Yes,Night (7-10Pm),19:15:00,19:23:00,2,48,3,8,No,No,Low (<50%),Overcast,Road Construction,90.00,2.4
TRP01715,01/02/2025,Saturday,Yes,Midday (9Am-4Pm),10:22:00,10:21:00,3,118,10,-1,Yes,No,Full (80-100%),Clear,None,120.00,3.6
TRP03144,16/08/2025,Saturday,Yes,Midday (9Am-4Pm),10:36:00,10:35:00,4,90,3,-1,Yes,No,Low (<50%),Clear,None,80.00,3.1
TRP03290,15/08/2025,Friday,No,Morning Peak (7-9Am),07:21:00,07:28:00,2,81,9,7,No,No,Full (80-100%),Clear,None,139.00,2.3
TRP00824,17/03/2025,Monday,No,Midday (9Am-4Pm),10:09:00,10:06:00,8,40,2,-3,Yes,No,Moderate (50-80%),Clear,None,60.00,3.9
TRP02941,22/02/2025,Saturday,Yes,Early Morning (5-7Am),06:07:00,06:12:00,7,68,,5,No,No,Low (<50%),Clear,Road Accident Nearby,150.00,2.8
TRP02159,22/06/2025,Sunday,Yes,Morning Peak (7-9Am),08:36:00,08:30:00,11,12,3,-6,Yes,No,,Clear,None,142.00,2.4
TRP03426,09/02/2025,Sunday,Yes,Midday (9Am-4Pm),10:29:00,10:46:00,5,115,3,17,No,No,,Heavy Rain,Road Construction,78.00,2.2
TRP00657,30/06/2025,Monday,No,Morning Peak (7-9Am),08:23:00,08:24:00,8,117,7,1,No,No,Full (80-100%),Clear,Police Checkpoint,88.00,4.1
TRP02491,02/02/2025,Sunday,Yes,Midday (9Am-4Pm),10:44:00,10:46:00,12,116,6,2,No,No,,Light Rain,Police Checkpoint,189.00,3.9
TRP02092,13/05/2025,Tuesday,No,Evening Peak (4-7Pm),17:18:00,17:33:00,2,54,4,15,No,No,Moderate (50-80%),,None,,3.2
TRP02829,22/08/2025,Friday,No,Midday (9Am-4Pm),13:51:00,13:49:00,3,61,8,-2,Yes,No,Moderate (50-80%),Clear,None,120.00,3.9
TRP00986,19/01/2025,Sunday,Yes,Evening Peak (4-7Pm),17:19:00,17:44:00,3,110,2,25,No,No,  Moderate (50-80%)  ,Overcast,,151.00,2.1
TRP00106,28/04/2025,Monday,No,Midday (9Am-4Pm),12:29:00,12:44:00,1,78,2,15,No,No,,Clear,Traffic Jam,100.00,4.5
TRP03498,30/07/2025,Wednesday,No,Morning Peak (7-9Am),08:14:00,08:36:00,7,99,2,22,No,No,Full (80-100%),Clear,Road Accident Nearby,191.00,2.6
TRP02702,26/05/2025,Monday,No,Morning Peak (7-9Am),08:01:00,08:08:00,12,16,7,7,No,No,Moderate (50-80%),Light Rain,None,248.00,2.6
TRP00769,26/01/2025,Sunday,Yes,Midday (9Am-4Pm),11:44:00,11:47:00,7,52,6,3,No,No,Moderate (50-80%),Clear,Traffic Jam,150.00,4.1
TRP00475,29/07/2025,Tuesday,No,Midday (9Am-4Pm),14:11:00,14:20:00,2,32,3,9,No,No,Full (80-100%),Clear,Road Construction,90.00,3.3
TRP00435,29/06/2025,Sunday,Yes,Midday (9Am-4Pm),09:38:00,09:46:00,5,108,6,8,No,No,Low (<50%),Clear,Traffic Jam,70.00,4.1
TRP00437,05/01/2025,Sunday,Yes,Night (7-10Pm),21:55:00,21:51:00,11,3,3,-4,Yes,No,Low (<50%),Overcast,None,110.00,
TRP02933,16/08/2025,Saturday,Yes,Midday (9Am-4Pm),14:15:00,14:11:00,8,64,8,-4,Yes,No,Overloaded (>100%),Clear,None,60.00,5.0
TRP00367,22/04/2025,Tuesday,No,Evening Peak (4-7Pm),17:46:00,17:54:00,11,120,6,8,No,No,Full (80-100%),Clear,None,143.00,2.8
TRP01426,28/06/2025,Saturday,Yes,Morning Peak (7-9Am),08:32:00,08:33:00,12,9,8,1,No,No,Full (80-100%),Clear,Police Checkpoint,198.00,3.5
TRP00939,23/06/2025,Monday,No,Midday (9Am-4Pm),15:49:00,15:49:00,8,119,6,0,Yes,No,Full (80-100%),Clear,None,60.00,3.8
TRP00614,28/04/2025,Monday,No,Morning Peak (7-9Am),07:33:00,07:44:00,1,53,7,11,No,No,Overloaded (>100%),Overcast,None,111.00,2.6
TRP01247,10/02/2025,Monday,No,Midday (9Am-4Pm),15:47:00,16:00:00,7,10,5,13,No,No,Full (80-100%),Light Rain,Traffic Jam,183.00,1.4
TRP01204,19/02/2025,Wednesday,No,Early Morning (5-7Am),05:03:00,05:08:00,11,33,2,5,No,No,Full (80-100%),Heavy Rain,Overloading Delay,118.00,4.3
TRP00859,15/06/2025,Sunday,Yes,Evening Peak (4-7Pm),17:47:00,17:57:00,10,45,3,10,No,No,Low (<50%),Clear,Traffic Jam,79.00,2.7
TRP03328,31/01/2025,Friday,No,Morning Peak (7-9Am),08:30:00,08:49:00,6,100,5,19,No,No,Moderate (50-80%),Light Rain,Overloading Delay,140.00,1.6
TRP00139,01/03/2025,Saturday,Yes,Night (7-10Pm),20:04:00,20:07:00,8,21,10,3,No,No,Moderate (50-80%),Heavy Rain,None,74.00,
TRP02210,09/08/2025,Saturday,Yes,Night (7-10Pm),20:24:00,20:19:00,5,21,8,-5,Yes,No,Moderate (50-80%),Overcast,,70.00,4.3
TRP02296,02/02/2025,Sunday,Yes,Midday (9Am-4Pm),13:17:00,13:18:00,10,12,5,1,No,No,Full (80-100%),Clear,Traffic Jam,70.00,
TRP01436,07/06/2025,Saturday,Yes,Night (7-10Pm),20:33:00,20:48:00,11,22,6,15,No,No,Moderate (50-80%),Clear,Road Accident Nearby,110.00,4.4
TRP00360,18/06/2025,Wednesday,No,Early Morning (5-7Am),05:23:00,05:31:00,12,5,3,8,No,No,Moderate (50-80%),Light Rain,None,179.00,1.7
TRP01160,21/05/2025,Wednesday,No,Evening Peak (4-7Pm),17:05:00,17:26:00,6,57,6,21,No,No,Overloaded (>100%),Clear,Vehicle Breakdown,137.00,2.9
TRP02085,05/01/2025,Sunday,Yes,Midday (9Am-4Pm),11:20:00,11:14:00,4,111,5,-6,Yes,No,Low (<50%),Clear,None,80.00,1.8
TRP03400,21/01/2025,Tuesday,No,Evening Peak (4-7Pm),16:49:00,16:50:00,6,25,1,1,No,No,Moderate (50-80%),Clear,,155.00,2.9
TRP01596,30/04/2025,Wednesday,No,Evening Peak (4-7Pm),17:05:00,17:22:00,5,53,1,17,No,No,Low (<50%),Clear,Traffic Jam,86.00,2.3
TRP00229,14/03/2025,Friday,No,Morning Peak (7-9Am),08:42:00,08:42:00,4,20,10,0,Yes,No,Moderate (50-80%),Clear,None,122.00,5.2
TRP02762,20/08/2025,Wednesday,No,Evening Peak (4-7Pm),16:01:00,16:17:00,8,94,8,16,No,No,,Clear,Road Accident Nearby,89.00,2.2
TRP00903,26/08/2025,Tuesday,No,Morning Peak (7-9Am),07:00:00,07:32:00,12,20,9,32,No,No,Low (<50%),Clear,Vehicle Breakdown,250.00,2.8
TRP01761,26/07/2025,Saturday,Yes,Night (7-10Pm),21:50:00,21:52:00,6,54,10,2,No,No,Moderate (50-80%),Clear,Road Construction,100.00,
TRP01961,16/05/2025,Friday,No,Morning Peak (7-9Am),08:59:00,09:10:00,3,109,5,11,No,No,Full (80-100%),Light Rain,Police Checkpoint,152.00,1.4
TRP03001,19/07/2025,Saturday,Yes,Midday (9Am-4Pm),14:29:00,14:35:00,1,112,6,6,No,No,Moderate (50-80%),Clear,Police Checkpoint,100.00,2.1
TRP01600,27/06/2025,Friday,No,Early Morning (5-7Am),05:34:00,05:38:00,11,61,7,4,No,No,Full (80-100%),Overcast,Road Construction,110.00,5.0
TRP00471,06/05/2025,Tuesday,No,Evening Peak (4-7Pm),17:20:00,17:22:00,10,69,5,2,No,No,Full (80-100%),Light Rain,None,109.00,3.5
TRP00377,02/02/2025,Sunday,Yes,Midday (9Am-4Pm),09:19:00,09:24:00,3,98,7,5,No,No,Moderate (50-80%),Clear,Overloading Delay,,2.9
TRP00958,08/04/2025,Tuesday,No,Morning Peak (7-9Am),07:05:00,07:11:00,8,78,4,6,No,No,Moderate (50-80%),Clear,Overloading Delay,81.00,2.3
TRP01779,22/07/2025,Tuesday,No,Morning Peak (7-9Am),07:30:00,07:52:00,5,38,5,22,No,No,Full (80-100%),Light Rain,Road Accident Nearby,125.00,3.7
TRP01786,10/05/2025,Saturday,Yes,Morning Peak (7-9Am),07:45:00,07:56:00,12,88,8,11,No,No,Low (<50%),Clear,Traffic Jam,212.00,1.4
TRP00876,11/01/2025,Saturday,Yes,Midday (9Am-4Pm),10:54:00,11:02:00,8,50,6,8,No,No,Full (80-100%),,,60.00,2.2
TRP00312,17/07/2025,Thursday,No,Night (7-10Pm),21:50:00,22:06:00,8,72,7,16,No,No,,Clear,Traffic Jam,60.00,3.1
TRP00652,13/06/2025,Friday,No,Midday (9Am-4Pm),15:13:00,15:14:00,3,99,3,1,No,No,Moderate (50-80%),Clear,None,120.00,
TRP01971,18/08/2025,Monday,No,Midday (9Am-4Pm),12:28:00,12:54:00,4,9,7,26,No,No,Moderate (50-80%),Clear,,80.00,2.2
TRP01085,07/02/2025,Wednesday,No,Midday (9Am-4Pm),10:27:00,10:31:00,2,85,7,4,No,No,Low (<50%),Overcast,Road Construction,90.00,3.3
TRP01203,01/04/2025,Tuesday,No,Midday (9Am-4Pm),14:26:00,14:34:00,5,74,1,8,No,No,Moderate (50-80%),Heavy Rain,None,79.00,1.7
TRP00982,13/07/2025,Sunday,Yes,Midday (9Am-4Pm),15:22:00,15:30:00,11,31,8,8,No,No,Low (<50%),,Road Accident Nearby,110.00,1.7
TRP03030,01/02/2025,Saturday,Yes,Evening Peak (4-7Pm),16:52:00,16:49:00,12,50,6,-3,Yes,No,Full (80-100%),Light Rain,,,4.1
TRP00110,12/01/2025,Sunday,Yes,Night (7-10Pm),19:43:00,19:51:00,5,29,6,8,No,No,Full (80-100%),Heavy Rain,Overloading Delay,85.00,2.4
TRP03388,12/08/2025,Tuesday,No,Early Morning (5-7Am),06:23:00,06:32:00,1,77,9,9,No,No,Low (<50%),Clear,Overloading Delay,100.00,3.6
TRP01333,01/04/2025,Tuesday,No,Evening Peak (4-7Pm),16:27:00,16:31:00,10,67,11,4,No,No,Full (80-100%),Clear,None,85.00,3.4
TRP02086,10/03/2025,Monday,No,Night (7-10Pm),21:38:00,21:39:00,5,32,3,1,No,No,Full (80-100%),Clear,Police Checkpoint,70.00,3.0
TRP00104,11/01/2025,Saturday,Yes,Midday (9Am-4Pm),10:21:00,10:18:00,2,10,5,-3,Yes,No,Moderate (50-80%),Clear,None,90.00,3.6
TRP01118,12/01/2025,Sunday,Yes,Midday (9Am-4Pm),13:19:00,13:17:00,8,89,6,-2,Yes,No,Moderate (50-80%),Clear,None,60.00,4.3
TRP01883,20/07/2025,Sunday,Yes,Morning Peak (7-9Am),07:20:00,07:29:00,9,10,9,9,No,No,Moderate (50-80%),Overcast,Traffic Jam,109.00,2.6
TRP00200,20/05/2025,Tuesday,No,Evening Peak (4-7Pm),16:08:00,16:08:00,4,81,,0,Yes,No,Moderate (50-80%),Clear,Police Checkpoint,98.00,3.3
TRP01713,21/03/2025,Friday,No,Evening Peak (4-7Pm),18:56:00,19:15:00,4,90,6,19,No,No,Full (80-100%),Overcast,Vehicle Breakdown,102.00,1.9
TRP00162,21/03/2025,Friday,No,Evening Peak (4-7Pm),16:48:00,17:09:00,12,91,10,21,No,No,Moderate (50-80%),Clear,Traffic Jam,215.00,3.8
TRP03240,04/08/2025,Monday,No,Morning Peak (7-9Am),08:08:00,08:18:00,1,28,1,10,No,No,Full (80-100%),Clear,Overloading Delay,135.00,2.6
TRP03188,01/07/2025,Tuesday,No,Midday (9Am-4Pm),15:05:00,15:16:00,1,5,7,11,No,No,Moderate (50-80%),Heavy Rain,None,112.00,1.9
TRP02908,11/06/2025,Wednesday,No,Midday (9Am-4Pm),13:39:00,13:37:00,4,95,6,-2,Yes,No,Low (<50%),Light Rain,Overloading Delay,93.00,4.5
TRP01110,24/04/2025,Thursday,No,Night (7-10Pm),21:22:00,21:32:00,1,30,9,10,No,No,Moderate (50-80%),Clear,,100.00,2.4
TRP02063,19/07/2025,Saturday,Yes,Midday (9Am-4Pm),10:10:00,10:25:00,5,43,3,15,No,No,Moderate (50-80%),Overcast,Vehicle Breakdown,70.00,1.9
TRP02170,11/06/2025,Wednesday,No,Night (7-10Pm),21:26:00,21:29:00,4,100,6,3,No,No,Full (80-100%),Clear,Police Checkpoint,80.00,3.4
TRP02602,20/02/2025,Thursday,No,Morning Peak (7-9Am),07:14:00,07:36:00,4,63,9,22,No,No,Full (80-100%),Clear,Road Accident Nearby,96.00,2.6
TRP00268,19/08/2025,Tuesday,No,Night (7-10Pm),21:03:00,21:23:00,12,20,5,20,No,No,Low (<50%),Light Rain,Road Accident Nearby,191.00,2.6
TRP01789,17/04/2025,Thursday,No,Morning Peak (7-9Am),08:33:00,08:32:00,11,12,7,-1,Yes,No,Full (80-100%),Clear,None,124.00,3.0
TRP00432,08/05/2025,Thursday,No,Night (7-10Pm),19:46:00,19:59:00,12,26,5,13,No,No,,Clear,Road Accident Nearby,160.00,2.8
TRP03011,09/01/2025,Thursday,No,Morning Peak (7-9Am),07:57:00,08:10:00,9,60,1,13,No,No,Moderate (50-80%),Overcast,Traffic Jam,112.00,2.3
TRP03459,24/07/2025,Thursday,No,Morning Peak (7-9Am),08:35:00,08:39:00,3,19,8,4,No,No,Moderate (50-80%),Clear,None,148.00,4.8
TRP00354,26/06/2025,Thursday,No,Midday (9Am-4Pm),11:35:00,11:35:00,5,97,11,0,Yes,No,,,Police Checkpoint,70.00,4.5
TRP02467,09/04/2025,Wednesday,No,Morning Peak (7-9Am),07:26:00,07:33:00,4,18,5,7,No,Yes,Full (80-100%),,None,119.00,3.1
TRP00486,19/08/2025,Tuesday,No,Morning Peak (7-9Am),07:43:00,07:40:00,6,100,11,-3,Yes,No,Full (80-100%),Clear,None,145.00,
TRP03199,29/03/2025,Saturday,Yes,Midday (9Am-4Pm),14:44:00,14:52:00,1,95,3,8,No,No,Moderate (50-80%),Clear,Road Accident Nearby,100.00,2.8
TRP02443,22/07/2025,Tuesday,No,Early Morning (5-7Am),06:31:00,06:34:00,11,51,6,3,No,No,Moderate (50-80%),Overcast,Traffic Jam,110.00,4.7
TRP02500,15/03/2025,Saturday,Yes,Morning Peak (7-9Am),07:29:00,07:30:00,2,110,8,1,No,No,Moderate (50-80%),Overcast,None,132.00,4.0
TRP03289,07/03/2025,Friday,No,Morning Peak (7-9Am),08:41:00,08:58:00,9,60,3,17,No,No,  Overloaded (>100%)  ,Clear,Road Accident Nearby,113.00,
TRP01676,25/01/2025,Saturday,Yes,Morning Peak (7-9Am),07:26:00,07:45:00,3,13,10,19,No,No,Overloaded (>100%),Heavy Rain,None,193.00,3.0
TRP00407,11/07/2025,Friday,No,Evening Peak (4-7Pm),17:08:00,17:10:00,11,54,10,2,No,No,Low (<50%),Clear,Police Checkpoint,128.00,2.6
TRP01799,16/06/2025,Monday,No,Midday (9Am-4Pm),11:28:00,11:32:00,5,67,6,4,No,No,Low (<50%),Overcast,None,70.00,4.2
TRP00138,07/03/2025,Friday,No,Evening Peak (4-7Pm),17:30:00,17:34:00,5,8,9,4,No,No,Full (80-100%),Overcast,None,,
TRP02388,18/08/2025,Monday,No,Early Morning (5-7Am),05:44:00,05:48:00,2,10,1,4,No,No,Full (80-100%),Heavy Rain,None,114.00,5.0
TRP02238,20/06/2025,Friday,No,Midday (9Am-4Pm),15:05:00,15:06:00,11,115,7,1,No,No,Moderate (50-80%),Clear,Police Checkpoint,110.00,5.0
TRP00120,24/03/2025,Monday,No,Evening Peak (4-7Pm),18:08:00,18:21:00,2,29,7,13,No,No,Low (<50%),Clear,Road Construction,113.00,4.2
TRP01980,16/07/2025,Wednesday,No,Morning Peak (7-9Am),08:50:00,08:59:00,2,41,8,9,No,No,Moderate (50-80%),Clear,None,117.00,1.8
TRP00919,14/02/2025,Friday,No,Morning Peak (7-9Am),07:59:00,08:03:00,12,92,6,4,No,No,Moderate (50-80%),Light Rain,None,259.00,
TRP01542,12/07/2025,Saturday,Yes,Midday (9Am-4Pm),15:06:00,15:10:00,9,75,10,4,No,No,Moderate (50-80%),Clear,None,80.00,3.8
TRP01610,20/04/2025,Sunday,Yes,Evening Peak (4-7Pm),16:57:00,17:09:00,8,39,1,12,No,No,Overloaded (>100%),Clear,Overloading Delay,85.00,2.2
TRP02592,19/05/2025,Monday,No,Night (7-10Pm),21:15:00,21:52:00,6,107,8,37,No,No,Moderate (50-80%),Heavy Rain,Vehicle Breakdown,118.00,2.1
TRP00416,03/04/2025,Thursday,No,Evening Peak (4-7Pm),17:39:00,18:18:00,11,74,8,39,No,No,Moderate (50-80%),Heavy Rain,Vehicle Breakdown,149.00,2.4
TRP02859,12/05/2025,Monday,No,Midday (9Am-4Pm),13:31:00,13:28:00,11,15,2,-3,Yes,No,Low (<50%),Clear,None,110.00,3.4
TRP03234,06/05/2025,Tuesday,No,Evening Peak (4-7Pm),18:13:00,18:23:00,5,60,1,10,No,No,Moderate (50-80%),Light Rain,Overloading Delay,113.00,2.9
TRP02598,30/05/2025,Friday,No,Night (7-10Pm),20:01:00,20:19:00,8,83,10,18,No,No,Low (<50%),Clear,Traffic Jam,60.00,1.9
TRP02742,30/07/2025,Wednesday,No,Morning Peak (7-9Am),07:44:00,08:02:00,12,64,9,18,No,No,Full (80-100%),Clear,,191.00,3.3
TRP02930,17/05/2025,Saturday,Yes,Morning Peak (7-9Am),08:04:00,08:00:00,10,9,4,-4,Yes,No,Low (<50%),Clear,None,104.00,4.4
TRP02007,27/05/2025,Tuesday,No,Evening Peak (4-7Pm),18:51:00,19:03:00,12,45,3,12,No,No,,Clear,None,195.00,1.9
TRP01988,04/08/2025,Monday,No,Evening Peak (4-7Pm),18:14:00,18:34:00,6,53,3,20,No,No,Moderate (50-80%),Heavy Rain,None,178.00,1.4
TRP00074,22/06/2025,Sunday,Yes,Morning Peak (7-9Am),08:55:00,08:51:00,2,10,2,-4,Yes,No,Low (<50%),Light Rain,None,153.00,4.5
TRP00428,20/01/2025,Monday,No,Evening Peak (4-7Pm),16:37:00,16:46:00,12,40,6,9,No,No,Low (<50%),Clear,None,192.00,3.2
TRP01630,19/08/2025,Tuesday,No,Evening Peak (4-7Pm),18:54:00,19:04:00,2,115,9,10,No,No,Moderate (50-80%),Clear,Overloading Delay,142.00,2.3
TRP00967,13/01/2025,Monday,No,Morning Peak (7-9Am),07:49:00,07:54:00,9,40,4,5,No,No,Moderate (50-80%),Clear,Police Checkpoint,89.00,2.1
TRP01174,01/03/2025,Saturday,Yes,Midday (9Am-4Pm),12:40:00,12:59:00,5,20,5,19,No,No,Low (<50%),Clear,Road Accident Nearby,70.00,3.2
TRP00236,21/04/2025,Monday,No,Evening Peak (4-7Pm),17:25:00,17:33:00,6,92,9,8,No,No,Full (80-100%),Clear,Road Construction,127.00,2.9
TRP00325,15/05/2025,Thursday,No,Midday (9Am-4Pm),11:35:00,11:52:00,12,92,4,17,No,No,Full (80-100%),Clear,Vehicle Breakdown,160.00,4.5
TRP03336,31/07/2025,Thursday,No,Midday (9Am-4Pm),14:24:00,14:26:00,9,29,7,2,No,No,Low (<50%),Clear,Road Construction,80.00,2.4
TRP01993,17/02/2025,Monday,No,Midday (9Am-4Pm),15:55:00,16:09:00,10,48,2,14,No,No,Moderate (50-80%),Clear,Vehicle Breakdown,70.00,2.1
TRP00282,13/02/2025,Thursday,No,Evening Peak (4-7Pm),18:27:00,18:36:00,4,12,2,9,No,No,Full (80-100%),Overcast,Traffic Jam,111.00,1.8
TRP03409,06/07/2025,Sunday,Yes,Midday (9Am-4Pm),12:12:00,12:14:00,4,93,8,2,No,No,Low (<50%),Light Rain,Overloading Delay,100.00,3.1
TRP01917,25/07/2025,Friday,No,Morning Peak (7-9Am),07:22:00,07:36:00,4,79,1,14,No,No,Overloaded (>100%),Heavy Rain,None,131.00,3.2
TRP01850,24/07/2025,Thursday,No,Midday (9Am-4Pm),12:44:00,12:50:00,12,5,4,6,No,No,Moderate (50-80%),Light Rain,None,168.00,2.1
TRP01489,11/06/2025,Wednesday,No,Morning Peak (7-9Am),07:32:00,07:33:00,12,44,4,1,No,No,  Low (<50%)  ,Clear,None,240.00,4.4
TRP02594,07/06/2025,Saturday,Yes,Morning Peak (7-9Am),07:22:00,07:23:00,2,83,1,1,No,No,Low (<50%),Clear,None,116.00,5.0
TRP01570,26/08/2025,Tuesday,No,Night (7-10Pm),19:35:00,19:38:00,5,119,9,3,No,No,Moderate (50-80%),Clear,Overloading Delay,70.00,5.0
TRP01647,15/01/2025,Wednesday,No,Early Morning (5-7Am),06:32:00,06:33:00,5,34,2,1,No,No,Moderate (50-80%),Clear,Police Checkpoint,70.00,4.1
TRP01369,01/04/2025,Tuesday,No,Night (7-10Pm),21:05:00,21:05:00,5,72,10,0,Yes,No,,Overcast,None,70.00,4.6
TRP02403,14/03/2025,Friday,No,Morning Peak (7-9Am),07:59:00,08:12:00,6,57,11,13,No,No,Moderate (50-80%),Overcast,Road Construction,113.00,2.3
TRP01169,28/02/2025,Friday,No,Early Morning (5-7Am),05:16:00,05:24:00,2,72,2,8,No,No,Full (80-100%),Overcast,Police Checkpoint,,2.8
TRP01903,27/06/2025,Friday,No,Midday (9Am-4Pm),09:43:00,09:49:00,1,24,4,6,No,No,Moderate (50-80%),Clear,Road Construction,100.00,2.7
TRP03250,11/05/2025,Sunday,Yes,Midday (9Am-4Pm),13:21:00,13:35:00,3,62,5,14,No,No,Moderate (50-80%),Clear,Road Construction,120.00,2.7
TRP00731,07/08/2025,Thursday,No,Early Morning (5-7Am),06:52:00,06:59:00,7,15,8,7,No,No,Low (<50%),Clear,Road Construction,150.00,2.2
TRP02608,16/01/2025,Thursday,No,Morning Peak (7-9Am),08:24:00,08:49:00,7,107,4,25,No,No,Moderate (50-80%),Clear,Vehicle Breakdown,190.00,2.8
TRP02811,22/07/2025,Tuesday,No,Morning Peak (7-9Am),07:14:00,07:23:00,3,51,7,9,No,No,Moderate (50-80%),Clear,Traffic Jam,165.00,2.9
TRP00555,15/07/2025,Tuesday,No,Morning Peak (7-9Am),08:17:00,08:18:00,10,30,5,1,No,No,Moderate (50-80%),Clear,None,77.00,3.7
TRP01544,17/06/2025,Tuesday,No,Evening Peak (4-7Pm),16:40:00,16:44:00,7,100,1,4,No,No,Low (<50%),,None,215.00,4.7
TRP01003,17/01/2025,Friday,No,Early Morning (5-7Am),06:52:00,07:04:00,12,17,10,12,No,Yes,Moderate (50-80%),Clear,Road Construction,160.00,3.1
TRP00115,22/03/2025,Saturday,Yes,Evening Peak (4-7Pm),17:41:00,17:57:00,7,118,11,16,No,No,Full (80-100%),Light Rain,Traffic Jam,246.00,
TRP00817,07/04/2025,Monday,No,Evening Peak (4-7Pm),16:32:00,16:34:00,6,74,1,2,No,No,Low (<50%),Overcast,None,144.00,5.0
TRP01223,16/02/2025,Sunday,Yes,Evening Peak (4-7Pm),17:50:00,18:37:00,6,20,8,47,No,No,Moderate (50-80%),Heavy Rain,Vehicle Breakdown,173.00,2.6
TRP02034,27/02/2025,Thursday,No,Morning Peak (7-9Am),07:07:00,07:23:00,12,54,5,16,No,No,Moderate (50-80%),Clear,Vehicle Breakdown,191.00,2.7
TRP02102,06/04/2025,Sunday,Yes,Morning Peak (7-9Am),07:03:00,07:18:00,8,29,10,15,No,No,Moderate (50-80%),Heavy Rain,None,97.00,
TRP00883,22/03/2025,Saturday,Yes,Midday (9Am-4Pm),15:34:00,15:31:00,5,8,4,-3,Yes,No,Low (<50%),Light Rain,Overloading Delay,90.00,3.7
TRP01963,27/08/2025,Wednesday,No,Evening Peak (4-7Pm),17:09:00,17:35:00,12,72,,26,No,No,Full (80-100%),Clear,Vehicle Breakdown,232.00,1.0
TRP02566,07/01/2025,Tuesday,No,Midday (9Am-4Pm),14:00:00,14:07:00,5,57,2,7,No,No,Moderate (50-80%),Light Rain,Traffic Jam,76.00,
TRP01624,15/04/2025,Tuesday,No,Morning Peak (7-9Am),08:40:00,08:48:00,5,53,5,8,No,No,Full (80-100%),Clear,None,88.00,2.2
TRP02441,21/04/2025,Monday,No,Night (7-10Pm),21:53:00,21:59:00,6,118,6,6,No,No,Low (<50%),Clear,Traffic Jam,100.00,
TRP00335,15/03/2025,Saturday,Yes,Evening Peak (4-7Pm),16:28:00,16:54:00,3,114,2,26,No,No,Moderate (50-80%),Light Rain,Vehicle Breakdown,189.00,3.5
TRP02918,06/08/2025,Wednesday,No,Evening Peak (4-7Pm),16:41:00,16:50:00,2,85,3,9,No,No,Full (80-100%),Overcast,Overloading Delay,122.00,2.8
TRP01702,16/03/2025,Sunday,Yes,Midday (9Am-4Pm),09:34:00,09:53:00,2,34,1,19,No,No,Low (<50%),Clear,Road Accident Nearby,90.00,3.6
TRP01123,19/07/2025,Saturday,Yes,Midday (9Am-4Pm),14:00:00,13:58:00,7,24,8,-2,Yes,No,Low (<50%),Clear,None,150.00,
TRP03486,19/02/2025,Wednesday,No,Midday (9Am-4Pm),11:47:00,12:02:00,5,108,3,15,No,No,Low (<50%),Clear,Road Accident Nearby,70.00,1.5
TRP03356,24/02/2025,Monday,No,Morning Peak (7-9Am),08:43:00,08:48:00,7,30,7,5,No,No,Full (80-100%),Clear,Overloading Delay,195.00,2.3
TRP03017,25/07/2025,Friday,No,Night (7-10Pm),19:00:00,18:56:00,2,82,9,-4,Yes,No,Moderate (50-80%),Clear,None,90.00,2.8
TRP00134,31/07/2025,Thursday,No,Evening Peak (4-7Pm),16:32:00,16:41:00,10,98,8,9,No,No,Moderate (50-80%),Clear,Police Checkpoint,78.00,2.5
TRP02306,08/07/2025,Tuesday,No,Midday (9Am-4Pm),10:25:00,10:52:00,11,57,9,27,No,No,Moderate (50-80%),Clear,Vehicle Breakdown,110.00,2.0
TRP00618,06/05/2025,Tuesday,No,Midday (9Am-4Pm),12:39:00,12:40:00,2,34,6,1,No,No,,Clear,Overloading Delay,90.00,3.3
TRP00867,28/03/2025,Friday,No,Midday (9Am-4Pm),10:27:00,10:25:00,3,42,2,-2,Yes,No,Low (<50%),Clear,None,120.00,4.2
TRP00835,11/02/2025,Tuesday,No,Early Morning (5-7Am),05:54:00,06:00:00,10,120,8,6,No,No,Moderate (50-80%),Light Rain,Overloading Delay,74.00,2.0
TRP01055,24/06/2025,Tuesday,No,Early Morning (5-7Am),05:07:00,05:01:00,1,66,9,-6,Yes,No,Moderate (50-80%),Clear,None,100.00,
TRP01726,30/05/2025,Friday,No,Evening Peak (4-7Pm),17:45:00,17:47:00,6,118,10,2,No,No,Low (<50%),Clear,,121.00,5.0
TRP01719,12/06/2025,Thursday,No,Night (7-10Pm),21:52:00,21:52:00,4,29,,0,Yes,No,Low (<50%),Clear,Police Checkpoint,80.00,7.2
TRP03457,14/05/2025,Wednesday,No,Morning Peak (7-9Am),07:02:00,06:59:00,9,100,10,-3,Yes,No,Moderate (50-80%),Clear,None,115.00,3.7
TRP01591,27/03/2025,Thursday,No,Early Morning (5-7Am),05:23:00,05:44:00,12,55,8,21,No,No,Full (80-100%),Light Rain,Road Accident Nearby,181.00,1.9
TRP02735,18/08/2025,Monday,No,Midday (9Am-4Pm),10:30:00,10:32:00,10,28,5,2,No,No,Moderate (50-80%),Clear,Road Construction,70.00,3.6
TRP00316,10/05/2025,Saturday,Yes,Midday (9Am-4Pm),10:18:00,10:12:00,10,79,3,-6,Yes,Yes,Full (80-100%),Clear,None,70.00,2.7
TRP01503,15/06/2025,Sunday,Yes,Midday (9Am-4Pm),14:36:00,14:52:00,1,102,11,16,No,No,Low (<50%),Light Rain,Road Accident Nearby,127.00,3.7
TRP01077,25/07/2025,Friday,No,Midday (9Am-4Pm),15:48:00,15:54:00,5,4,7,6,No,No,Moderate (50-80%),Clear,Road Accident Nearby,70.00,1.8
TRP01427,08/08/2025,Friday,No,Evening Peak (4-7Pm),16:48:00,16:50:00,3,4,3,2,No,No,Moderate (50-80%),Clear,Overloading Delay,135.00,5.0
TRP01470,12/01/2025,Sunday,Yes,Midday (9Am-4Pm),10:33:00,10:30:00,12,8,11,-3,Yes,No,Moderate (50-80%),Clear,Overloading Delay,160.00,3.1
TRP00209,21/07/2025,Monday,No,Evening Peak (4-7Pm),16:09:00,16:20:00,6,28,3,11,No,No,Overloaded (>100%),Clear,Traffic Jam,151.00,2.7
TRP01065,29/07/2025,Tuesday,No,Night (7-10Pm),19:13:00,19:14:00,1,104,9,1,No,No,Full (80-100%),Light Rain,None,118.00,3.9
TRP02429,17/06/2025,Tuesday,No,Evening Peak (4-7Pm),16:55:00,17:07:00,6,22,10,12,No,No,Overloaded (>100%),Clear,Police Checkpoint,142.00,3.3
TRP00357,21/05/2025,Wednesday,No,Early Morning (5-7Am),05:16:00,05:18:00,11,82,1,2,No,No,  Low (<50%)  ,Clear,Overloading Delay,110.00,3.8
TRP01810,24/08/2025,Sunday,Yes,Evening Peak (4-7Pm),16:54:00,16:48:00,2,75,,-6,Yes,No,Full (80-100%),Clear,None,103.00,3.8
TRP01534,13/03/2025,Thursday,No,Morning Peak (7-9Am),08:28:00,08:34:00,3,35,3,6,No,No,Overloaded (>100%),Clear,Police Checkpoint,183.00,3.7
TRP00828,04/05/2025,Sunday,Yes,Evening Peak (4-7Pm),17:41:00,17:48:00,12,2,9,7,No,No,Overloaded (>100%),Light Rain,Police Checkpoint,214.00,1.8
TRP02397,28/02/2025,Friday,No,Midday (9Am-4Pm),15:19:00,15:28:00,2,48,1,9,No,No,,Clear,Traffic Jam,90.00,1.4
TRP02111,10/06/2025,Tuesday,No,Morning Peak (7-9Am),08:01:00,08:11:00,4,117,7,10,No,No,Full (80-100%),Clear,None,88.00,4.8
TRP02512,03/03/2025,Monday,No,Morning Peak (7-9Am),07:44:00,07:41:00,4,107,5,-3,Yes,No,Full (80-100%),Clear,None,94.00,3.7
TRP01401,04/07/2025,Friday,No,Evening Peak (4-7Pm),18:13:00,18:25:00,8,11,11,12,No,No,Full (80-100%),Light Rain,Road Construction,96.00,4.0
TRP02019,01/04/2025,Tuesday,No,Early Morning (5-7Am),05:33:00,05:27:00,3,57,5,-6,Yes,No,Low (<50%),Clear,None,120.00,1.0
TRP02392,03/04/2025,Thursday,No,Morning Peak (7-9Am),08:40:00,08:49:00,10,7,10,9,No,No,Moderate (50-80%),Clear,Road Construction,79.00,2.4
TRP02647,04/07/2025,Friday,No,Morning Peak (7-9Am),08:13:00,08:17:00,5,75,11,4,No,No,Moderate (50-80%),Clear,Overloading Delay,,3.7
TRP01662,06/08/2025,Wednesday,No,Morning Peak (7-9Am),07:21:00,07:55:00,9,72,7,34,No,No,Full (80-100%),Overcast,Vehicle Breakdown,127.00,4.8
TRP00694,14/01/2025,Tuesday,No,Morning Peak (7-9Am),07:45:00,08:08:00,2,35,5,23,No,Yes,Moderate (50-80%),Clear,Road Construction,139.00,4.0
TRP02320,22/06/2025,Sunday,Yes,Night (7-10Pm),20:00:00,19:57:00,10,67,1,-3,Yes,No,Moderate (50-80%),Clear,Police Checkpoint,70.00,3.5
TRP01015,05/07/2025,Saturday,Yes,Evening Peak (4-7Pm),18:49:00,18:56:00,11,115,1,7,No,No,Moderate (50-80%),Clear,Overloading Delay,127.00,3.1
TRP02168,27/07/2025,Sunday,Yes,Midday (9Am-4Pm),09:55:00,09:49:00,7,83,1,-6,Yes,No,Full (80-100%),Clear,None,150.00,1.0
TRP01945,23/02/2025,Sunday,Yes,Night (7-10Pm),21:24:00,21:19:00,5,74,3,-5,Yes,No,Moderate (50-80%),Overcast,None,70.00,3.4
TRP02355,13/01/2025,Monday,No,Morning Peak (7-9Am),08:25:00,08:29:00,12,120,9,4,No,No,Moderate (50-80%),Light Rain,None,267.00,3.7
TRP00402,27/03/2025,Thursday,No,Evening Peak (4-7Pm),16:01:00,16:04:00,8,70,5,3,No,No,Full (80-100%),Clear,None,76.00,2.6
TRP00905,27/07/2025,Sunday,Yes,Morning Peak (7-9Am),07:17:00,07:12:00,5,33,10,-5,Yes,No,Moderate (50-80%),Clear,None,101.00,4.7
TRP03068,16/07/2025,Wednesday,No,Evening Peak (4-7Pm),18:13:00,18:25:00,9,106,6,12,No,No,Full (80-100%),Light Rain,None,159.00,3.2
TRP00684,07/02/2025,Friday,No,Morning Peak (7-9Am),07:50:00,08:08:00,1,81,,18,No,No,,Light Rain,Road Construction,178.00,1.6
TRP01336,22/06/2025,Sunday,Yes,Evening Peak (4-7Pm),17:43:00,17:48:00,4,120,7,5,No,No,Moderate (50-80%),Clear,None,102.00,3.1
TRP01633,01/03/2025,Saturday,Yes,Night (7-10Pm),19:21:00,19:16:00,7,10,4,-5,Yes,No,Moderate (50-80%),Clear,None,150.00,4.3
TRP00300,26/05/2025,Monday,No,Morning Peak (7-9Am),08:36:00,08:40:00,6,62,6,4,No,No,Moderate (50-80%),Light Rain,None,195.00,4.0
TRP00323,25/02/2025,Tuesday,No,Evening Peak (4-7Pm),16:14:00,16:25:00,5,92,4,11,No,No,Overloaded (>100%),Heavy Rain,Overloading Delay,106.00,1.0
TRP02062,02/08/2025,Saturday,Yes,Midday (9Am-4Pm),15:43:00,15:53:00,3,120,1,10,No,No,Moderate (50-80%),Heavy Rain,Overloading Delay,152.00,2.1
TRP01663,18/08/2025,Monday,No,Morning Peak (7-9Am),08:09:00,08:22:00,1,70,3,13,No,No,Moderate (50-80%),Clear,Traffic Jam,158.00,4.2
TRP02101,24/03/2025,Monday,No,Early Morning (5-7Am),06:15:00,06:23:00,4,10,3,8,No,No,Moderate (50-80%),Clear,Road Construction,80.00,1.5
TRP01820,30/01/2025,Thursday,No,Early Morning (5-7Am),05:41:00,05:42:00,7,93,11,1,No,No,Moderate (50-80%),Overcast,None,150.00,3.9
TRP00487,28/05/2025,Wednesday,No,Evening Peak (4-7Pm),16:17:00,16:40:00,10,117,6,23,No,No,Moderate (50-80%),Clear,Road Construction,101.00,
TRP00401,17/08/2025,Sunday,Yes,Midday (9Am-4Pm),15:30:00,15:37:00,4,68,4,7,No,No,Low (<50%),Clear,Vehicle Breakdown,80.00,
TRP00257,20/08/2025,Wednesday,No,Morning Peak (7-9Am),08:22:00,08:48:00,7,14,11,26,No,No,Low (<50%),Light Rain,Traffic Jam,242.00,
TRP00089,18/02/2025,Tuesday,No,Morning Peak (7-9Am),07:13:00,07:28:00,6,50,3,15,No,No,Full (80-100%),Clear,Road Construction,130.00,1.1
TRP00949,16/07/2025,Wednesday,No,Midday (9Am-4Pm),12:30:00,12:29:00,5,84,,-1,Yes,No,Moderate (50-80%),Light Rain,None,86.00,2.0
TRP00976,02/06/2025,Monday,No,Morning Peak (7-9Am),08:10:00,08:29:00,1,48,10,19,No,No,Moderate (50-80%),Clear,Overloading Delay,115.00,1.2
TRP01991,18/07/2025,Friday,No,Midday (9Am-4Pm),14:32:00,14:48:00,6,87,6,16,No,No,Moderate (50-80%),Clear,Vehicle Breakdown,100.00,3.9
TRP02815,14/05/2025,Wednesday,No,Morning Peak (7-9Am),08:38:00,08:46:00,9,56,9,8,No,No,Moderate (50-80%),Overcast,Police Checkpoint,108.00,3.5
TRP00148,30/07/2025,Wednesday,No,Early Morning (5-7Am),05:31:00,05:39:00,12,116,6,8,No,No,,Clear,Police Checkpoint,160.00,2.2
TRP00385,14/04/2025,Monday,No,Evening Peak (4-7Pm),17:32:00,17:48:00,1,67,7,16,No,No,Full (80-100%),Clear,Overloading Delay,152.00,1.3
TRP03149,26/07/2025,Saturday,Yes,Midday (9Am-4Pm),14:52:00,15:09:00,9,6,10,17,No,No,Full (80-100%),,Traffic Jam,101.00,3.3
TRP02069,24/08/2025,Sunday,Yes,Morning Peak (7-9Am),07:54:00,08:00:00,9,107,1,6,No,No,,Clear,Traffic Jam,101.00,2.3
TRP02601,05/12/2025,Monday,No,Evening Peak (4-7Pm),18:07:00,18:18:00,1,19,7,11,No,No,Overloaded (>100%),Light Rain,None,153.00,1.4
TRP02914,11/02/2025,Tuesday,No,Midday (9Am-4Pm),14:48:00,14:59:00,1,18,9,11,No,No,Low (<50%),Clear,Road Accident Nearby,100.00,2.3
TRP03139,18/07/2025,Friday,No,Evening Peak (4-7Pm),17:29:00,17:31:00,3,49,7,2,No,No,Full (80-100%),,Road Construction,153.00,5.0
TRP01050,01/01/2025,Wednesday,No,Midday (9Am-4Pm),09:56:00,10:10:00,4,39,9,14,No,No,Low (<50%),Clear,Road Accident Nearby,80.00,2.0
TRP00871,06/06/2025,Friday,No,Morning Peak (7-9Am),07:34:00,07:51:00,10,61,4,17,No,No,Moderate (50-80%),Clear,Road Accident Nearby,102.00,2.9
TRP00912,12/03/2025,Wednesday,No,Morning Peak (7-9Am),07:17:00,07:42:00,2,24,11,25,No,No,Full (80-100%),Clear,Vehicle Breakdown,129.00,2.7
TRP00005,20/07/2025,Sunday,Yes,Morning Peak (7-9Am),08:29:00,08:38:00,3,98,1,9,No,No,Moderate (50-80%),Clear,,151.00,4.0
TRP00244,15/05/2025,Thursday,No,Midday (9Am-4Pm),12:30:00,12:39:00,6,118,11,9,No,No,,Clear,Road Construction,100.00,3.4
TRP00987,01/04/2025,Tuesday,No,Morning Peak (7-9Am),08:06:00,08:06:00,5,87,11,0,Yes,No,Low (<50%),Clear,None,90.00,3.5
TRP00913,20/05/2025,Tuesday,No,Early Morning (5-7Am),05:14:00,05:12:00,12,102,3,-2,Yes,No,Full (80-100%),Clear,None,160.00,3.9
TRP01705,22/04/2025,Tuesday,No,Evening Peak (4-7Pm),16:25:00,16:31:00,5,4,11,6,No,No,Overloaded (>100%),Light Rain,None,,2.1
TRP01304,16/02/2025,Sunday,Yes,Evening Peak (4-7Pm),18:58:00,19:04:00,6,112,3,6,No,No,Moderate (50-80%),Light Rain,None,168.00,2.6
TRP03439,29/01/2025,Wednesday,No,Night (7-10Pm),19:46:00,19:40:00,11,108,11,-6,Yes,No,Moderate (50-80%),Clear,None,110.00,3.9
TRP03094,10/02/2025,Monday,No,Morning Peak (7-9Am),07:11:00,07:19:00,5,84,7,8,No,No,Overloaded (>100%),Overcast,None,95.00,2.8
TRP00346,28/05/2025,Wednesday,No,Midday (9Am-4Pm),14:49:00,15:14:00,9,31,10,25,No,No,Full (80-100%),Overcast,Road Accident Nearby,80.00,2.4
TRP01742,30/04/2025,Wednesday,No,Evening Peak (4-7Pm),18:31:00,18:37:00,10,77,9,6,No,No,,Clear,None,80.00,2.2
TRP02570,05/01/2025,Sunday,Yes,Evening Peak (4-7Pm),16:03:00,16:25:00,3,71,7,22,No,No,Low (<50%),Light Rain,Road Accident Nearby,,2.4
TRP01916,05/01/2025,Sunday,Yes,Evening Peak (4-7Pm),16:55:00,17:01:00,1,40,1,6,No,No,Full (80-100%),Clear,Road Construction,140.00,1.3
TRP00548,12/08/2025,Tuesday,No,Evening Peak (4-7Pm),17:14:00,17:20:00,6,53,9,6,No,No,Moderate (50-80%),Clear,None,113.00,4.0
TRP00067,15/06/2025,Sunday,Yes,Night (7-10Pm),21:51:00,21:59:00,5,6,11,8,No,No,Low (<50%),Clear,Vehicle Breakdown,70.00,2.2
TRP01153,03/05/2025,Saturday,Yes,Midday (9Am-4Pm),10:42:00,10:36:00,2,117,2,-6,Yes,No,Moderate (50-80%),Clear,None,90.00,2.9
TRP02803,15/04/2025,Tuesday,No,Morning Peak (7-9Am),08:44:00,08:50:00,2,91,6,6,No,No,Overloaded (>100%),Overcast,Police Checkpoint,136.00,2.4
TRP01807,05/01/2025,Sunday,Yes,Midday (9Am-4Pm),09:28:00,09:31:00,4,115,7,3,No,No,,Clear,Overloading Delay,80.00,4.0
TRP03180,01/04/2025,Tuesday,No,Morning Peak (7-9Am),07:43:00,07:47:00,9,15,3,4,No,No,Overloaded (>100%),,None,125.00,3.3
TRP02354,31/03/2025,Monday,No,Early Morning (5-7Am),06:21:00,06:25:00,9,40,1,4,No,No,Low (<50%),Clear,Overloading Delay,80.00,3.8
TRP03288,17/02/2025,Monday,No,Morning Peak (7-9Am),07:20:00,07:25:00,6,95,2,5,No,Yes,Low (<50%),Clear,Traffic Jam,126.00,3.4
TRP00557,02/03/2025,Sunday,Yes,Night (7-10Pm),21:09:00,21:04:00,10,71,4,-5,Yes,No,Full (80-100%),Clear,,70.00,4.2
TRP02689,22/01/2025,Wednesday,No,Morning Peak (7-9Am),08:56:00,09:16:00,5,107,3,20,No,No,Full (80-100%),,Vehicle Breakdown,84.00,3.1
TRP02405,21/08/2025,Thursday,No,Midday (9Am-4Pm),09:48:00,09:51:00,9,92,2,3,No,No,Low (<50%),Clear,Police Checkpoint,80.00,3.6
TRP01942,23/04/2025,Wednesday,No,Morning Peak (7-9Am),07:56:00,08:00:00,8,114,5,4,No,No,Moderate (50-80%),Clear,None,79.00,4.4
TRP03023,07/03/2025,Friday,No,Evening Peak (4-7Pm),18:12:00,18:13:00,12,116,6,1,No,No,Overloaded (>100%),Clear,None,215.00,4.6
TRP03378,29/01/2025,Wednesday,No,Evening Peak (4-7Pm),16:18:00,16:32:00,5,46,6,14,No,No,Low (<50%),Clear,Overloading Delay,102.00,3.9
TRP02190,14/07/2025,Monday,No,Midday (9Am-4Pm),13:51:00,13:54:00,2,71,7,3,No,No,Moderate (50-80%),Clear,Overloading Delay,90.00,4.1
TRP01041,23/01/2025,Thursday,No,Early Morning (5-7Am),06:59:00,07:02:00,8,100,2,3,No,No,Low (<50%),Clear,Police Checkpoint,60.00,2.7
TRP01595,14/04/2025,Monday,No,Night (7-10Pm),19:25:00,19:26:00,6,111,10,1,No,No,Overloaded (>100%),Clear,Overloading Delay,100.00,
TRP02557,19/05/2025,Monday,No,Evening Peak (4-7Pm),17:14:00,17:22:00,9,111,6,8,No,No,Full (80-100%),Clear,None,118.00,1.9
TRP02381,16/02/2025,Sunday,Yes,Night (7-10Pm),20:04:00,20:10:00,9,33,4,6,No,No,Moderate (50-80%),,None,98.00,3.5
TRP02915,27/06/2025,Friday,No,Midday (9Am-4Pm),11:09:00,11:21:00,1,39,6,12,No,No,Low (<50%),Heavy Rain,None,129.00,1.0
TRP00837,22/04/2025,Tuesday,No,Night (7-10Pm),20:37:00,20:31:00,11,33,10,-6,Yes,No,Low (<50%),Clear,None,110.00,1.3
TRP01780,27/08/2025,Wednesday,No,Midday (9Am-4Pm),11:12:00,11:11:00,4,51,1,-1,Yes,No,Low (<50%),Clear,None,80.00,8.2
TRP00442,10/06/2025,Tuesday,No,Early Morning (5-7Am),06:37:00,06:51:00,11,84,2,14,No,No,Moderate (50-80%),,Vehicle Breakdown,110.00,2.8
TRP01618,06/05/2025,Tuesday,No,Midday (9Am-4Pm),09:02:00,09:15:00,8,58,4,13,No,No,Full (80-100%),Clear,Traffic Jam,60.00,4.3
TRP02424,28/01/2025,Tuesday,No,Midday (9Am-4Pm),14:12:00,14:18:00,11,104,2,6,No,No,Low (<50%),Clear,Traffic Jam,110.00,3.2
TRP03021,30/03/2025,Sunday,Yes,Evening Peak (4-7Pm),17:48:00,17:56:00,4,85,6,8,No,No,Full (80-100%),Light Rain,Road Construction,161.00,2.4
TRP02054,19/01/2025,Sunday,Yes,Morning Peak (7-9Am),07:43:00,07:51:00,7,17,3,8,No,No,Full (80-100%),Overcast,None,230.00,1.3
TRP01464,26/03/2025,Wednesday,No,Morning Peak (7-9Am),08:21:00,08:25:00,9,64,10,4,No,No,Overloaded (>100%),Clear,Police Checkpoint,119.00,4.3
TRP00253,17/03/2025,Monday,No,Early Morning (5-7Am),05:52:00,05:47:00,7,60,11,-5,Yes,No,Moderate (50-80%),Clear,None,150.00,4.5
TRP02468,20/06/2025,Friday,No,Midday (9Am-4Pm),09:58:00,10:07:00,9,95,7,9,No,No,Full (80-100%),Clear,Traffic Jam,80.00,2.8
TRP00957,22/05/2025,Thursday,No,Morning Peak (7-9Am),08:30:00,08:28:00,8,36,11,-2,Yes,No,Low (<50%),Clear,None,71.00,3.7
TRP02672,01/08/2025,Friday,No,Evening Peak (4-7Pm),17:42:00,17:49:00,7,34,11,7,No,No,Moderate (50-80%),Light Rain,Road Construction,220.00,2.7
TRP01150,30/01/2025,Thursday,No,Evening Peak (4-7Pm),16:37:00,16:35:00,10,1,8,-2,Yes,No,Full (80-100%),Clear,None,100.00,3.4
TRP03208,30/04/2025,Wednesday,No,Early Morning (5-7Am),06:36:00,06:44:00,5,73,8,8,No,No,Full (80-100%),Heavy Rain,Overloading Delay,90.00,1.8
TRP01013,21/04/2025,Monday,No,Morning Peak (7-9Am),08:57:00,09:20:00,6,4,10,23,No,No,Low (<50%),Clear,Vehicle Breakdown,132.00,2.1
TRP02018,04/08/2025,Monday,No,Morning Peak (7-9Am),08:40:00,09:08:00,10,42,5,28,No,No,Full (80-100%),Overcast,Road Accident Nearby,80.00,2.2
TRP00080,09/04/2025,Wednesday,No,Morning Peak (7-9Am),07:18:00,07:46:00,6,27,6,28,No,No,Moderate (50-80%),Clear,Road Accident Nearby,136.00,2.2
TRP03116,30/05/2025,Friday,No,Night (7-10Pm),19:24:00,19:28:00,11,90,1,4,No,No,Low (<50%),Clear,None,110.00,5.0
TRP02670,26/04/2025,Saturday,Yes,Evening Peak (4-7Pm),17:11:00,17:14:00,11,72,5,3,No,No,Moderate (50-80%),Clear,None,128.00,1.7
TRP01346,09/06/2025,Monday,No,Midday (9Am-4Pm),11:24:00,11:29:00,11,74,5,5,No,No,Low (<50%),Clear,None,110.00,2.6
TRP02525,14/03/2025,Friday,No,Morning Peak (7-9Am),08:52:00,08:56:00,6,43,10,4,No,No,Full (80-100%),Clear,None,117.00,4.4
TRP00942,01/02/2025,Saturday,Yes,Midday (9Am-4Pm),13:49:00,13:49:00,7,16,7,0,Yes,No,Low (<50%),Clear,None,150.00,3.4
TRP00333,19/05/2025,Monday,No,Morning Peak (7-9Am),08:46:00,09:13:00,10,119,6,27,No,No,  Full (80-100%)  ,Light Rain,Vehicle Breakdown,116.00,2.0
TRP01998,11/04/2025,Friday,No,Evening Peak (4-7Pm),17:07:00,17:20:00,6,71,8,13,No,No,,Light Rain,Police Checkpoint,135.00,2.9
TRP03130,28/02/2025,Friday,No,Early Morning (5-7Am),06:50:00,06:55:00,5,30,9,5,No,No,Low (<50%),Light Rain,Overloading Delay,80.00,2.3
TRP02875,13/06/2025,Friday,No,Midday (9Am-4Pm),13:11:00,13:11:00,8,29,3,0,Yes,No,Low (<50%),Clear,None,60.00,3.6
TRP03222,17/07/2025,Thursday,No,Morning Peak (7-9Am),07:26:00,07:37:00,6,72,9,11,No,No,Full (80-100%),Heavy Rain,None,140.00,1.0
TRP01541,11/08/2025,Monday,No,Morning Peak (7-9Am),07:16:00,07:23:00,10,38,9,7,No,No,Full (80-100%),Overcast,None,93.00,
TRP01959,07/05/2025,Wednesday,No,Morning Peak (7-9Am),07:10:00,07:20:00,8,89,10,10,No,No,Low (<50%),Overcast,None,84.00,
TRP02350,10/03/2025,Monday,No,Morning Peak (7-9Am),07:47:00,08:11:00,11,50,7,24,No,No,Full (80-100%),Clear,Vehicle Breakdown,140.00,2.1
TRP01598,07/06/2025,Saturday,Yes,Evening Peak (4-7Pm),18:33:00,18:32:00,9,17,4,-1,Yes,No,Full (80-100%),Overcast,None,125.00,5.0
TRP02540,27/07/2025,Sunday,Yes,Morning Peak (7-9Am),08:27:00,08:58:00,12,112,9,31,No,No,Moderate (50-80%),Light Rain,Vehicle Breakdown,218.00,2.6
TRP01586,03/02/2025,Monday,No,Morning Peak (7-9Am),07:03:00,07:15:00,9,33,1,12,No,No,Moderate (50-80%),Clear,Overloading Delay,89.00,4.2
TRP01267,08/07/2025,Tuesday,No,Evening Peak (4-7Pm),18:26:00,18:50:00,2,82,9,24,No,No,Moderate (50-80%),Heavy Rain,Police Checkpoint,176.00,3.0
TRP00927,19/04/2025,Saturday,Yes,Midday (9Am-4Pm),12:26:00,12:24:00,5,31,2,-2,Yes,No,Moderate (50-80%),Clear,None,70.00,3.7
TRP01605,01/04/2025,Tuesday,No,Morning Peak (7-9Am),08:35:00,09:06:00,1,27,4,31,No,No,Full (80-100%),Clear,Vehicle Breakdown,115.00,
TRP00348,06/08/2025,Wednesday,No,Morning Peak (7-9Am),08:45:00,08:58:00,8,24,10,13,No,No,Overloaded (>100%),Clear,None,89.00,7.2
TRP01130,27/04/2025,Sunday,Yes,Night (7-10Pm),20:45:00,20:43:00,12,83,6,-2,Yes,No,Overloaded (>100%),Light Rain,None,180.00,4.0
TRP03321,09/06/2025,Monday,No,Evening Peak (4-7Pm),16:19:00,16:40:00,7,2,9,21,No,No,Full (80-100%),Heavy Rain,None,237.00,2.7
TRP00794,27/05/2025,Tuesday,No,Evening Peak (4-7Pm),16:34:00,16:46:00,1,42,4,12,No,No,Full (80-100%),Clear,Road Construction,151.00,3.1
TRP02264,14/07/2025,Monday,No,Midday (9Am-4Pm),09:53:00,09:47:00,5,68,2,-6,Yes,No,Low (<50%),Overcast,None,70.00,2.3
TRP01957,02/01/2025,Thursday,No,Evening Peak (4-7Pm),16:26:00,16:34:00,12,34,3,8,No,No,Low (<50%),Clear,None,246.00,1.9
TRP01769,21/04/2025,Monday,No,Evening Peak (4-7Pm),17:23:00,17:23:00,8,103,11,0,Yes,No,,,None,95.00,3.2
TRP01193,06/02/2025,Thursday,No,Midday (9Am-4Pm),13:43:00,13:55:00,1,58,10,12,No,No,Low (<50%),Clear,Road Accident Nearby,100.00,2.1
TRP01107,06/05/2025,Tuesday,No,Evening Peak (4-7Pm),16:33:00,16:30:00,4,92,6,-3,Yes,No,Moderate (50-80%),Overcast,None,119.00,3.2
TRP01731,18/05/2025,Sunday,Yes,Early Morning (5-7Am),06:45:00,06:42:00,12,112,4,-3,Yes,No,Moderate (50-80%),Light Rain,None,182.00,2.5
TRP01185,07/03/2025,Friday,No,Evening Peak (4-7Pm),16:04:00,16:10:00,12,99,10,6,No,No,Moderate (50-80%),Clear,None,224.00,1.3
TRP01982,01/07/2025,Tuesday,No,Early Morning (5-7Am),05:07:00,05:07:00,1,80,3,0,Yes,No,Low (<50%),Clear,None,100.00,
TRP02213,01/03/2025,Saturday,Yes,Night (7-10Pm),21:59:00,21:57:00,9,90,8,-2,Yes,No,Moderate (50-80%),Clear,Overloading Delay,80.00,5.0
TRP00096,14/07/2025,Monday,No,Midday (9Am-4Pm),13:11:00,13:21:00,10,13,8,10,No,No,Full (80-100%),Clear,Traffic Jam,70.00,1.1
TRP01145,02/01/2025,Thursday,No,Morning Peak (7-9Am),08:21:00,08:18:00,4,119,6,-3,Yes,No,Full (80-100%),Clear,None,88.00,4.7
TRP02003,20/06/2025,Friday,No,Evening Peak (4-7Pm),17:26:00,17:53:00,3,30,2,27,No,No,Overloaded (>100%),Clear,Road Accident Nearby,135.00,
TRP03383,23/02/2025,Sunday,Yes,Midday (9Am-4Pm),13:52:00,14:03:00,12,105,7,11,No,No,Low (<50%),Clear,Road Construction,160.00,3.0
TRP01631,17/06/2025,Tuesday,No,Evening Peak (4-7Pm),18:04:00,18:13:00,12,103,7,9,No,No,Full (80-100%),Light Rain,None,271.00,2.1
TRP01792,15/01/2025,Wednesday,No,Evening Peak (4-7Pm),16:10:00,16:25:00,10,84,4,15,No,No,,Light Rain,Road Accident Nearby,101.00,1.0
TRP02197,18/01/2025,Saturday,Yes,Early Morning (5-7Am),06:46:00,07:10:00,10,43,9,24,No,No,Full (80-100%),Light Rain,Vehicle Breakdown,86.00,1.8
TRP02779,17/02/2025,Monday,No,Morning Peak (7-9Am),07:44:00,07:53:00,7,37,2,9,No,No,Overloaded (>100%),Overcast,None,223.00,2.8
TRP01682,01/01/2025,Wednesday,No,Evening Peak (4-7Pm),18:39:00,18:53:00,8,56,1,14,No,No,Full (80-100%),Clear,Police Checkpoint,73.00,2.3
TRP00616,09/03/2025,Sunday,Yes,Morning Peak (7-9Am),08:19:00,08:23:00,12,89,3,4,No,No,Moderate (50-80%),Clear,None,189.00,4.0
TRP01746,30/05/2025,Friday,No,Morning Peak (7-9Am),08:13:00,08:16:00,8,117,10,3,No,No,Overloaded (>100%),Clear,,93.00,4.1
TRP00723,06/01/2025,Monday,No,Night (7-10Pm),19:18:00,19:22:00,11,31,11,4,No,No,Low (<50%),Clear,Overloading Delay,110.00,3.5
TRP01694,10/04/2025,Thursday,No,Morning Peak (7-9Am),07:24:00,07:38:00,8,52,3,14,No,No,Moderate (50-80%),Clear,Overloading Delay,74.00,1.6
TRP00163,15/05/2025,Thursday,No,Morning Peak (7-9Am),07:08:00,07:08:00,5,118,1,0,Yes,No,Full (80-100%),Clear,None,78.00,2.8
TRP01513,19/06/2025,Thursday,No,Morning Peak (7-9Am),08:33:00,08:54:00,3,89,5,21,No,No,Full (80-100%),Light Rain,Vehicle Breakdown,216.00,2.0
TRP02634,04/01/2025,Saturday,Yes,Night (7-10Pm),19:22:00,19:16:00,4,53,3,-6,Yes,No,Moderate (50-80%),Clear,None,80.00,1.6
TRP01540,10/04/2025,Thursday,No,Morning Peak (7-9Am),08:56:00,08:58:00,9,117,1,2,No,No,,Overcast,None,91.00,4.1
TRP01997,15/03/2025,Saturday,Yes,Evening Peak (4-7Pm),16:29:00,16:34:00,2,88,5,5,No,No,Full (80-100%),Clear,Road Construction,103.00,4.5
TRP01511,20/08/2025,Wednesday,No,Morning Peak (7-9Am),07:43:00,07:59:00,11,40,5,16,No,No,Full (80-100%),Clear,Police Checkpoint,150.00,1.9
TRP03196,15/08/2025,Friday,No,Early Morning (5-7Am),05:04:00,05:05:00,9,2,3,1,No,No,Full (80-100%),Light Rain,None,99.00,5.0
TRP00023,28/06/2025,Saturday,Yes,Morning Peak (7-9Am),07:33:00,07:44:00,4,82,3,11,No,No,Full (80-100%),,Police Checkpoint,113.00,3.9
TRP03118,18/03/2025,Tuesday,No,Midday (9Am-4Pm),12:52:00,12:56:00,7,70,1,4,No,No,Low (<50%),Overcast,Overloading Delay,150.00,4.0
TRP03417,12/01/2025,Sunday,Yes,Midday (9Am-4Pm),10:51:00,10:47:00,1,81,9,-4,Yes,No,Moderate (50-80%),Clear,Overloading Delay,100.00,10.0
TRP01325,19/07/2025,Saturday,Yes,Midday (9Am-4Pm),11:41:00,12:01:00,2,51,4,20,No,No,Low (<50%),Clear,Vehicle Breakdown,90.00,2.7
TRP03121,04/01/2025,Saturday,Yes,Morning Peak (7-9Am),07:40:00,07:37:00,9,74,7,-3,Yes,No,Full (80-100%),Clear,Overloading Delay,91.00,4.3
TRP02339,05/01/2025,Sunday,Yes,Midday (9Am-4Pm),10:30:00,10:33:00,12,10,1,3,No,No,Low (<50%),Clear,Overloading Delay,160.00,3.4
TRP02495,07/05/2025,Wednesday,No,Morning Peak (7-9Am),08:39:00,08:49:00,6,66,3,10,No,No,Moderate (50-80%),Clear,Police Checkpoint,111.00,2.0
TRP01190,08/04/2025,Tuesday,No,Midday (9Am-4Pm),15:53:00,15:57:00,11,49,10,4,No,No,Low (<50%),Clear,Traffic Jam,110.00,
TRP00181,19/05/2025,Monday,No,Midday (9Am-4Pm),14:01:00,14:04:00,9,36,1,3,No,No,Full (80-100%),Overcast,None,80.00,4.2
TRP00799,19/04/2025,Saturday,Yes,Midday (9Am-4Pm),13:29:00,13:31:00,7,20,2,2,No,No,Overloaded (>100%),Clear,Road Construction,150.00,4.4
TRP02431,04/01/2025,Saturday,Yes,Midday (9Am-4Pm),15:05:00,15:04:00,4,8,1,-1,Yes,No,Full (80-100%),Clear,None,80.00,3.5
TRP03279,21/07/2025,Monday,No,Evening Peak (4-7Pm),17:05:00,17:09:00,7,72,4,4,No,No,Moderate (50-80%),Clear,None,190.00,2.3
TRP01649,08/08/2025,Friday,No,Evening Peak (4-7Pm),17:15:00,17:19:00,10,29,7,4,No,No,Full (80-100%),Clear,None,89.00,4.5
TRP00634,05/08/2025,Tuesday,No,Morning Peak (7-9Am),08:11:00,08:10:00,11,2,5,-1,Yes,No,Moderate (50-80%),Overcast,None,139.00,4.1
TRP01856,27/04/2025,Sunday,Yes,Evening Peak (4-7Pm),18:36:00,18:47:00,12,49,5,11,No,No,Full (80-100%),Clear,Police Checkpoint,215.00,2.8
TRP02024,31/01/2025,Friday,No,Evening Peak (4-7Pm),17:09:00,17:16:00,8,62,10,7,No,No,Moderate (50-80%),Light Rain,None,103.00,2.8
TRP03194,07/04/2025,Monday,No,Evening Peak (4-7Pm),16:14:00,16:32:00,11,90,4,18,No,No,Full (80-100%),Light Rain,Traffic Jam,140.00,2.9
TRP00754,27/06/2025,Friday,No,Early Morning (5-7Am),05:57:00,05:54:00,6,30,11,-3,Yes,No,Moderate (50-80%),Clear,None,100.00,4.0
TRP01072,06/04/2025,Sunday,Yes,Early Morning (5-7Am),05:34:00,05:37:00,6,30,3,3,No,No,Full (80-100%),Light Rain,Overloading Delay,129.00,3.0
TRP02150,06/03/2025,Thursday,No,Morning Peak (7-9Am),08:29:00,08:37:00,7,41,1,8,No,No,Moderate (50-80%),Clear,Overloading Delay,205.00,3.2
TRP01177,06/02/2025,Thursday,No,Midday (9Am-4Pm),15:58:00,15:59:00,12,120,7,1,No,No,Full (80-100%),Clear,None,160.00,3.0
TRP00600,14/03/2025,Friday,No,Evening Peak (4-7Pm),16:37:00,16:38:00,1,3,6,1,No,No,Moderate (50-80%),Clear,None,142.00,4.2
TRP02662,18/08/2025,Monday,No,Evening Peak (4-7Pm),17:40:00,17:47:00,5,104,7,7,No,No,Full (80-100%),Overcast,Police Checkpoint,84.00,2.4
TRP00040,05/05/2025,Monday,No,Night (7-10Pm),21:20:00,21:15:00,10,111,1,-5,Yes,No,Overloaded (>100%),Clear,None,70.00,3.5
TRP00920,05/06/2025,Thursday,No,Morning Peak (7-9Am),08:09:00,08:15:00,12,33,9,6,No,No,Moderate (50-80%),Clear,None,185.00,1.0
TRP00709,24/01/2025,Friday,No,Evening Peak (4-7Pm),18:47:00,18:51:00,1,114,6,4,No,No,Overloaded (>100%),Overcast,None,151.00,4.1
TRP01309,21/03/2025,Friday,No,Evening Peak (4-7Pm),18:31:00,19:00:00,12,88,10,29,No,Yes,Moderate (50-80%),Clear,Road Accident Nearby,197.00,2.7
TRP01580,12/01/2025,Sunday,Yes,Midday (9Am-4Pm),13:55:00,14:03:00,10,94,6,8,No,No,Low (<50%),Light Rain,Overloading Delay,79.00,4.3
TRP02693,22/07/2025,Tuesday,No,Morning Peak (7-9Am),07:18:00,07:37:00,1,75,10,19,No,No,Moderate (50-80%),Light Rain,None,132.00,2.5
TRP00127,31/03/2025,Monday,No,Midday (9Am-4Pm),14:42:00,15:08:00,2,102,4,26,No,No,Moderate (50-80%),Overcast,Vehicle Breakdown,90.00,3.1
TRP01870,03/06/2025,Tuesday,No,Evening Peak (4-7Pm),17:17:00,17:21:00,4,78,6,4,No,No,Full (80-100%),Clear,None,121.00,2.5
TRP01435,03/04/2025,Thursday,No,Evening Peak (4-7Pm),16:45:00,16:56:00,12,96,6,11,No,No,Full (80-100%),Clear,Road Construction,207.00,2.3
TRP01620,12/08/2025,Tuesday,No,Morning Peak (7-9Am),07:03:00,07:15:00,12,56,4,12,No,No,Full (80-100%),Light Rain,Police Checkpoint,318.00,1.4
TRP02283,17/08/2025,Sunday,Yes,Midday (9Am-4Pm),12:11:00,12:05:00,2,44,8,-6,Yes,No,  Moderate (50-80%)  ,Clear,None,90.00,1.3
TRP01080,04/04/2025,Friday,No,Midday (9Am-4Pm),14:28:00,14:22:00,11,83,1,-6,Yes,No,Low (<50%),Clear,None,110.00,3.1
TRP02573,15/05/2025,Thursday,No,Midday (9Am-4Pm),13:22:00,13:23:00,2,19,8,1,No,No,,Clear,,90.00,4.7
TRP01268,12/02/2025,Wednesday,No,Morning Peak (7-9Am),08:21:00,08:33:00,1,35,10,12,No,No,Moderate (50-80%),Light Rain,None,,1.2
TRP00109,28/05/2025,Wednesday,No,Evening Peak (4-7Pm),18:36:00,18:50:00,3,37,3,14,No,No,Moderate (50-80%),Clear,Overloading Delay,173.00,2.2
TRP03437,17/03/2025,Monday,No,Evening Peak (4-7Pm),17:34:00,18:01:00,1,102,3,27,No,No,Full (80-100%),,Vehicle Breakdown,133.00,3.1
TRP00270,10/01/2025,Friday,No,Morning Peak (7-9Am),08:42:00,08:53:00,3,120,9,11,No,No,Moderate (50-80%),Clear,Traffic Jam,165.00,3.7
TRP01962,16/03/2025,Sunday,Yes,Midday (9Am-4Pm),14:40:00,14:39:00,2,26,7,-1,Yes,No,Full (80-100%),Overcast,None,90.00,3.3
TRP02384,23/03/2025,Sunday,Yes,Night (7-10Pm),20:12:00,20:19:00,5,5,7,7,No,No,Moderate (50-80%),Light Rain,Traffic Jam,74.00,2.5
TRP02724,01/07/2025,Tuesday,No,Morning Peak (7-9Am),08:10:00,08:25:00,9,85,2,15,No,No,Moderate (50-80%),Light Rain,Road Construction,126.00,2.3
TRP00892,30/03/2025,Sunday,Yes,Morning Peak (7-9Am),07:51:00,08:16:00,9,108,7,25,No,No,Moderate (50-80%),Clear,Vehicle Breakdown,105.00,3.2
TRP01382,02/01/2025,Thursday,No,Evening Peak (4-7Pm),17:43:00,17:54:00,2,19,6,11,No,No,Low (<50%),Light Rain,Police Checkpoint,146.00,2.6
TRP02578,20/02/2025,Thursday,No,Evening Peak (4-7Pm),16:41:00,16:38:00,12,12,9,-3,Yes,No,Full (80-100%),Clear,None,176.00,5.0
TRP01896,08/08/2025,Friday,No,Morning Peak (7-9Am),08:13:00,08:26:00,8,31,11,13,No,No,Moderate (50-80%),Light Rain,None,95.00,2.7
TRP00221,10/02/2025,Monday,No,Evening Peak (4-7Pm),17:52:00,18:02:00,8,54,3,10,No,No,Full (80-100%),Clear,None,89.00,1.3
TRP01831,27/08/2025,Wednesday,No,Morning Peak (7-9Am),07:49:00,07:57:00,12,8,6,8,No,No,Full (80-100%),Clear,None,184.00,3.4
TRP00952,16/01/2025,Thursday,No,Morning Peak (7-9Am),08:08:00,08:21:00,3,72,11,13,No,No,Moderate (50-80%),Heavy Rain,None,154.00,2.9
TRP02205,14/03/2025,Friday,No,Morning Peak (7-9Am),07:36:00,07:42:00,4,73,9,6,No,No,Low (<50%),Clear,None,106.00,1.4
TRP02994,18/04/2025,Friday,No,Morning Peak (7-9Am),07:54:00,07:52:00,12,120,7,-2,Yes,No,Moderate (50-80%),Clear,None,181.00,5.0
TRP00484,20/07/2025,Sunday,Yes,Midday (9Am-4Pm),11:23:00,11:19:00,1,8,3,-4,Yes,No,Moderate (50-80%),Clear,None,100.00,4.6
TRP01341,03/02/2025,Monday,No,Morning Peak (7-9Am),08:30:00,08:44:00,4,101,6,14,No,No,Full (80-100%),Light Rain,None,118.00,1.8
TRP02892,24/04/2025,Thursday,No,Midday (9Am-4Pm),15:39:00,15:39:00,10,39,9,0,Yes,No,Full (80-100%),Clear,None,70.00,4.3
TRP03132,13/01/2025,Monday,No,Night (7-10Pm),20:43:00,20:54:00,12,91,4,11,No,No,Full (80-100%),Clear,Road Accident Nearby,160.00,1.5
TRP01030,11/08/2025,Monday,No,Midday (9Am-4Pm),12:48:00,12:54:00,1,52,11,6,No,No,Moderate (50-80%),Clear,,100.00,1.0
TRP00650,02/01/2025,Thursday,No,Morning Peak (7-9Am),08:30:00,08:42:00,11,119,7,12,No,No,Moderate (50-80%),Light Rain,None,157.00,3.8
TRP01094,05/05/2025,Monday,No,Evening Peak (4-7Pm),17:44:00,17:52:00,7,34,4,8,No,No,Moderate (50-80%),Light Rain,None,256.00,2.9
TRP01646,27/05/2025,Tuesday,No,Evening Peak (4-7Pm),17:43:00,17:45:00,8,45,7,2,No,No,Full (80-100%),Clear,Overloading Delay,78.00,4.2
TRP01555,10/02/2025,Monday,No,Midday (9Am-4Pm),13:25:00,13:28:00,8,56,6,3,No,No,Full (80-100%),Clear,Road Construction,60.00,3.1
TRP01981,27/05/2025,Tuesday,No,Midday (9Am-4Pm),13:58:00,14:09:00,10,69,11,11,No,No,Low (<50%),Heavy Rain,None,86.00,2.6
TRP00643,04/02/2025,Tuesday,No,Early Morning (5-7Am),06:20:00,06:30:00,3,16,7,10,No,No,Full (80-100%),Heavy Rain,None,141.00,2.0
TRP02619,08/05/2025,Thursday,No,Night (7-10Pm),20:46:00,20:52:00,12,71,2,6,No,No,Full (80-100%),Light Rain,None,202.00,1.6
TRP01455,16/01/2025,Thursday,No,Morning Peak (7-9Am),07:34:00,07:43:00,10,13,11,9,No,No,Moderate (50-80%),Clear,None,87.00,2.0
TRP02851,05/08/2025,Tuesday,No,Early Morning (5-7Am),06:13:00,06:16:00,7,34,1,3,No,No,,Clear,None,150.00,5.0
TRP00308,07/01/2025,Tuesday,No,Early Morning (5-7Am),06:03:00,06:32:00,12,34,6,29,No,No,Low (<50%),Clear,Vehicle Breakdown,160.00,2.5
TRP02827,20/01/2025,Monday,No,Midday (9Am-4Pm),11:57:00,12:09:00,7,88,1,12,No,No,Moderate (50-80%),Clear,Traffic Jam,150.00,1.4
TRP00923,07/03/2025,Friday,No,Evening Peak (4-7Pm),18:42:00,18:45:00,8,69,1,3,No,No,Low (<50%),Clear,None,75.00,3.6
TRP00218,10/07/2025,Thursday,No,Early Morning (5-7Am),06:00:00,06:21:00,3,58,4,21,No,No,Low (<50%),Clear,Vehicle Breakdown,120.00,2.0
TRP01418,20/06/2025,Friday,No,Morning Peak (7-9Am),08:39:00,08:46:00,11,7,5,7,No,No,Moderate (50-80%),Light Rain,None,198.00,2.1
TRP02747,06/11/2025,Wednesday,No,Morning Peak (7-9Am),08:38:00,08:40:00,3,21,7,2,No,No,Full (80-100%),,None,185.00,4.9
TRP03406,20/07/2025,Sunday,Yes,Morning Peak (7-9Am),08:19:00,08:45:00,1,27,3,26,No,No,Full (80-100%),Heavy Rain,Road Accident Nearby,153.00,3.2
TRP00290,17/06/2025,Tuesday,No,Morning Peak (7-9Am),07:52:00,07:57:00,12,76,2,5,No,No,Full (80-100%),Overcast,None,230.00,2.9
TRP02297,18/08/2025,Monday,No,Morning Peak (7-9Am),08:26:00,08:30:00,3,80,1,4,No,No,Overloaded (>100%),Light Rain,None,222.00,2.4
TRP00862,24/04/2025,Thursday,No,Evening Peak (4-7Pm),16:50:00,17:23:00,10,65,1,33,No,No,Full (80-100%),Clear,Vehicle Breakdown,89.00,
TRP00210,18/05/2025,Sunday,Yes,Midday (9Am-4Pm),13:35:00,13:36:00,11,103,7,1,No,No,Full (80-100%),Clear,Police Checkpoint,110.00,3.4
TRP02926,11/01/2025,Saturday,Yes,Night (7-10Pm),19:51:00,19:54:00,12,3,10,3,No,No,Full (80-100%),Overcast,Road Construction,160.00,3.6
TRP01889,06/03/2025,Thursday,No,Morning Peak (7-9Am),07:19:00,07:31:00,3,96,3,12,No,No,Full (80-100%),Light Rain,Overloading Delay,206.00,1.7
TRP00365,02/06/2025,Monday,No,Evening Peak (4-7Pm),16:12:00,16:25:00,1,17,5,13,No,No,Moderate (50-80%),Clear,Overloading Delay,115.00,2.3
TRP00122,07/05/2025,Wednesday,No,Evening Peak (4-7Pm),18:33:00,18:48:00,4,32,2,15,No,No,  Overloaded (>100%)  ,Light Rain,Traffic Jam,93.00,2.6
TRP01324,10/04/2025,Thursday,No,Morning Peak (7-9Am),07:57:00,08:16:00,2,9,4,19,No,No,Moderate (50-80%),Clear,Vehicle Breakdown,104.00,1.2
TRP00101,04/02/2025,Tuesday,No,Evening Peak (4-7Pm),18:25:00,18:39:00,12,63,11,14,No,No,Moderate (50-80%),Light Rain,Overloading Delay,251.00,3.6
TRP00164,10/03/2025,Monday,No,Midday (9Am-4Pm),11:32:00,11:47:00,8,53,11,15,No,No,Moderate (50-80%),Clear,Traffic Jam,60.00,3.2
TRP01709,15/04/2025,Tuesday,No,Evening Peak (4-7Pm),18:49:00,18:51:00,8,91,6,2,No,No,Full (80-100%),Clear,None,92.00,3.3
TRP03157,20/03/2025,Thursday,No,Night (7-10Pm),19:59:00,20:00:00,7,109,10,1,No,No,Full (80-100%),Clear,None,,
TRP01880,05/04/2025,Saturday,Yes,Early Morning (5-7Am),06:39:00,06:33:00,10,31,8,-6,Yes,No,  Full (80-100%)  ,Clear,None,70.00,3.2
TRP01441,24/01/2025,Friday,No,Morning Peak (7-9Am),07:48:00,08:01:00,5,59,5,13,No,No,Overloaded (>100%),Clear,Road Construction,108.00,3.6
TRP02230,12/05/2025,Monday,No,Night (7-10Pm),19:57:00,20:11:00,6,65,11,14,No,No,Full (80-100%),Clear,Traffic Jam,100.00,
TRP00521,15/03/2025,Saturday,Yes,Early Morning (5-7Am),06:35:00,06:31:00,8,102,4,-4,Yes,No,Low (<50%),Clear,None,60.00,2.9
TRP02792,27/06/2025,Friday,No,Morning Peak (7-9Am),07:01:00,07:11:00,3,64,3,10,No,No,,,Police Checkpoint,158.00,
TRP02509,06/04/2025,Sunday,Yes,Midday (9Am-4Pm),14:23:00,14:21:00,9,43,10,-2,Yes,No,Moderate (50-80%),Clear,None,80.00,3.6
TRP02234,24/05/2025,Saturday,Yes,Evening Peak (4-7Pm),18:21:00,18:20:00,6,68,7,-1,Yes,No,Full (80-100%),Clear,None,113.00,3.3
TRP00668,08/03/2025,Saturday,Yes,Midday (9Am-4Pm),13:36:00,13:34:00,8,109,10,-2,Yes,No,Moderate (50-80%),Clear,None,60.00,3.3
TRP02684,28/05/2025,Wednesday,No,Evening Peak (4-7Pm),17:21:00,17:24:00,2,25,11,3,No,No,Low (<50%),Clear,None,99.00,3.1
TRP03374,05/05/2025,Monday,No,Night (7-10Pm),21:18:00,21:20:00,9,41,4,2,No,No,Full (80-100%),Clear,None,80.00,3.6
TRP00370,26/03/2025,Wednesday,No,Evening Peak (4-7Pm),18:38:00,18:46:00,8,93,11,8,No,No,Overloaded (>100%),,Road Construction,,2.1
TRP03228,15/02/2025,Saturday,Yes,Morning Peak (7-9Am),07:55:00,07:57:00,3,71,2,2,No,No,Full (80-100%),Heavy Rain,None,201.00,3.7
TRP00387,11/07/2025,Friday,No,Evening Peak (4-7Pm),17:41:00,17:48:00,12,42,1,7,No,No,Moderate (50-80%),Clear,None,250.00,2.6
TRP03197,20/08/2025,Wednesday,No,Night (7-10Pm),20:07:00,20:09:00,9,120,6,2,No,No,Low (<50%),Clear,Road Construction,80.00,3.4
TRP03424,10/07/2025,Thursday,No,Night (7-10Pm),21:49:00,21:57:00,11,119,4,8,No,No,Full (80-100%),Clear,Traffic Jam,110.00,2.1
TRP01155,13/05/2025,Tuesday,No,Midday (9Am-4Pm),11:54:00,11:52:00,12,57,11,-2,Yes,No,Low (<50%),Overcast,None,160.00,2.8
TRP00498,01/02/2025,Saturday,Yes,Midday (9Am-4Pm),09:53:00,09:48:00,5,86,8,-5,Yes,No,Low (<50%),,Overloading Delay,70.00,3.4
TRP02536,12/06/2025,Thursday,No,Early Morning (5-7Am),06:44:00,06:51:00,5,69,7,7,No,Yes,Full (80-100%),Clear,Police Checkpoint,70.00,3.6
TRP01804,09/05/2025,Friday,No,Midday (9Am-4Pm),13:14:00,13:16:00,2,92,11,2,No,No,Full (80-100%),Light Rain,None,111.00,2.9
TRP01857,03/01/2025,Friday,No,Early Morning (5-7Am),06:23:00,06:22:00,9,120,11,-1,Yes,No,Moderate (50-80%),Light Rain,None,88.00,
TRP02383,16/07/2025,Wednesday,No,Midday (9Am-4Pm),12:58:00,13:12:00,6,96,2,14,No,No,Low (<50%),Light Rain,Traffic Jam,112.00,1.5
TRP02652,07/07/2025,Monday,No,Morning Peak (7-9Am),08:03:00,08:02:00,8,13,3,-1,Yes,No,Moderate (50-80%),Clear,None,89.00,9.2
TRP03403,10/02/2025,Monday,No,Midday (9Am-4Pm),09:03:00,09:10:00,7,92,6,7,No,No,Low (<50%),Clear,Road Construction,150.00,3.3
TRP01643,30/06/2025,Monday,No,Midday (9Am-4Pm),12:41:00,13:05:00,12,94,,24,No,No,Low (<50%),Clear,Vehicle Breakdown,160.00,2.4
TRP02748,19/08/2025,Tuesday,No,Evening Peak (4-7Pm),16:03:00,16:13:00,7,57,2,10,No,No,Full (80-100%),,None,209.00,2.9
TRP02284,30/06/2025,Monday,No,Morning Peak (7-9Am),07:03:00,07:03:00,4,30,8,0,Yes,No,Full (80-100%),Clear,None,107.00,3.6
TRP03138,05/02/2025,Wednesday,No,Night (7-10Pm),20:25:00,20:26:00,8,96,7,1,No,Yes,Low (<50%),Clear,None,60.00,2.0
TRP02442,05/02/2025,Wednesday,No,Evening Peak (4-7Pm),17:59:00,18:09:00,8,8,10,10,No,No,Overloaded (>100%),Light Rain,None,108.00,2.4
TRP00286,28/01/2025,Tuesday,No,Evening Peak (4-7Pm),16:49:00,16:58:00,3,91,3,9,No,No,Full (80-100%),Clear,None,175.00,1.5
TRP00537,03/02/2025,Monday,No,Early Morning (5-7Am),05:56:00,06:05:00,8,101,8,9,No,No,Moderate (50-80%),Clear,Road Accident Nearby,60.00,1.4
TRP01141,17/07/2025,Thursday,No,Morning Peak (7-9Am),07:17:00,07:23:00,9,8,8,6,No,Yes,,Clear,Overloading Delay,109.00,
TRP01604,29/07/2025,Tuesday,No,Midday (9Am-4Pm),09:06:00,09:11:00,4,80,2,5,No,No,,Clear,Overloading Delay,80.00,2.1
TRP03148,02/08/2025,Saturday,Yes,Midday (9Am-4Pm),10:22:00,10:22:00,1,11,11,0,Yes,No,  Moderate (50-80%)  ,Clear,None,100.00,3.3
TRP01977,12/01/2025,Sunday,Yes,Evening Peak (4-7Pm),18:28:00,18:33:00,7,54,5,5,No,No,Moderate (50-80%),,None,253.00,4.7
TRP03053,02/06/2025,Monday,No,Evening Peak (4-7Pm),16:05:00,16:04:00,2,2,8,-1,Yes,No,Moderate (50-80%),Clear,None,105.00,3.4
TRP00885,20/03/2025,Thursday,No,Early Morning (5-7Am),06:52:00,06:55:00,3,45,8,3,No,No,Low (<50%),Clear,None,120.00,4.0
TRP00569,13/01/2025,Monday,No,Morning Peak (7-9Am),07:09:00,07:33:00,2,120,4,24,No,No,Full (80-100%),Clear,Traffic Jam,122.00,1.7
TRP00112,17/08/2025,Sunday,Yes,Morning Peak (7-9Am),08:19:00,08:35:00,2,47,2,16,No,No,Full (80-100%),Light Rain,Traffic Jam,136.00,
TRP02722,29/04/2025,Tuesday,No,Evening Peak (4-7Pm),17:25:00,17:30:00,12,106,4,5,No,No,Low (<50%),Light Rain,Overloading Delay,277.00,3.0
TRP03395,12/05/2025,Monday,No,Evening Peak (4-7Pm),17:19:00,17:32:00,7,104,11,13,No,No,Low (<50%),Light Rain,Road Construction,245.00,1.3
TRP00117,22/07/2025,Tuesday,No,Early Morning (5-7Am),06:29:00,06:40:00,7,57,9,11,No,No,Full (80-100%),Clear,Road Accident Nearby,150.00,2.6
TRP03354,10/03/2025,Monday,No,Morning Peak (7-9Am),07:18:00,07:32:00,12,65,11,14,No,No,,Clear,None,217.00,2.9
TRP01830,28/07/2025,Monday,No,Night (7-10Pm),21:47:00,22:04:00,2,98,3,17,No,No,Full (80-100%),Clear,Road Accident Nearby,90.00,2.1
TRP02737,03/03/2025,Monday,No,Midday (9Am-4Pm),14:04:00,14:18:00,9,75,5,14,No,Yes,Low (<50%),Heavy Rain,Traffic Jam,103.00,2.6
TRP02883,12/07/2025,Saturday,Yes,Midday (9Am-4Pm),11:36:00,11:43:00,2,34,2,7,No,No,Full (80-100%),Clear,Road Accident Nearby,90.00,1.7
TRP01269,22/01/2025,Wednesday,No,Morning Peak (7-9Am),08:36:00,08:44:00,5,94,6,8,No,No,Moderate (50-80%),Clear,Road Construction,110.00,3.5
TRP02154,16/07/2025,Wednesday,No,Midday (9Am-4Pm),13:18:00,13:26:00,12,47,10,8,No,No,,Clear,None,160.00,2.8
TRP02236,15/02/2025,Saturday,Yes,Midday (9Am-4Pm),10:47:00,10:41:00,3,119,1,-6,Yes,No,Low (<50%),Clear,None,120.00,3.0
TRP00638,25/01/2025,Saturday,Yes,Early Morning (5-7Am),06:35:00,06:30:00,1,86,2,-5,Yes,No,,Clear,None,100.00,2.7
TRP00037,23/06/2025,Monday,No,Evening Peak (4-7Pm),18:56:00,19:14:00,11,7,10,18,No,No,Overloaded (>100%),Clear,Traffic Jam,167.00,2.0
TRP00894,07/06/2025,Saturday,Yes,Evening Peak (4-7Pm),18:23:00,18:26:00,3,49,10,3,No,No,Full (80-100%),Clear,None,156.00,3.5
TRP00535,20/08/2025,Wednesday,No,Morning Peak (7-9Am),08:35:00,08:53:00,1,89,11,18,No,No,Overloaded (>100%),Light Rain,Road Construction,121.00,2.2
TRP02425,06/03/2025,Thursday,No,Early Morning (5-7Am),06:52:00,06:52:00,2,118,8,0,Yes,No,Moderate (50-80%),,None,,3.5
TRP03266,09/02/2025,Sunday,Yes,Night (7-10Pm),21:52:00,21:54:00,12,17,3,2,No,No,Moderate (50-80%),Light Rain,None,186.00,4.9
TRP01953,16/05/2025,Friday,No,Morning Peak (7-9Am),07:42:00,07:46:00,2,42,10,4,No,No,Full (80-100%),Clear,None,128.00,4.9
TRP00852,23/03/2025,Sunday,Yes,Midday (9Am-4Pm),15:07:00,15:01:00,7,28,1,-6,Yes,No,Low (<50%),Clear,None,150.00,1.5
TRP03363,11/04/2025,Friday,No,Early Morning (5-7Am),05:47:00,05:49:00,5,36,3,2,No,No,Moderate (50-80%),,None,70.00,4.2
TRP00255,18/06/2025,Wednesday,No,Morning Peak (7-9Am),07:58:00,08:10:00,5,47,2,12,No,No,Full (80-100%),Clear,Road Construction,77.00,2.5
TRP02879,31/03/2025,Monday,No,Midday (9Am-4Pm),15:09:00,15:16:00,7,56,11,7,No,No,Full (80-100%),Clear,Police Checkpoint,150.00,4.4
TRP01561,01/01/2025,Wednesday,No,Midday (9Am-4Pm),12:05:00,12:00:00,8,28,7,-5,Yes,No,Moderate (50-80%),Clear,None,60.00,3.8
TRP01023,03/06/2025,Tuesday,No,Midday (9Am-4Pm),12:35:00,12:35:00,2,8,4,0,Yes,No,Full (80-100%),Overcast,None,90.00,4.1
TRP01340,15/07/2025,Tuesday,No,Midday (9Am-4Pm),14:04:00,14:19:00,12,62,4,15,No,No,Low (<50%),Clear,Traffic Jam,160.00,2.3
TRP01891,29/04/2025,Tuesday,No,Midday (9Am-4Pm),13:45:00,14:08:00,4,93,1,23,No,No,Low (<50%),Clear,Vehicle Breakdown,80.00,1.2
TRP02709,24/02/2025,Monday,No,Morning Peak (7-9Am),08:40:00,09:05:00,2,101,9,25,No,No,Moderate (50-80%),Clear,Vehicle Breakdown,119.00,2.7
TRP01027,04/06/2025,Wednesday,No,Morning Peak (7-9Am),07:42:00,08:34:00,4,90,2,52,No,No,  Overloaded (>100%)  ,Heavy Rain,Vehicle Breakdown,126.00,2.1
TRP01062,07/08/2025,Thursday,No,Early Morning (5-7Am),05:44:00,05:58:00,3,22,9,14,No,No,Moderate (50-80%),Light Rain,Traffic Jam,145.00,1.9
TRP01720,06/06/2025,Friday,No,Midday (9Am-4Pm),11:43:00,11:50:00,10,80,6,7,No,No,Full (80-100%),Heavy Rain,None,87.00,1.4
TRP00615,11/06/2025,Wednesday,No,Morning Peak (7-9Am),07:39:00,08:05:00,5,62,9,26,No,No,Overloaded (>100%),Light Rain,Road Accident Nearby,137.00,
TRP00564,28/07/2025,Monday,No,Midday (9Am-4Pm),11:05:00,11:09:00,3,75,11,4,No,No,Moderate (50-80%),Clear,Road Accident Nearby,120.00,3.9
TRP03251,23/04/2025,Wednesday,No,Morning Peak (7-9Am),07:04:00,07:11:00,1,47,8,7,No,No,,Light Rain,None,175.00,2.2
TRP01881,18/01/2025,Saturday,Yes,Night (7-10Pm),21:54:00,21:49:00,9,25,8,-5,Yes,No,Moderate (50-80%),Overcast,None,80.00,3.5
TRP02237,20/07/2025,Sunday,Yes,Early Morning (5-7Am),06:32:00,06:31:00,11,71,2,-1,Yes,No,Moderate (50-80%),Clear,None,110.00,3.1
TRP00057,12/07/2025,Saturday,Yes,Midday (9Am-4Pm),15:02:00,15:05:00,12,36,5,3,No,No,  Moderate (50-80%)  ,Clear,None,160.00,4.0
TRP01232,02/03/2025,Sunday,Yes,Evening Peak (4-7Pm),16:27:00,16:24:00,8,21,4,-3,Yes,No,Full (80-100%),Clear,None,76.00,
TRP00374,15/01/2025,Wednesday,No,Early Morning (5-7Am),06:53:00,06:55:00,2,61,6,2,No,No,Low (<50%),Overcast,None,90.00,3.0
TRP03345,27/06/2025,Friday,No,Evening Peak (4-7Pm),17:29:00,17:41:00,5,1,10,12,No,No,Moderate (50-80%),Clear,None,90.00,1.5
TRP02767,16/07/2025,Wednesday,No,Evening Peak (4-7Pm),17:29:00,17:33:00,7,4,3,4,No,No,Full (80-100%),Heavy Rain,None,211.00,5.0
TRP00243,20/05/2025,Tuesday,No,Morning Peak (7-9Am),08:31:00,08:35:00,5,54,4,4,No,No,Moderate (50-80%),Overcast,None,100.00,4.7
TRP03244,08/04/2025,Tuesday,No,Midday (9Am-4Pm),11:42:00,11:45:00,9,10,8,3,No,No,Low (<50%),Clear,Overloading Delay,80.00,4.4
TRP00784,11/02/2025,Tuesday,No,Midday (9Am-4Pm),15:58:00,15:54:00,4,107,2,-4,Yes,No,  Low (<50%)  ,Clear,None,80.00,
TRP02046,29/07/2025,Tuesday,No,Evening Peak (4-7Pm),17:43:00,17:46:00,7,30,3,3,No,No,Full (80-100%),Clear,None,215.00,4.6
TRP00624,10/06/2025,Tuesday,No,Night (7-10Pm),19:34:00,19:49:00,11,52,3,15,No,Yes,Low (<50%),Clear,Road Accident Nearby,110.00,
TRP03386,01/02/2025,Saturday,Yes,Midday (9Am-4Pm),14:55:00,14:59:00,12,33,8,4,No,No,Low (<50%),Clear,None,,4.3
TRP02477,20/01/2025,Monday,No,Early Morning (5-7Am),05:25:00,05:43:00,2,60,3,18,No,No,  Low (<50%)  ,Clear,Vehicle Breakdown,90.00,1.0
TRP00972,16/05/2025,Friday,No,Morning Peak (7-9Am),08:18:00,08:20:00,1,99,7,2,No,No,Full (80-100%),Light Rain,None,148.00,4.1
TRP03270,01/08/2025,Friday,No,Morning Peak (7-9Am),07:31:00,07:35:00,1,104,9,4,No,No,Low (<50%),Overcast,None,150.00,3.7
TRP01637,18/01/2025,Saturday,Yes,Midday (9Am-4Pm),12:46:00,12:40:00,11,86,8,-6,Yes,No,Moderate (50-80%),,None,110.00,
TRP00678,26/08/2025,Tuesday,No,Evening Peak (4-7Pm),18:53:00,19:07:00,5,83,8,14,No,No,Low (<50%),Light Rain,Traffic Jam,134.00,2.8
TRP02773,23/02/2025,Sunday,Yes,Morning Peak (7-9Am),07:29:00,07:30:00,2,1,9,1,No,No,Moderate (50-80%),Clear,None,106.00,2.6
TRP00780,28/05/2025,Wednesday,No,Morning Peak (7-9Am),08:00:00,08:14:00,11,87,4,14,No,No,Full (80-100%),Heavy Rain,Overloading Delay,162.00,2.5
TRP02259,04/02/2025,Tuesday,No,Evening Peak (4-7Pm),16:59:00,17:02:00,3,12,8,3,No,No,Overloaded (>100%),Clear,None,174.00,5.0
TRP02014,07/01/2025,Tuesday,No,Night (7-10Pm),19:57:00,19:57:00,1,71,11,0,Yes,No,Moderate (50-80%),Clear,None,100.00,4.2
TRP02371,18/01/2025,Saturday,Yes,Evening Peak (4-7Pm),17:01:00,17:23:00,2,57,5,22,No,No,Overloaded (>100%),Heavy Rain,Traffic Jam,124.00,1.5
TRP02836,23/05/2025,Friday,No,Evening Peak (4-7Pm),18:06:00,18:34:00,6,48,6,28,No,No,Full (80-100%),Light Rain,Road Accident Nearby,169.00,2.6
TRP03314,19/05/2025,Monday,No,Evening Peak (4-7Pm),18:56:00,18:59:00,5,62,2,3,No,No,Moderate (50-80%),Clear,None,80.00,8.6
TRP02226,23/08/2025,Saturday,Yes,Morning Peak (7-9Am),08:56:00,09:02:00,12,56,8,6,No,No,Overloaded (>100%),Clear,Overloading Delay,239.00,1.1
TRP02317,16/05/2025,Friday,No,Midday (9Am-4Pm),14:21:00,14:33:00,5,60,9,12,No,No,Full (80-100%),Clear,Road Construction,70.00,2.0
TRP02439,01/02/2025,Saturday,Yes,Evening Peak (4-7Pm),17:33:00,17:32:00,1,51,1,-1,Yes,No,Low (<50%),,None,127.00,3.3
TRP00809,25/08/2025,Monday,No,Morning Peak (7-9Am),08:42:00,08:54:00,11,51,9,12,No,No,Moderate (50-80%),,Police Checkpoint,188.00,1.5
TRP02884,03/03/2025,Monday,No,Midday (9Am-4Pm),10:24:00,10:29:00,3,52,11,5,No,No,Moderate (50-80%),Clear,Police Checkpoint,120.00,1.0
TRP00626,15/08/2025,Friday,No,Midday (9Am-4Pm),11:46:00,11:54:00,8,111,6,8,No,No,Moderate (50-80%),Clear,Traffic Jam,60.00,5.2
TRP03335,21/08/2025,Thursday,No,Night (7-10Pm),20:52:00,20:49:00,8,83,7,-3,Yes,No,Moderate (50-80%),Clear,None,,4.7
TRP00518,29/01/2025,Wednesday,No,Midday (9Am-4Pm),12:16:00,12:16:00,2,117,3,0,Yes,Yes,Full (80-100%),Light Rain,None,111.00,2.0
TRP01442,18/08/2025,Monday,No,Evening Peak (4-7Pm),18:42:00,18:51:00,10,43,8,9,No,No,Low (<50%),Clear,None,86.00,2.5
TRP00734,15/06/2025,Sunday,Yes,Early Morning (5-7Am),05:56:00,05:50:00,10,21,10,-6,Yes,No,Moderate (50-80%),Overcast,,70.00,2.3
TRP00441,07/03/2025,Friday,No,Morning Peak (7-9Am),08:31:00,08:54:00,10,25,1,23,No,No,Full (80-100%),,Road Accident Nearby,101.00,2.3
TRP02048,04/03/2025,Tuesday,No,Midday (9Am-4Pm),14:01:00,14:05:00,2,38,5,4,No,No,Full (80-100%),Heavy Rain,None,110.00,4.0
TRP03379,22/03/2025,Saturday,Yes,Evening Peak (4-7Pm),17:36:00,17:39:00,12,100,2,3,No,No,Full (80-100%),Light Rain,None,231.00,4.2
TRP02579,12/04/2025,Saturday,Yes,Morning Peak (7-9Am),08:56:00,09:09:00,9,89,6,13,No,No,Full (80-100%),Light Rain,Overloading Delay,124.00,2.3
TRP02788,22/07/2025,Tuesday,No,Midday (9Am-4Pm),14:40:00,14:34:00,5,112,10,-6,Yes,No,Low (<50%),Light Rain,None,81.00,1.9
TRP03064,26/03/2025,Wednesday,No,Morning Peak (7-9Am),07:19:00,07:25:00,6,45,6,6,No,No,Moderate (50-80%),Clear,None,154.00,3.1
TRP02538,15/05/2025,Thursday,No,Midday (9Am-4Pm),14:47:00,14:48:00,2,4,6,1,No,No,Low (<50%),Clear,None,90.00,3.7
TRP02195,21/05/2025,Wednesday,No,Midday (9Am-4Pm),11:38:00,11:41:00,12,76,11,3,No,No,Full (80-100%),Clear,Road Construction,160.00,3.9
TRP00995,04/04/2025,Friday,No,Midday (9Am-4Pm),13:29:00,13:37:00,5,54,6,8,No,No,Moderate (50-80%),Clear,Road Construction,70.00,1.8
TRP02790,08/02/2025,Saturday,Yes,Midday (9Am-4Pm),10:29:00,10:43:00,10,31,8,14,No,No,Moderate (50-80%),Light Rain,Road Construction,81.00,2.4
TRP00505,04/03/2025,Tuesday,No,Midday (9Am-4Pm),12:01:00,11:58:00,8,34,1,-3,Yes,No,Full (80-100%),Clear,Overloading Delay,60.00,3.8
TRP02519,20/03/2025,Thursday,No,Evening Peak (4-7Pm),16:23:00,16:33:00,3,13,2,10,No,No,Moderate (50-80%),Clear,None,176.00,3.4
TRP02358,13/08/2025,Wednesday,No,Midday (9Am-4Pm),13:25:00,13:24:00,2,117,11,-1,Yes,No,Moderate (50-80%),Clear,None,90.00,4.0
TRP01517,27/02/2025,Thursday,No,Morning Peak (7-9Am),07:47:00,07:55:00,2,8,7,8,No,No,Full (80-100%),Clear,Road Accident Nearby,115.00,2.9
TRP01370,23/08/2025,Saturday,Yes,Evening Peak (4-7Pm),18:57:00,18:54:00,7,95,2,-3,Yes,No,Full (80-100%),Overcast,None,188.00,4.4
TRP00182,19/07/2025,Saturday,Yes,Midday (9Am-4Pm),12:42:00,12:41:00,5,61,5,-1,Yes,No,Full (80-100%),Clear,Overloading Delay,70.00,4.0
TRP02404,10/04/2025,Thursday,No,Morning Peak (7-9Am),07:45:00,07:56:00,1,106,9,11,No,No,Low (<50%),Clear,Overloading Delay,123.00,3.1
TRP03370,03/02/2025,Monday,No,Evening Peak (4-7Pm),16:02:00,16:46:00,7,108,4,44,No,No,Low (<50%),Clear,Vehicle Breakdown,182.00,4.3
TRP03461,26/08/2025,Tuesday,No,Morning Peak (7-9Am),07:31:00,07:36:00,11,8,9,5,No,No,Full (80-100%),,None,157.00,4.0
TRP01588,05/07/2025,Saturday,Yes,Early Morning (5-7Am),05:51:00,05:49:00,4,1,5,-2,Yes,No,Full (80-100%),Clear,Road Accident Nearby,80.00,3.8
TRP00378,11/08/2025,Monday,No,Early Morning (5-7Am),05:56:00,06:13:00,4,97,5,17,No,No,Moderate (50-80%),Clear,Vehicle Breakdown,80.00,2.6
TRP02798,04/10/2025,Thursday,No,Morning Peak (7-9Am),07:47:00,07:56:00,4,60,10,9,No,No,  Full (80-100%)  ,Light Rain,Overloading Delay,124.00,
TRP01697,26/06/2025,Thursday,No,Midday (9Am-4Pm),14:19:00,14:26:00,8,32,4,7,No,No,Full (80-100%),Clear,Road Construction,60.00,1.0
TRP01722,01/07/2025,Tuesday,No,Evening Peak (4-7Pm),16:59:00,17:05:00,1,118,6,6,No,No,Moderate (50-80%),Clear,Police Checkpoint,133.00,2.2
TRP02248,12/01/2025,Sunday,Yes,Early Morning (5-7Am),06:07:00,06:19:00,6,23,3,12,No,No,Moderate (50-80%),Clear,Road Accident Nearby,100.00,7.6
TRP01120,16/03/2025,Sunday,Yes,Morning Peak (7-9Am),08:18:00,08:31:00,2,27,10,13,No,No,Moderate (50-80%),Light Rain,Police Checkpoint,171.00,
TRP01843,16/03/2025,Sunday,Yes,Midday (9Am-4Pm),15:47:00,15:44:00,8,6,10,-3,Yes,No,Moderate (50-80%),Clear,None,60.00,3.6
TRP01575,26/04/2025,Saturday,Yes,Midday (9Am-4Pm),14:18:00,14:26:00,7,25,3,8,No,No,Low (<50%),Heavy Rain,None,161.00,1.5
TRP02281,18/08/2025,Monday,No,Night (7-10Pm),20:33:00,20:51:00,2,32,7,18,No,No,Moderate (50-80%),Clear,Vehicle Breakdown,90.00,1.9
TRP03468,08/06/2025,Sunday,Yes,Midday (9Am-4Pm),10:37:00,10:33:00,1,85,9,-4,Yes,No,Full (80-100%),Clear,None,100.00,4.8
TRP02951,26/06/2025,Thursday,No,Morning Peak (7-9Am),07:04:00,07:08:00,9,116,1,4,No,No,Low (<50%),Light Rain,None,140.00,2.7
TRP01414,21/03/2025,Friday,No,Morning Peak (7-9Am),07:24:00,07:25:00,11,61,11,1,No,No,Low (<50%),Clear,None,159.00,4.6
TRP00922,11/03/2025,Tuesday,No,Midday (9Am-4Pm),15:55:00,15:56:00,3,59,4,1,No,No,Low (<50%),Clear,None,120.00,2.8
TRP01593,15/04/2025,Tuesday,No,Midday (9Am-4Pm),12:07:00,12:07:00,8,52,11,0,Yes,No,Full (80-100%),Light Rain,None,64.00,3.8
TRP02426,01/02/2025,Saturday,Yes,Midday (9Am-4Pm),15:23:00,15:25:00,1,59,1,2,No,No,Moderate (50-80%),Light Rain,None,126.00,3.4
TRP00022,20/05/2025,Tuesday,No,Night (7-10Pm),20:21:00,20:30:00,11,75,1,9,No,No,Moderate (50-80%),Light Rain,None,118.00,2.3
TRP02255,23/05/2025,Friday,No,Morning Peak (7-9Am),07:09:00,07:04:00,10,61,2,-5,Yes,No,Overloaded (>100%),Light Rain,None,116.00,3.9
TRP00693,19/06/2025,Thursday,No,Evening Peak (4-7Pm),18:22:00,18:28:00,7,88,9,6,No,No,Moderate (50-80%),Light Rain,None,,2.6
TRP01930,09/05/2025,Friday,No,Evening Peak (4-7Pm),17:37:00,17:49:00,1,38,4,12,No,No,Full (80-100%),Heavy Rain,None,177.00,2.4
TRP00194,24/01/2025,Friday,No,Night (7-10Pm),19:20:00,19:14:00,7,77,8,-6,Yes,No,Moderate (50-80%),Clear,None,150.00,2.0
TRP00716,19/03/2025,Wednesday,No,Early Morning (5-7Am),05:39:00,05:42:00,7,21,6,3,No,No,Moderate (50-80%),Clear,Police Checkpoint,150.00,3.1
TRP01084,30/03/2025,Sunday,Yes,Morning Peak (7-9Am),08:45:00,08:51:00,1,69,2,6,No,No,,,None,110.00,2.8
TRP01403,18/01/2025,Saturday,Yes,Morning Peak (7-9Am),07:25:00,07:28:00,6,10,5,3,No,No,Full (80-100%),Clear,Road Construction,159.00,4.9
TRP02419,09/01/2025,Thursday,No,Evening Peak (4-7Pm),17:43:00,17:50:00,11,85,1,7,No,No,Overloaded (>100%),Light Rain,Overloading Delay,168.00,
TRP01505,14/04/2025,Monday,No,Midday (9Am-4Pm),15:18:00,15:17:00,5,117,7,-1,Yes,No,Full (80-100%),Clear,None,70.00,3.3
TRP03476,20/06/2025,Friday,No,Early Morning (5-7Am),06:38:00,06:44:00,9,119,6,6,No,No,Moderate (50-80%),Light Rain,None,88.00,2.1
TRP01944,19/03/2025,Wednesday,No,Midday (9Am-4Pm),10:54:00,10:54:00,2,84,5,0,Yes,No,Moderate (50-80%),Clear,Police Checkpoint,90.00,4.3
TRP00264,28/08/2025,Thursday,No,Midday (9Am-4Pm),12:54:00,12:53:00,11,73,2,-1,Yes,No,Low (<50%),Clear,None,110.00,4.3
TRP02096,29/05/2025,Thursday,No,Evening Peak (4-7Pm),18:37:00,18:39:00,10,22,4,2,No,No,Full (80-100%),Clear,None,104.00,2.8
TRP01244,31/07/2025,Thursday,No,Evening Peak (4-7Pm),16:13:00,16:54:00,11,37,5,41,No,No,Moderate (50-80%),Heavy Rain,Vehicle Breakdown,171.00,3.0
TRP01797,09/07/2025,Wednesday,No,Morning Peak (7-9Am),08:40:00,09:05:00,1,72,5,25,No,No,Overloaded (>100%),Light Rain,Vehicle Breakdown,183.00,2.7
TRP00742,03/07/2025,Thursday,No,Midday (9Am-4Pm),14:04:00,14:05:00,4,92,11,1,No,No,Moderate (50-80%),Clear,None,80.00,3.7
TRP01214,23/02/2025,Sunday,Yes,Evening Peak (4-7Pm),16:07:00,16:14:00,4,30,3,7,No,No,Full (80-100%),Clear,Traffic Jam,117.00,
TRP02508,14/06/2025,Saturday,Yes,Evening Peak (4-7Pm),17:54:00,18:07:00,12,90,7,13,No,No,Full (80-100%),Light Rain,None,197.00,3.9
TRP00339,27/03/2025,Thursday,No,Midday (9Am-4Pm),15:49:00,15:51:00,12,72,2,2,No,No,Moderate (50-80%),Light Rain,None,206.00,
TRP01047,26/07/2025,Saturday,Yes,Midday (9Am-4Pm),13:56:00,14:21:00,4,53,9,25,No,No,Full (80-100%),Clear,Vehicle Breakdown,80.00,3.3
TRP01973,29/01/2025,Wednesday,No,Morning Peak (7-9Am),08:41:00,08:38:00,11,103,8,-3,Yes,No,Moderate (50-80%),Clear,None,134.00,3.7
TRP01754,18/08/2025,Monday,No,Early Morning (5-7Am),05:34:00,05:39:00,10,3,6,5,No,No,Overloaded (>100%),,,70.00,3.2
TRP00464,18/06/2025,Wednesday,No,Midday (9Am-4Pm),10:38:00,10:39:00,10,12,8,1,No,No,Low (<50%),Clear,Police Checkpoint,70.00,3.3
TRP01353,25/06/2025,Wednesday,No,Morning Peak (7-9Am),08:48:00,09:10:00,3,102,4,22,No,No,Moderate (50-80%),Heavy Rain,Road Construction,216.00,2.9
TRP00414,15/04/2025,Tuesday,No,Evening Peak (4-7Pm),16:54:00,17:21:00,6,102,3,27,No,No,Low (<50%),Light Rain,Road Accident Nearby,169.00,2.1
TRP00102,20/03/2025,Thursday,No,Morning Peak (7-9Am),07:06:00,07:15:00,4,60,5,9,No,No,Low (<50%),Clear,Overloading Delay,93.00,2.1
TRP00973,22/08/2025,Friday,No,Morning Peak (7-9Am),08:35:00,08:35:00,11,26,3,0,Yes,No,Moderate (50-80%),Clear,,168.00,3.2
TRP02098,13/07/2025,Sunday,Yes,Morning Peak (7-9Am),08:26:00,08:29:00,8,64,11,3,No,No,Full (80-100%),Clear,None,67.00,3.0
TRP02698,17/08/2025,Sunday,Yes,Midday (9Am-4Pm),11:00:00,10:58:00,1,51,3,-2,Yes,No,Low (<50%),Clear,None,100.00,4.4
TRP03034,04/05/2025,Sunday,Yes,Midday (9Am-4Pm),09:52:00,09:54:00,2,21,3,2,No,No,,Clear,Police Checkpoint,90.00,4.3
TRP02181,20/03/2025,Thursday,No,Evening Peak (4-7Pm),16:47:00,17:04:00,8,15,8,17,No,No,,Clear,Traffic Jam,91.00,1.7
TRP02872,17/03/2025,Monday,No,Evening Peak (4-7Pm),18:48:00,18:57:00,11,100,2,9,No,No,Full (80-100%),Clear,Police Checkpoint,168.00,3.9
TRP00482,04/05/2025,Sunday,Yes,Early Morning (5-7Am),05:46:00,05:52:00,12,50,1,6,No,No,Moderate (50-80%),Clear,Road Construction,160.00,
TRP01448,19/04/2025,Saturday,Yes,Midday (9Am-4Pm),11:39:00,11:40:00,2,118,5,1,No,No,Moderate (50-80%),Light Rain,None,103.00,3.1
TRP01343,17/02/2025,Monday,No,Midday (9Am-4Pm),12:19:00,12:39:00,4,87,11,20,No,No,Moderate (50-80%),Heavy Rain,Traffic Jam,93.00,2.3
TRP01860,29/04/2025,Tuesday,No,Early Morning (5-7Am),05:51:00,05:47:00,7,84,11,-4,Yes,No,Full (80-100%),Clear,None,150.00,5.0
TRP00003,28/04/2025,Monday,No,Morning Peak (7-9Am),08:17:00,08:26:00,12,10,9,9,No,No,Overloaded (>100%),,None,201.00,2.0
TRP01623,09/06/2025,Monday,No,Evening Peak (4-7Pm),18:30:00,18:51:00,7,80,1,21,No,No,Moderate (50-80%),Heavy Rain,Overloading Delay,,3.2
TRP01478,21/07/2025,Monday,No,Morning Peak (7-9Am),07:26:00,07:26:00,8,103,1,0,Yes,No,Full (80-100%),Clear,Overloading Delay,72.00,4.8
TRP02071,24/01/2025,Friday,No,Evening Peak (4-7Pm),17:34:00,17:43:00,3,23,8,9,No,No,Full (80-100%),Clear,Traffic Jam,163.00,
TRP02515,18/03/2025,Tuesday,No,Evening Peak (4-7Pm),16:31:00,16:31:00,8,45,2,0,Yes,No,Overloaded (>100%),Clear,None,93.00,3.8
TRP01410,12/02/2025,Wednesday,No,Morning Peak (7-9Am),07:41:00,07:42:00,3,59,6,1,No,No,Overloaded (>100%),Clear,Road Construction,167.00,2.9
TRP03207,08/06/2025,Sunday,Yes,Evening Peak (4-7Pm),16:09:00,16:18:00,10,74,11,9,No,No,Full (80-100%),Clear,Road Construction,101.00,4.0
TRP01059,15/07/2025,Tuesday,No,Evening Peak (4-7Pm),16:07:00,16:23:00,7,53,8,16,No,No,Overloaded (>100%),Clear,Police Checkpoint,217.00,4.0
TRP01626,20/03/2025,Thursday,No,Early Morning (5-7Am),06:37:00,06:42:00,1,59,8,5,No,No,Moderate (50-80%),Clear,Road Construction,100.00,
TRP00659,10/05/2025,Saturday,Yes,Early Morning (5-7Am),05:34:00,05:37:00,5,62,10,3,No,No,Moderate (50-80%),Light Rain,,88.00,3.5
TRP01379,10/03/2025,Monday,No,Morning Peak (7-9Am),08:44:00,08:52:00,8,29,6,8,No,No,Moderate (50-80%),Clear,Police Checkpoint,78.00,3.2
TRP00202,18/08/2025,Monday,No,Midday (9Am-4Pm),13:39:00,13:50:00,12,62,5,11,No,No,Moderate (50-80%),Clear,Road Construction,160.00,1.3
TRP00078,06/02/2025,Thursday,No,Evening Peak (4-7Pm),18:57:00,19:40:00,12,48,8,43,No,No,Moderate (50-80%),Clear,Road Accident Nearby,210.00,1.6
TRP00322,27/04/2025,Sunday,Yes,Midday (9Am-4Pm),11:11:00,11:09:00,5,19,10,-2,Yes,No,Moderate (50-80%),Clear,None,70.00,3.7
TRP00440,25/08/2025,Monday,No,Morning Peak (7-9Am),07:29:00,07:44:00,10,81,4,15,No,No,Full (80-100%),Overcast,Road Construction,98.00,
TRP02457,02/02/2025,Sunday,Yes,Midday (9Am-4Pm),13:40:00,13:55:00,10,68,5,15,No,No,Full (80-100%),Clear,Road Accident Nearby,70.00,2.8
TRP02258,21/04/2025,Monday,No,Evening Peak (4-7Pm),16:03:00,16:12:00,2,63,6,9,No,No,Full (80-100%),Light Rain,Traffic Jam,144.00,2.3
TRP00445,07/04/2025,Monday,No,Night (7-10Pm),19:40:00,19:34:00,8,112,7,-6,Yes,No,Low (<50%),Clear,None,,3.2
TRP00150,10/05/2025,Saturday,Yes,Evening Peak (4-7Pm),18:07:00,18:21:00,11,82,11,14,No,No,Full (80-100%),Light Rain,Road Construction,147.00,2.4
TRP02471,06/03/2025,Thursday,No,Morning Peak (7-9Am),08:39:00,08:55:00,9,96,2,16,No,No,Full (80-100%),Heavy Rain,Traffic Jam,162.00,1.8
TRP01522,25/06/2025,Wednesday,No,Evening Peak (4-7Pm),16:35:00,16:48:00,11,64,11,13,No,No,Moderate (50-80%),Clear,Police Checkpoint,142.00,2.6
TRP00542,08/07/2025,Tuesday,No,Evening Peak (4-7Pm),16:37:00,16:52:00,4,17,8,15,No,No,Overloaded (>100%),Heavy Rain,Road Construction,122.00,2.3
TRP01360,08/03/2025,Saturday,Yes,Midday (9Am-4Pm),15:37:00,15:31:00,11,18,6,-6,Yes,No,Moderate (50-80%),Clear,None,110.00,2.7
TRP00380,03/07/2025,Thursday,No,Morning Peak (7-9Am),08:11:00,08:15:00,2,108,7,4,No,No,Overloaded (>100%),Light Rain,None,148.00,4.4
TRP01749,14/08/2025,Thursday,No,Midday (9Am-4Pm),10:55:00,11:01:00,11,86,3,6,No,No,Moderate (50-80%),Clear,Road Construction,110.00,2.2
TRP00496,30/01/2025,Thursday,No,Early Morning (5-7Am),05:23:00,05:42:00,6,15,10,19,No,No,Low (<50%),,Road Accident Nearby,129.00,5.6
TRP02778,20/06/2025,Friday,No,Morning Peak (7-9Am),07:29:00,07:33:00,5,48,8,4,No,No,Overloaded (>100%),Clear,Road Accident Nearby,95.00,3.7
TRP03042,04/02/2025,Tuesday,No,Evening Peak (4-7Pm),17:24:00,17:19:00,6,108,5,-5,Yes,No,Full (80-100%),Clear,None,116.00,3.9
TRP03380,14/07/2025,Monday,No,Morning Peak (7-9Am),08:25:00,08:34:00,4,46,3,9,No,No,Full (80-100%),Clear,Traffic Jam,107.00,3.1
TRP02415,16/08/2025,Saturday,Yes,Midday (9Am-4Pm),11:35:00,11:43:00,5,79,3,8,No,No,Full (80-100%),Clear,Vehicle Breakdown,70.00,1.1
TRP00962,09/06/2025,Monday,No,Morning Peak (7-9Am),07:36:00,07:43:00,11,60,1,7,No,No,  Full (80-100%)  ,Clear,None,172.00,2.0
TRP03089,27/03/2025,Thursday,No,Midday (9Am-4Pm),09:28:00,09:35:00,5,40,6,7,No,No,Low (<50%),Clear,Road Construction,70.00,1.3
TRP01941,15/03/2025,Saturday,Yes,Midday (9Am-4Pm),12:23:00,12:45:00,1,74,10,22,No,No,Full (80-100%),Clear,Vehicle Breakdown,100.00,2.7
TRP01063,19/03/2025,Wednesday,No,Early Morning (5-7Am),06:05:00,06:08:00,11,14,8,3,No,No,Low (<50%),Clear,Road Construction,110.00,3.5
TRP01579,02/03/2025,Sunday,Yes,Night (7-10Pm),21:17:00,21:16:00,5,35,10,-1,Yes,No,,Clear,None,70.00,4.9
TRP00931,31/05/2025,Saturday,Yes,Night (7-10Pm),21:06:00,21:00:00,10,10,8,-6,Yes,No,Low (<50%),Clear,None,70.00,2.2
TRP01920,05/01/2025,Sunday,Yes,Midday (9Am-4Pm),15:47:00,15:47:00,10,55,10,0,Yes,No,Full (80-100%),Light Rain,None,75.00,
TRP03044,27/08/2025,Wednesday,No,Morning Peak (7-9Am),07:27:00,08:08:00,3,120,8,41,No,No,Full (80-100%),,Vehicle Breakdown,154.00,3.2
TRP00900,18/08/2025,Monday,No,Night (7-10Pm),19:12:00,19:18:00,4,37,10,6,No,No,Low (<50%),Clear,Police Checkpoint,80.00,3.5
TRP03296,26/04/2025,Saturday,Yes,Evening Peak (4-7Pm),18:47:00,18:57:00,3,73,3,10,No,No,Low (<50%),Clear,Police Checkpoint,165.00,1.2
TRP01482,25/04/2025,Friday,No,Midday (9Am-4Pm),13:26:00,14:12:00,7,55,6,46,No,No,Moderate (50-80%),Heavy Rain,Vehicle Breakdown,187.00,1.8
TRP03184,16/05/2025,Friday,No,Morning Peak (7-9Am),07:01:00,07:11:00,7,80,3,10,No,No,Moderate (50-80%),Clear,Traffic Jam,206.00,1.2
TRP01603,18/05/2025,Sunday,Yes,Morning Peak (7-9Am),07:29:00,07:44:00,7,94,,15,No,No,Full (80-100%),Light Rain,Road Construction,191.00,3.3
TRP01833,07/05/2025,Wednesday,No,Evening Peak (4-7Pm),18:59:00,19:28:00,10,102,4,29,No,No,Moderate (50-80%),Clear,Vehicle Breakdown,97.00,2.5
TRP00745,17/01/2025,Friday,No,Evening Peak (4-7Pm),17:49:00,18:01:00,3,108,10,12,No,No,Overloaded (>100%),,Police Checkpoint,136.00,
TRP01946,24/02/2025,Monday,No,Morning Peak (7-9Am),07:22:00,07:56:00,1,34,7,34,No,No,Moderate (50-80%),Clear,Vehicle Breakdown,110.00,2.7
TRP02479,30/07/2025,Wednesday,No,Night (7-10Pm),21:59:00,22:25:00,3,66,5,26,No,No,Full (80-100%),Clear,Vehicle Breakdown,120.00,1.9
TRP01518,12/08/2025,Tuesday,No,Early Morning (5-7Am),05:28:00,05:26:00,8,112,7,-2,Yes,No,  Full (80-100%)  ,Clear,None,60.00,3.0
TRP03058,10/08/2025,Sunday,Yes,Evening Peak (4-7Pm),16:11:00,16:17:00,9,88,10,6,No,No,Full (80-100%),Overcast,Road Accident Nearby,104.00,2.1
TRP02569,08/06/2025,Sunday,Yes,Early Morning (5-7Am),05:41:00,05:50:00,11,1,9,9,No,No,Low (<50%),Heavy Rain,None,129.00,1.7
TRP01012,09/03/2025,Sunday,Yes,Midday (9Am-4Pm),13:52:00,13:51:00,4,3,6,-1,Yes,No,Overloaded (>100%),Clear,None,80.00,10.0
TRP01297,07/05/2025,Wednesday,No,Evening Peak (4-7Pm),18:07:00,18:15:00,2,4,9,8,No,No,Full (80-100%),Light Rain,None,,1.7
TRP02676,15/02/2025,Saturday,Yes,Midday (9Am-4Pm),12:10:00,12:22:00,11,4,5,12,No,No,Moderate (50-80%),Clear,Road Accident Nearby,110.00,3.3
TRP02288,18/06/2025,Wednesday,No,Midday (9Am-4Pm),14:05:00,14:05:00,10,38,7,0,Yes,No,Full (80-100%),Clear,None,70.00,3.8
TRP01163,28/01/2025,Tuesday,No,Midday (9Am-4Pm),12:00:00,12:18:00,10,107,6,18,No,No,Moderate (50-80%),,Road Accident Nearby,78.00,2.3
TRP02620,15/06/2025,Sunday,Yes,Night (7-10Pm),21:18:00,21:42:00,12,87,10,24,No,No,Full (80-100%),Clear,Vehicle Breakdown,160.00,2.9
TRP01467,30/06/2025,Monday,No,Evening Peak (4-7Pm),18:24:00,18:32:00,7,8,2,8,No,No,,Clear,None,227.00,1.8
TRP01908,14/04/2025,Monday,No,Night (7-10Pm),19:51:00,19:47:00,5,10,3,-4,Yes,No,Moderate (50-80%),Clear,None,70.00,3.9
TRP02173,27/04/2025,Sunday,Yes,Night (7-10Pm),21:53:00,21:51:00,2,68,7,-2,Yes,No,Full (80-100%),Overcast,Police Checkpoint,90.00,4.5
TRP00728,01/06/2025,Sunday,Yes,Midday (9Am-4Pm),11:24:00,11:18:00,12,113,2,-6,Yes,No,Low (<50%),Clear,None,160.00,2.8
TRP01144,18/02/2025,Tuesday,No,Morning Peak (7-9Am),08:23:00,08:31:00,1,71,3,8,No,Yes,Low (<50%),Overcast,None,139.00,2.2
TRP03348,17/05/2025,Saturday,Yes,Evening Peak (4-7Pm),18:12:00,18:17:00,6,70,3,5,No,No,,Clear,None,140.00,1.7
TRP00480,04/03/2025,Tuesday,No,Morning Peak (7-9Am),08:30:00,08:37:00,10,80,8,7,No,Yes,Full (80-100%),Light Rain,Police Checkpoint,142.00,2.3
TRP03397,11/06/2025,Wednesday,No,Night (7-10Pm),20:40:00,21:15:00,12,59,9,35,No,No,Full (80-100%),,Vehicle Breakdown,182.00,3.8
TRP00349,04/08/2025,Monday,No,Midday (9Am-4Pm),15:52:00,15:58:00,11,71,2,6,No,No,Full (80-100%),Clear,None,110.00,1.0
TRP00131,06/01/2025,Monday,No,Morning Peak (7-9Am),08:31:00,08:38:00,12,108,10,7,No,No,Overloaded (>100%),Overcast,Police Checkpoint,250.00,1.0
TRP00916,20/05/2025,Tuesday,No,Morning Peak (7-9Am),08:29:00,08:37:00,11,66,5,8,No,No,Moderate (50-80%),Clear,None,170.00,3.9
TRP02862,19/04/2025,Saturday,Yes,Night (7-10Pm),20:33:00,20:36:00,1,115,5,3,No,No,Low (<50%),Overcast,Road Construction,100.00,4.6
TRP01485,22/03/2025,Saturday,Yes,Night (7-10Pm),19:01:00,19:04:00,3,110,8,3,No,No,Low (<50%),Clear,Road Construction,120.00,2.9
TRP03460,30/04/2025,Wednesday,No,Midday (9Am-4Pm),10:01:00,10:11:00,1,117,9,10,No,No,Low (<50%),Clear,Road Accident Nearby,100.00,2.3
TRP02775,09/02/2025,Sunday,Yes,Morning Peak (7-9Am),08:30:00,08:31:00,6,10,11,1,No,No,Full (80-100%),Clear,None,152.00,
TRP02089,06/06/2025,Friday,No,Morning Peak (7-9Am),07:03:00,07:13:00,3,77,5,10,No,No,Full (80-100%),Clear,Traffic Jam,160.00,2.6
TRP01253,16/08/2025,Saturday,Yes,Midday (9Am-4Pm),11:46:00,11:48:00,5,110,3,2,No,No,Moderate (50-80%),Clear,Police Checkpoint,70.00,4.7
TRP01069,21/01/2025,Tuesday,No,Midday (9Am-4Pm),09:58:00,10:06:00,8,80,10,8,No,No,Full (80-100%),Clear,Police Checkpoint,60.00,2.2
TRP03241,01/08/2025,Friday,No,Morning Peak (7-9Am),07:46:00,07:58:00,12,83,10,12,No,No,Moderate (50-80%),Overcast,Road Construction,211.00,2.6
TRP00116,13/02/2025,Thursday,No,Morning Peak (7-9Am),07:19:00,07:51:00,10,117,5,32,No,No,Overloaded (>100%),Clear,Vehicle Breakdown,96.00,
TRP00933,23/02/2025,Sunday,Yes,Midday (9Am-4Pm),11:47:00,11:48:00,1,99,9,1,No,No,Full (80-100%),,Overloading Delay,100.00,4.4
TRP00042,13/01/2025,Monday,No,Midday (9Am-4Pm),13:04:00,13:17:00,3,20,2,13,No,No,Moderate (50-80%),Light Rain,Road Construction,139.00,2.4
TRP03292,04/05/2025,Saturday,Yes,Midday (9Am-4Pm),15:07:00,15:04:00,11,38,2,-3,Yes,No,Low (<50%),Overcast,None,110.00,3.5
TRP02334,08/02/2025,Saturday,Yes,Morning Peak (7-9Am),07:02:00,07:23:00,9,113,5,21,No,No,Full (80-100%),Clear,Traffic Jam,90.00,2.0
TRP03495,12/02/2025,Wednesday,No,Morning Peak (7-9Am),08:33:00,08:48:00,3,35,4,15,No,No,Overloaded (>100%),Light Rain,Road Construction,183.00,2.8
TRP03393,30/07/2025,Wednesday,No,Midday (9Am-4Pm),10:53:00,10:49:00,6,89,8,-4,Yes,No,Low (<50%),Clear,None,100.00,1.9
TRP00552,29/05/2025,Thursday,No,Evening Peak (4-7Pm),16:57:00,17:07:00,7,55,2,10,No,No,,Overcast,None,186.00,3.5
TRP02858,19/02/2025,Wednesday,No,Midday (9Am-4Pm),14:57:00,15:13:00,6,14,1,16,No,No,Low (<50%),Clear,Traffic Jam,100.00,2.3
TRP00226,09/01/2025,Thursday,No,Evening Peak (4-7Pm),17:55:00,18:04:00,11,95,10,9,No,No,Moderate (50-80%),Clear,Road Construction,166.00,2.6
TRP00050,21/08/2025,Thursday,No,Evening Peak (4-7Pm),16:40:00,16:43:00,9,105,3,3,No,No,Low (<50%),Light Rain,None,137.00,5.0
TRP00132,29/01/2025,Wednesday,No,Morning Peak (7-9Am),08:32:00,08:37:00,11,73,3,5,No,No,Overloaded (>100%),Clear,Traffic Jam,145.00,
TRP03057,08/04/2025,Tuesday,No,Evening Peak (4-7Pm),16:15:00,16:46:00,2,41,4,31,No,No,Low (<50%),Clear,Vehicle Breakdown,120.00,1.8
TRP03402,10/06/2025,Tuesday,No,Early Morning (5-7Am),05:43:00,05:59:00,1,40,4,16,No,No,,Heavy Rain,Overloading Delay,111.00,3.1
TRP02290,10/04/2025,Thursday,No,Early Morning (5-7Am),06:00:00,06:17:00,11,69,5,17,No,No,,Overcast,Road Accident Nearby,110.00,2.2
TRP00625,05/02/2025,Wednesday,No,Evening Peak (4-7Pm),16:57:00,17:06:00,10,50,9,9,No,No,Moderate (50-80%),Clear,None,91.00,4.2
TRP03096,21/08/2025,Thursday,No,Evening Peak (4-7Pm),18:52:00,18:59:00,12,112,3,7,No,No,Moderate (50-80%),Clear,None,214.00,
TRP02882,05/01/2025,Sunday,Yes,Evening Peak (4-7Pm),17:47:00,17:55:00,12,64,7,8,No,No,Moderate (50-80%),Clear,None,254.00,2.1
TRP01168,09/02/2025,Sunday,Yes,Midday (9Am-4Pm),15:22:00,15:22:00,9,89,11,0,Yes,No,Moderate (50-80%),Clear,None,80.00,4.1
TRP03070,05/01/2025,Sunday,Yes,Evening Peak (4-7Pm),16:06:00,16:16:00,1,106,11,10,No,No,,Clear,Road Construction,124.00,1.5
TRP03349,15/04/2025,Tuesday,No,Midday (9Am-4Pm),11:52:00,11:56:00,7,112,5,4,No,No,,Heavy Rain,None,176.00,3.4
TRP00561,18/03/2025,Tuesday,No,Morning Peak (7-9Am),08:14:00,08:15:00,6,44,10,1,No,No,Low (<50%),Clear,None,134.00,4.1
TRP01496,22/04/2025,Tuesday,No,Morning Peak (7-9Am),08:36:00,08:46:00,5,104,5,10,No,No,Full (80-100%),Overcast,Overloading Delay,88.00,3.7
TRP02235,14/01/2025,Tuesday,No,Early Morning (5-7Am),05:35:00,05:39:00,1,73,6,4,No,No,Moderate (50-80%),Light Rain,None,124.00,3.2
TRP00329,22/04/2025,Tuesday,No,Midday (9Am-4Pm),12:58:00,12:52:00,1,18,4,-6,Yes,No,Moderate (50-80%),Clear,None,100.00,1.6
TRP03365,05/01/2025,Sunday,Yes,Midday (9Am-4Pm),13:16:00,13:16:00,7,80,10,0,Yes,No,Low (<50%),Clear,None,150.00,3.4
TRP01310,07/08/2025,Thursday,No,Evening Peak (4-7Pm),17:06:00,17:08:00,7,79,10,2,No,No,Moderate (50-80%),Clear,Overloading Delay,180.00,3.1
TRP01921,12/08/2025,Tuesday,No,Night (7-10Pm),21:00:00,21:00:00,3,110,7,0,Yes,No,Full (80-100%),Clear,None,120.00,3.5
TRP02130,13/07/2025,Sunday,Yes,Early Morning (5-7Am),06:44:00,06:55:00,9,11,9,11,No,No,Full (80-100%),,None,100.00,3.1
TRP03500,21/04/2025,Monday,No,Morning Peak (7-9Am),08:19:00,08:35:00,12,17,2,16,No,No,Low (<50%),Clear,Traffic Jam,218.00,2.6
TRP02346,05/02/2025,Wednesday,No,Midday (9Am-4Pm),12:52:00,13:06:00,3,17,5,14,No,No,Moderate (50-80%),Light Rain,Police Checkpoint,138.00,3.7
TRP02249,16/06/2025,Monday,No,Midday (9Am-4Pm),14:51:00,14:52:00,12,14,6,1,No,No,,Clear,None,160.00,2.9
TRP01128,10/03/2025,Monday,No,Early Morning (5-7Am),05:58:00,05:56:00,5,76,5,-2,Yes,No,Moderate (50-80%),Clear,None,70.00,4.4
TRP02530,14/08/2025,Thursday,No,Midday (9Am-4Pm),13:01:00,12:59:00,6,109,1,-2,Yes,No,Low (<50%),Clear,Overloading Delay,100.00,3.5
TRP00853,22/02/2025,Saturday,Yes,Morning Peak (7-9Am),08:51:00,09:08:00,5,96,3,17,No,No,Low (<50%),Clear,,107.00,2.4
TRP02669,08/06/2025,Sunday,Yes,Midday (9Am-4Pm),14:13:00,14:14:00,10,36,10,1,No,No,Low (<50%),Light Rain,Police Checkpoint,77.00,4.0
TRP01788,21/03/2025,Friday,No,Evening Peak (4-7Pm),18:42:00,18:55:00,2,96,8,13,No,No,Full (80-100%),Clear,Police Checkpoint,136.00,2.0
TRP00467,01/08/2025,Friday,No,Morning Peak (7-9Am),08:57:00,08:59:00,12,10,9,2,No,No,Low (<50%),Overcast,Police Checkpoint,208.00,3.9
TRP01476,02/01/2025,Thursday,No,Evening Peak (4-7Pm),16:57:00,16:59:00,7,31,10,2,No,No,Full (80-100%),Clear,None,217.00,4.8
TRP00491,22/02/2025,Saturday,Yes,Evening Peak (4-7Pm),17:15:00,17:22:00,4,65,11,7,No,No,  Full (80-100%)  ,,Police Checkpoint,105.00,3.4
TRP00886,23/02/2025,Sunday,Yes,Midday (9Am-4Pm),12:17:00,12:15:00,8,110,11,-2,Yes,No,Moderate (50-80%),Clear,None,60.00,3.4
TRP00248,24/03/2025,Monday,No,Morning Peak (7-9Am),08:28:00,08:31:00,6,68,8,3,No,No,Full (80-100%),Clear,None,136.00,
TRP01849,17/04/2025,Thursday,No,Night (7-10Pm),19:47:00,19:55:00,2,64,11,8,No,No,Moderate (50-80%),Light Rain,Police Checkpoint,107.00,1.0
TRP02782,01/09/2025,Thursday,No,Evening Peak (4-7Pm),17:21:00,17:34:00,6,1,10,13,No,No,Full (80-100%),Light Rain,Police Checkpoint,118.00,2.7
TRP01054,06/06/2025,Friday,No,Morning Peak (7-9Am),07:15:00,07:09:00,10,85,2,-6,Yes,No,Full (80-100%),Clear,None,84.00,2.8
TRP02522,15/05/2025,Thursday,No,Morning Peak (7-9Am),08:04:00,08:04:00,2,61,3,0,Yes,No,Full (80-100%),Overcast,None,143.00,4.1
TRP01178,20/05/2025,Tuesday,No,Midday (9Am-4Pm),10:20:00,10:31:00,6,26,11,11,No,No,Moderate (50-80%),,Traffic Jam,100.00,1.6
TRP01184,09/01/2025,Thursday,No,Early Morning (5-7Am),06:50:00,06:51:00,6,96,3,1,No,No,Low (<50%),Clear,None,100.00,
TRP02134,16/01/2025,Thursday,No,Morning Peak (7-9Am),08:04:00,08:18:00,7,46,8,14,No,No,Moderate (50-80%),Clear,Police Checkpoint,200.00,2.1
TRP00017,19/07/2025,Saturday,Yes,Midday (9Am-4Pm),10:19:00,10:29:00,5,84,5,10,No,No,Moderate (50-80%),Overcast,Traffic Jam,70.00,4.0
TRP01431,28/01/2025,Tuesday,No,Evening Peak (4-7Pm),18:38:00,18:45:00,4,34,10,7,No,No,Low (<50%),Light Rain,Road Construction,134.00,2.3
TRP00246,07/06/2025,Saturday,Yes,Midday (9Am-4Pm),10:03:00,10:03:00,8,27,1,0,Yes,No,,,Overloading Delay,60.00,8.4
TRP03467,17/05/2025,Saturday,Yes,Early Morning (5-7Am),05:50:00,06:10:00,11,73,5,20,No,No,Low (<50%),Heavy Rain,Vehicle Breakdown,116.00,3.1
TRP00671,22/03/2025,Saturday,Yes,Night (7-10Pm),20:22:00,20:24:00,9,114,5,2,No,No,Low (<50%),Heavy Rain,None,87.00,3.6
TRP01813,27/05/2025,Tuesday,No,Morning Peak (7-9Am),07:34:00,07:34:00,8,87,8,0,Yes,No,Low (<50%),Clear,Overloading Delay,83.00,4.1
TRP00141,16/06/2025,Monday,No,Evening Peak (4-7Pm),17:40:00,17:42:00,2,84,7,2,No,No,Full (80-100%),Overcast,None,139.00,9.0
TRP01793,30/04/2025,Wednesday,No,Morning Peak (7-9Am),08:55:00,09:08:00,10,10,2,13,No,No,Moderate (50-80%),Overcast,Road Construction,101.00,2.9
TRP00906,04/08/2025,Monday,No,Morning Peak (7-9Am),07:30:00,07:38:00,8,41,4,8,No,No,Moderate (50-80%),Clear,Road Accident Nearby,93.00,2.6
TRP02728,21/07/2025,Monday,No,Evening Peak (4-7Pm),16:29:00,16:25:00,5,88,10,-4,Yes,No,Low (<50%),Clear,None,92.00,3.3
TRP03040,09/06/2025,Monday,No,Morning Peak (7-9Am),07:38:00,07:36:00,5,113,2,-2,Yes,No,Full (80-100%),Clear,None,111.00,3.9
TRP00763,17/02/2025,Monday,No,Early Morning (5-7Am),05:01:00,05:06:00,1,18,1,5,No,No,Full (80-100%),Clear,Road Accident Nearby,100.00,4.9
TRP02970,09/01/2025,Thursday,No,Morning Peak (7-9Am),07:15:00,07:43:00,7,84,8,28,No,No,Moderate (50-80%),Clear,Road Accident Nearby,232.00,2.8
TRP02855,04/02/2025,Wednesday,No,Evening Peak (4-7Pm),17:46:00,18:02:00,5,81,3,16,No,No,Full (80-100%),Clear,Road Construction,105.00,
TRP02527,06/06/2025,Friday,No,Morning Peak (7-9Am),07:14:00,07:21:00,10,35,4,7,No,No,Full (80-100%),Clear,Traffic Jam,79.00,2.0
TRP03231,29/06/2025,Sunday,Yes,Midday (9Am-4Pm),15:39:00,15:49:00,12,97,3,10,No,No,Moderate (50-80%),Clear,Road Construction,160.00,3.3
TRP00068,16/08/2025,Saturday,Yes,Evening Peak (4-7Pm),16:52:00,16:59:00,2,8,1,7,No,No,,Light Rain,Road Construction,142.00,
TRP01574,29/01/2025,Wednesday,No,Early Morning (5-7Am),06:42:00,06:40:00,6,68,2,-2,Yes,No,Moderate (50-80%),Light Rain,None,128.00,4.5
TRP01585,29/06/2025,Sunday,Yes,Midday (9Am-4Pm),13:41:00,13:49:00,3,61,4,8,No,No,Full (80-100%),Clear,Road Construction,120.00,3.1
TRP01036,18/07/2025,Friday,No,Midday (9Am-4Pm),10:59:00,11:08:00,5,13,2,9,No,No,Low (<50%),Overcast,Road Accident Nearby,70.00,1.2
TRP02451,21/05/2025,Wednesday,No,Midday (9Am-4Pm),09:43:00,09:46:00,5,46,1,3,No,No,Low (<50%),Light Rain,None,88.00,2.5
TRP01757,06/06/2025,Friday,No,Morning Peak (7-9Am),07:29:00,07:39:00,6,119,5,10,No,No,Low (<50%),Clear,,154.00,2.5
TRP03113,11/06/2025,Wednesday,No,Evening Peak (4-7Pm),16:07:00,16:07:00,1,44,7,0,Yes,No,,Clear,None,110.00,3.4
TRP02360,26/02/2025,Wednesday,No,Evening Peak (4-7Pm),18:11:00,18:17:00,12,91,6,6,No,No,Moderate (50-80%),Clear,None,198.00,2.2
TRP02868,21/06/2025,Saturday,Yes,Midday (9Am-4Pm),11:55:00,11:57:00,7,57,,2,No,No,Moderate (50-80%),Clear,None,150.00,4.0
TRP00587,27/04/2025,Sunday,Yes,Early Morning (5-7Am),06:24:00,06:18:00,7,89,5,-6,Yes,No,Full (80-100%),Clear,None,150.00,3.0
TRP01044,11/01/2025,Saturday,Yes,Midday (9Am-4Pm),10:06:00,10:10:00,9,48,6,4,No,No,Low (<50%),Clear,Road Construction,80.00,4.0
TRP02414,11/07/2025,Friday,No,Midday (9Am-4Pm),12:21:00,12:33:00,5,23,5,12,No,No,Low (<50%),Clear,Traffic Jam,70.00,1.6
TRP02517,01/08/2025,Friday,No,Evening Peak (4-7Pm),16:09:00,16:16:00,2,47,4,7,No,No,Moderate (50-80%),Clear,Overloading Delay,119.00,2.8
TRP00800,09/01/2025,Thursday,No,Midday (9Am-4Pm),10:05:00,10:03:00,5,1,5,-2,Yes,No,Moderate (50-80%),Light Rain,None,83.00,4.6
TRP00472,02/03/2025,Sunday,Yes,Night (7-10Pm),20:42:00,20:37:00,5,55,10,-5,Yes,No,Full (80-100%),Clear,Police Checkpoint,70.00,3.3
TRP01217,08/03/2025,Saturday,Yes,Midday (9Am-4Pm),13:06:00,13:16:00,5,40,9,10,No,No,Moderate (50-80%),Clear,Vehicle Breakdown,70.00,3.5
TRP00178,18/06/2025,Wednesday,No,Morning Peak (7-9Am),07:08:00,07:19:00,12,42,4,11,No,No,Overloaded (>100%),,Police Checkpoint,220.00,1.6
TRP02710,07/06/2025,Saturday,Yes,Midday (9Am-4Pm),10:18:00,10:14:00,10,77,4,-4,Yes,No,Low (<50%),Overcast,None,70.00,3.9
TRP02376,12/07/2025,Saturday,Yes,Midday (9Am-4Pm),14:08:00,14:09:00,5,98,5,1,No,No,Moderate (50-80%),Clear,Traffic Jam,70.00,4.6
TRP01947,04/08/2025,Monday,No,Midday (9Am-4Pm),13:36:00,13:42:00,6,64,10,6,No,No,Overloaded (>100%),Clear,Overloading Delay,100.00,
TRP00680,15/02/2025,Saturday,Yes,Morning Peak (7-9Am),07:00:00,06:56:00,4,44,6,-4,Yes,No,Full (80-100%),Clear,None,127.00,
TRP01531,29/07/2025,Tuesday,No,Evening Peak (4-7Pm),17:25:00,17:36:00,3,89,3,11,No,No,Full (80-100%),Light Rain,Police Checkpoint,226.00,1.2
TRP02524,10/03/2025,Monday,No,Night (7-10Pm),20:11:00,20:08:00,8,91,10,-3,Yes,No,Low (<50%),Clear,None,60.00,3.8
TRP02756,07/05/2025,Wednesday,No,Morning Peak (7-9Am),08:06:00,08:15:00,3,47,11,9,No,No,Moderate (50-80%),Light Rain,None,216.00,
TRP03027,30/03/2025,Sunday,Yes,Midday (9Am-4Pm),12:52:00,12:47:00,6,23,2,-5,Yes,No,Full (80-100%),Clear,None,100.00,4.8
TRP00597,15/08/2025,Friday,No,Midday (9Am-4Pm),11:57:00,12:34:00,4,20,6,37,No,No,Moderate (50-80%),Heavy Rain,Vehicle Breakdown,91.00,2.0
TRP00337,26/03/2025,Wednesday,No,Morning Peak (7-9Am),07:50:00,08:17:00,4,31,10,27,No,No,Moderate (50-80%),Clear,Vehicle Breakdown,110.00,1.3
TRP01378,01/07/2025,Tuesday,No,Evening Peak (4-7Pm),18:00:00,18:12:00,4,113,8,12,No,No,Overloaded (>100%),Clear,None,89.00,1.0
TRP01097,28/06/2025,Saturday,Yes,Morning Peak (7-9Am),08:16:00,08:27:00,5,50,6,11,No,No,Overloaded (>100%),Heavy Rain,Road Construction,107.00,1.9
TRP03069,02/05/2025,Friday,No,Early Morning (5-7Am),06:14:00,06:08:00,7,82,8,-6,Yes,No,Moderate (50-80%),Clear,None,150.00,2.4
TRP00249,28/05/2025,Wednesday,No,Evening Peak (4-7Pm),18:19:00,18:29:00,1,21,5,10,No,No,Moderate (50-80%),Overcast,Overloading Delay,116.00,2.1
TRP01052,24/04/2025,Thursday,No,Night (7-10Pm),20:40:00,20:40:00,6,,10,0,Yes,No,  Low (<50%)  ,,None,100.00,4.1
TRP02260,06/07/2025,Sunday,Yes,Midday (9Am-4Pm),14:45:00,14:40:00,3,13,5,-5,Yes,No,Low (<50%),Clear,None,120.00,3.0
TRP03254,02/07/2025,Wednesday,No,Evening Peak (4-7Pm),17:23:00,17:37:00,12,78,7,14,No,No,Overloaded (>100%),Heavy Rain,None,272.00,1.5
TRP01893,02/07/2025,Wednesday,No,Evening Peak (4-7Pm),16:08:00,16:08:00,3,19,5,0,Yes,No,Moderate (50-80%),Clear,None,188.00,3.6
TRP03299,01/01/2025,Wednesday,No,Early Morning (5-7Am),05:55:00,05:55:00,6,51,7,0,Yes,No,Low (<50%),Overcast,Police Checkpoint,100.00,4.8
TRP00806,28/08/2025,Thursday,No,Evening Peak (4-7Pm),16:31:00,16:36:00,1,62,1,5,No,No,Full (80-100%),Clear,None,138.00,3.2
TRP01212,27/08/2025,Wednesday,No,Morning Peak (7-9Am),08:39:00,08:44:00,4,59,7,5,No,No,Moderate (50-80%),Clear,None,101.00,2.2
TRP00241,17/07/2025,Thursday,No,Evening Peak (4-7Pm),18:55:00,18:58:00,7,39,1,3,No,No,Moderate (50-80%),Overcast,None,232.00,4.4
TRP02174,18/07/2025,Friday,No,Early Morning (5-7Am),06:38:00,06:53:00,7,104,9,15,No,No,Moderate (50-80%),Clear,Road Accident Nearby,150.00,3.1
TRP01462,11/04/2025,Friday,No,Early Morning (5-7Am),05:56:00,06:12:00,1,85,8,16,No,No,Low (<50%),Clear,Road Accident Nearby,100.00,3.1
TRP01877,11/03/2025,Tuesday,No,Early Morning (5-7Am),05:25:00,05:49:00,8,64,11,24,No,No,Low (<50%),Clear,Vehicle Breakdown,60.00,3.3
TRP01940,22/04/2025,Tuesday,No,Early Morning (5-7Am),06:50:00,06:44:00,9,78,11,-6,Yes,No,Low (<50%),Clear,None,80.00,3.2
TRP03036,23/08/2025,Saturday,Yes,Evening Peak (4-7Pm),16:34:00,17:03:00,12,12,5,29,No,No,Overloaded (>100%),Heavy Rain,Traffic Jam,275.00,1.9
TRP03298,20/03/2025,Thursday,No,Midday (9Am-4Pm),15:20:00,15:25:00,12,75,2,5,No,No,Low (<50%),Light Rain,Overloading Delay,,1.9
TRP01390,28/02/2025,Friday,No,Early Morning (5-7Am),06:51:00,07:07:00,9,19,2,16,No,No,Low (<50%),Light Rain,Road Construction,91.00,2.9
TRP00519,24/03/2025,Monday,No,Evening Peak (4-7Pm),18:37:00,18:48:00,2,73,11,11,No,No,Full (80-100%),Overcast,Road Construction,132.00,
TRP02917,15/02/2025,Saturday,Yes,Morning Peak (7-9Am),07:57:00,08:02:00,8,98,,5,No,No,Overloaded (>100%),Clear,None,77.00,2.2
TRP03432,15/08/2025,Friday,No,Evening Peak (4-7Pm),16:20:00,16:46:00,7,17,10,26,No,No,Full (80-100%),Heavy Rain,Road Construction,265.00,
TRP00499,30/05/2025,Friday,No,Evening Peak (4-7Pm),18:18:00,18:37:00,2,71,5,19,No,No,Moderate (50-80%),Light Rain,Road Accident Nearby,163.00,3.3
TRP00689,16/02/2025,Sunday,Yes,Morning Peak (7-9Am),08:35:00,08:36:00,5,107,8,1,No,No,Full (80-100%),Light Rain,None,104.00,3.5
TRP02157,27/06/2025,Friday,No,Evening Peak (4-7Pm),17:41:00,17:45:00,9,17,6,4,No,No,Moderate (50-80%),Clear,None,112.00,4.2
TRP00024,17/05/2025,Saturday,Yes,Early Morning (5-7Am),06:57:00,06:52:00,8,53,11,-5,Yes,No,  Full (80-100%)  ,Overcast,None,,2.7
TRP01237,05/02/2025,Wednesday,No,Midday (9Am-4Pm),09:13:00,09:14:00,9,101,5,1,No,No,Full (80-100%),Clear,Overloading Delay,80.00,3.8
TRP00831,13/05/2025,Tuesday,No,Evening Peak (4-7Pm),18:47:00,18:56:00,3,52,5,9,No,No,Full (80-100%),Clear,Police Checkpoint,191.00,2.5
TRP03387,05/06/2025,Thursday,No,Early Morning (5-7Am),05:26:00,05:30:00,9,64,1,4,No,No,Full (80-100%),Light Rain,None,87.00,
TRP00945,12/01/2025,Sunday,Yes,Morning Peak (7-9Am),07:07:00,07:12:00,6,109,11,5,No,No,Full (80-100%),Clear,None,154.00,2.6
TRP00981,27/04/2025,Sunday,Yes,Morning Peak (7-9Am),07:15:00,07:23:00,8,66,7,8,No,No,,Clear,None,84.00,2.4
TRP03366,25/02/2025,Tuesday,No,Midday (9Am-4Pm),13:19:00,13:31:00,4,1,7,12,No,No,Low (<50%),Clear,Vehicle Breakdown,80.00,2.7
TRP03318,28/05/2025,Wednesday,No,Morning Peak (7-9Am),07:12:00,07:24:00,11,80,8,12,No,No,Full (80-100%),Clear,Road Accident Nearby,138.00,2.8
TRP01188,04/03/2025,Tuesday,No,Midday (9Am-4Pm),13:35:00,13:57:00,7,106,3,22,No,No,Full (80-100%),Overcast,Vehicle Breakdown,150.00,1.5
TRP01239,26/01/2025,Sunday,Yes,Morning Peak (7-9Am),07:05:00,07:11:00,6,15,4,6,No,No,Full (80-100%),Light Rain,None,166.00,
TRP01795,24/08/2025,Sunday,Yes,Evening Peak (4-7Pm),16:27:00,16:55:00,3,43,9,28,No,No,Overloaded (>100%),Clear,Vehicle Breakdown,176.00,3.1
TRP00673,10/02/2025,Monday,No,Morning Peak (7-9Am),08:47:00,08:46:00,11,5,6,-1,Yes,No,Low (<50%),Clear,None,142.00,4.1
TRP02518,24/07/2025,Thursday,No,Midday (9Am-4Pm),13:48:00,14:14:00,7,25,1,26,No,No,Full (80-100%),Overcast,Vehicle Breakdown,150.00,1.7
TRP02325,29/03/2025,Saturday,Yes,Evening Peak (4-7Pm),18:03:00,18:12:00,4,17,7,9,No,No,Full (80-100%),Light Rain,None,141.00,1.6
TRP00400,29/06/2025,Sunday,Yes,Night (7-10Pm),19:37:00,19:59:00,9,89,2,22,No,No,,Clear,Vehicle Breakdown,80.00,2.4
TRP00058,28/04/2025,Monday,No,Evening Peak (4-7Pm),18:22:00,18:17:00,7,79,11,-5,Yes,No,Overloaded (>100%),,Overloading Delay,175.00,5.0
TRP00247,21/04/2025,Monday,No,Early Morning (5-7Am),06:12:00,06:10:00,5,70,7,-2,Yes,No,Moderate (50-80%),Clear,None,70.00,2.6
TRP01433,19/06/2025,Thursday,No,Evening Peak (4-7Pm),18:35:00,18:36:00,1,89,8,1,No,No,Moderate (50-80%),Clear,None,143.00,5.0
TRP02114,03/03/2025,Monday,No,Morning Peak (7-9Am),07:25:00,07:39:00,7,33,6,14,No,No,Moderate (50-80%),Clear,Overloading Delay,230.00,
TRP00061,18/07/2025,Friday,No,Morning Peak (7-9Am),07:37:00,07:45:00,5,25,11,8,No,No,Full (80-100%),Clear,Police Checkpoint,103.00,4.2
TRP01251,07/04/2025,Monday,No,Evening Peak (4-7Pm),17:13:00,17:20:00,1,112,7,7,No,No,,Clear,None,156.00,2.1
TRP01032,30/05/2025,Friday,No,Morning Peak (7-9Am),07:42:00,07:44:00,3,67,10,2,No,No,Overloaded (>100%),Clear,None,147.00,5.0
TRP00924,16/05/2025,Friday,No,Evening Peak (4-7Pm),17:09:00,17:26:00,6,111,7,17,No,No,Moderate (50-80%),Overcast,Road Accident Nearby,115.00,
TRP00679,17/06/2025,Tuesday,No,Morning Peak (7-9Am),07:51:00,07:57:00,12,50,10,6,No,No,Overloaded (>100%),Clear,None,199.00,1.0
TRP01750,19/05/2025,Monday,No,Early Morning (5-7Am),05:48:00,05:51:00,8,90,11,3,No,No,Full (80-100%),Clear,None,60.00,3.6
TRP00245,06/07/2025,Sunday,Yes,Morning Peak (7-9Am),07:55:00,07:57:00,8,12,8,2,No,No,Overloaded (>100%),Clear,None,68.00,3.3
TRP02153,04/08/2025,Monday,No,Morning Peak (7-9Am),08:46:00,08:52:00,2,34,3,6,No,No,Overloaded (>100%),Clear,None,143.00,2.1
TRP01394,13/03/2025,Thursday,No,Evening Peak (4-7Pm),17:46:00,17:53:00,3,42,3,7,No,No,Moderate (50-80%),,,146.00,1.3
TRP02129,06/04/2025,Sunday,Yes,Midday (9Am-4Pm),09:37:00,09:34:00,3,115,11,-3,Yes,No,Low (<50%),Clear,None,120.00,2.9
TRP01211,01/08/2025,Friday,No,Morning Peak (7-9Am),08:57:00,09:11:00,11,117,9,14,No,No,Low (<50%),Heavy Rain,None,167.00,3.1
TRP02907,17/08/2025,Sunday,Yes,Midday (9Am-4Pm),14:47:00,15:08:00,8,62,2,21,No,No,Low (<50%),,Road Accident Nearby,60.00,
TRP02654,13/06/2025,Friday,No,Midday (9Am-4Pm),13:54:00,14:00:00,11,34,3,6,No,No,Moderate (50-80%),Clear,Police Checkpoint,110.00,2.3
TRP03420,11/03/2025,Tuesday,No,Morning Peak (7-9Am),07:12:00,07:38:00,2,61,2,26,No,No,Moderate (50-80%),Overcast,Road Accident Nearby,126.00,1.8
TRP00018,14/01/2025,Tuesday,No,Evening Peak (4-7Pm),18:19:00,18:26:00,8,72,5,7,No,No,Moderate (50-80%),Clear,None,,2.1
TRP00034,24/01/2025,Friday,No,Morning Peak (7-9Am),07:07:00,07:16:00,9,13,8,9,No,No,Moderate (50-80%),Clear,Road Accident Nearby,123.00,3.3
TRP03444,23/06/2025,Monday,No,Morning Peak (7-9Am),07:26:00,07:33:00,5,34,11,7,No,No,Overloaded (>100%),Clear,None,97.00,2.1
TRP01859,25/01/2025,Saturday,Yes,Evening Peak (4-7Pm),18:42:00,18:52:00,12,82,11,10,No,No,Low (<50%),Light Rain,None,248.00,3.1
TRP00004,29/04/2025,Tuesday,No,Evening Peak (4-7Pm),18:36:00,18:56:00,5,77,11,20,No,No,Moderate (50-80%),Light Rain,Road Construction,99.00,3.1
TRP03391,30/07/2025,Wednesday,No,Evening Peak (4-7Pm),18:39:00,18:48:00,2,89,8,9,No,No,Overloaded (>100%),Clear,Police Checkpoint,133.00,3.4
TRP00238,09/03/2025,Sunday,Yes,Midday (9Am-4Pm),12:56:00,13:01:00,7,89,8,5,No,No,Moderate (50-80%),Clear,None,150.00,2.4
TRP01506,18/03/2025,Tuesday,No,Evening Peak (4-7Pm),17:45:00,17:48:00,11,120,11,3,No,No,Full (80-100%),Clear,None,135.00,4.3
TRP00015,12/01/2025,Sunday,Yes,Midday (9Am-4Pm),10:37:00,10:42:00,1,47,9,5,No,No,Low (<50%),Overcast,None,100.00,
TRP01898,04/02/2025,Tuesday,No,Evening Peak (4-7Pm),18:26:00,18:37:00,9,12,1,11,No,No,Low (<50%),Clear,Police Checkpoint,122.00,3.0
TRP00275,21/06/2025,Saturday,Yes,Midday (9Am-4Pm),13:55:00,13:59:00,3,25,4,4,No,No,Low (<50%),Overcast,Police Checkpoint,120.00,5.0
TRP00577,18/05/2025,Sunday,Yes,Night (7-10Pm),19:45:00,19:40:00,1,52,4,-5,Yes,No,Moderate (50-80%),Clear,None,100.00,5.0
TRP01143,19/04/2025,Saturday,Yes,Midday (9Am-4Pm),14:07:00,14:08:00,10,80,2,1,No,No,Low (<50%),Clear,Overloading Delay,70.00,4.7
TRP00046,25/08/2025,Monday,No,Morning Peak (7-9Am),07:09:00,07:12:00,7,77,5,3,No,No,Full (80-100%),Clear,None,203.00,3.3
TRP01402,03/06/2025,Tuesday,No,Midday (9Am-4Pm),14:58:00,15:00:00,8,29,,2,No,No,Full (80-100%),Clear,None,60.00,2.9
TRP00879,02/01/2025,Thursday,No,Midday (9Am-4Pm),14:26:00,14:57:00,5,68,1,31,No,No,Moderate (50-80%),Clear,Vehicle Breakdown,70.00,4.5
TRP01875,09/04/2025,Wednesday,No,Morning Peak (7-9Am),08:18:00,08:33:00,5,24,4,15,No,No,Moderate (50-80%),Clear,Traffic Jam,97.00,1.3
TRP01515,13/04/2025,Sunday,Yes,Night (7-10Pm),19:50:00,19:47:00,12,84,3,-3,Yes,No,Low (<50%),Overcast,Police Checkpoint,160.00,3.6
TRP01617,01/05/2025,Thursday,No,Early Morning (5-7Am),06:20:00,06:22:00,3,91,5,2,No,No,Moderate (50-80%),Overcast,None,120.00,4.3
TRP01408,22/07/2025,Tuesday,No,Midday (9Am-4Pm),09:13:00,09:13:00,11,14,5,0,Yes,No,Low (<50%),Clear,None,110.00,3.4
TRP01984,19/03/2025,Wednesday,No,Morning Peak (7-9Am),07:45:00,07:52:00,12,,3,7,No,No,Full (80-100%),,None,198.00,2.9
TRP02057,03/06/2025,Tuesday,No,Morning Peak (7-9Am),08:22:00,08:28:00,11,73,11,6,No,No,Overloaded (>100%),Clear,Traffic Jam,170.00,2.7
TRP01280,05/08/2025,Tuesday,No,Midday (9Am-4Pm),10:58:00,11:06:00,12,8,11,8,No,No,Full (80-100%),Clear,Overloading Delay,160.00,3.8
TRP00935,04/06/2025,Wednesday,No,Early Morning (5-7Am),05:48:00,05:43:00,4,102,3,-5,Yes,No,Moderate (50-80%),Clear,None,80.00,3.2
TRP03056,02/03/2025,Sunday,Yes,Night (7-10Pm),20:34:00,20:38:00,5,19,11,4,No,No,Low (<50%),Light Rain,Road Construction,83.00,3.9
TRP03217,19/03/2025,Wednesday,No,Evening Peak (4-7Pm),18:47:00,18:58:00,11,113,6,11,No,No,Full (80-100%),Heavy Rain,Overloading Delay,176.00,2.8
TRP00091,19/06/2025,Thursday,No,Early Morning (5-7Am),06:54:00,07:02:00,10,84,10,8,No,No,Moderate (50-80%),Clear,Traffic Jam,70.00,
TRP00446,22/03/2025,Saturday,Yes,Evening Peak (4-7Pm),17:12:00,17:30:00,7,92,3,18,No,No,Full (80-100%),Clear,Vehicle Breakdown,222.00,3.3
TRP01874,13/07/2025,Sunday,Yes,Midday (9Am-4Pm),09:27:00,09:23:00,1,118,10,-4,Yes,No,Low (<50%),Clear,Police Checkpoint,100.00,3.2
TRP00805,09/07/2025,Wednesday,No,Midday (9Am-4Pm),15:27:00,15:21:00,12,112,7,-6,Yes,No,Low (<50%),Clear,None,160.00,1.9
TRP01762,02/05/2025,Friday,No,Evening Peak (4-7Pm),17:50:00,18:09:00,2,23,5,19,No,No,Overloaded (>100%),Overcast,Traffic Jam,110.00,3.4
TRP02152,03/02/2025,Monday,No,Midday (9Am-4Pm),09:18:00,09:19:00,6,57,6,1,No,No,Moderate (50-80%),Light Rain,None,117.00,2.5
TRP00391,05/07/2025,Saturday,Yes,Midday (9Am-4Pm),13:43:00,14:13:00,12,77,6,30,No,No,Overloaded (>100%),Clear,Vehicle Breakdown,160.00,6.6
TRP01802,18/03/2025,Tuesday,No,Midday (9Am-4Pm),14:05:00,14:40:00,6,111,3,35,No,No,Low (<50%),Light Rain,Vehicle Breakdown,125.00,2.9
TRP02968,11/08/2025,Monday,No,Midday (9Am-4Pm),10:16:00,10:35:00,9,36,1,19,No,No,Low (<50%),Light Rain,Road Accident Nearby,101.00,1.3
TRP03135,19/02/2025,Wednesday,No,Evening Peak (4-7Pm),16:01:00,16:14:00,7,99,10,13,No,No,Overloaded (>100%),,Traffic Jam,225.00,
TRP02810,30/03/2025,Sunday,Yes,Midday (9Am-4Pm),09:06:00,09:04:00,2,112,8,-2,Yes,No,Moderate (50-80%),Clear,None,90.00,
TRP00384,13/02/2025,Thursday,No,Morning Peak (7-9Am),07:48:00,07:53:00,2,43,9,5,No,No,Overloaded (>100%),Light Rain,None,136.00,2.4
TRP02242,09/07/2025,Wednesday,No,Morning Peak (7-9Am),07:11:00,07:11:00,6,41,4,0,Yes,No,Moderate (50-80%),Clear,None,130.00,3.2
TRP00205,30/06/2025,Monday,No,Morning Peak (7-9Am),07:21:00,07:32:00,2,85,9,11,No,No,Full (80-100%),Light Rain,None,144.00,2.9
TRP01126,09/01/2025,Thursday,No,Evening Peak (4-7Pm),16:53:00,16:56:00,6,7,2,3,No,No,Moderate (50-80%),Clear,None,123.00,
TRP02870,12/05/2025,Monday,No,Evening Peak (4-7Pm),16:50:00,16:57:00,4,101,9,7,No,No,Low (<50%),Light Rain,None,130.00,3.0
TRP00740,25/06/2025,Wednesday,No,Night (7-10Pm),21:30:00,21:30:00,8,33,11,0,Yes,No,Low (<50%),Clear,None,60.00,5.0
TRP02059,20/01/2025,Monday,No,Evening Peak (4-7Pm),16:03:00,16:13:00,4,43,8,10,No,No,,Overcast,None,109.00,2.3
TRP02389,04/08/2025,Monday,No,Morning Peak (7-9Am),08:36:00,08:37:00,6,6,7,1,No,No,Low (<50%),Clear,Police Checkpoint,118.00,3.4
TRP02473,08/04/2025,Tuesday,No,Morning Peak (7-9Am),07:11:00,07:11:00,1,100,10,0,Yes,No,Low (<50%),Overcast,Overloading Delay,133.00,2.4
TRP02222,22/02/2025,Saturday,Yes,Evening Peak (4-7Pm),17:11:00,17:13:00,8,12,4,2,No,No,Full (80-100%),Clear,None,76.00,3.5
TRP01220,05/07/2025,Saturday,Yes,Midday (9Am-4Pm),14:01:00,13:57:00,12,73,3,-4,Yes,No,Moderate (50-80%),Clear,None,160.00,4.6
TRP00081,24/01/2025,Friday,No,Midday (9Am-4Pm),09:47:00,10:03:00,2,44,8,16,No,No,,Clear,Traffic Jam,90.00,2.2
TRP02490,01/01/2025,Wednesday,No,Evening Peak (4-7Pm),18:58:00,19:28:00,7,27,5,30,No,No,Moderate (50-80%),Heavy Rain,Road Accident Nearby,217.00,1.3
TRP01551,04/03/2025,Tuesday,No,Midday (9Am-4Pm),11:22:00,11:28:00,7,97,9,6,No,No,Overloaded (>100%),Clear,None,150.00,1.8
TRP01222,19/02/2025,Wednesday,No,Midday (9Am-4Pm),13:42:00,13:49:00,11,43,8,7,No,No,Low (<50%),Light Rain,None,139.00,1.6
TRP00937,11/04/2025,Friday,No,Early Morning (5-7Am),06:39:00,06:36:00,12,23,2,-3,Yes,No,Moderate (50-80%),Clear,None,160.00,4.1
TRP02184,01/05/2025,Thursday,No,Morning Peak (7-9Am),08:25:00,08:30:00,3,74,5,5,No,No,Full (80-100%),Clear,None,163.00,3.1
TRP01159,05/05/2025,Monday,No,Midday (9Am-4Pm),11:34:00,11:39:00,5,103,2,5,No,No,Moderate (50-80%),Clear,Police Checkpoint,70.00,2.2
TRP00032,18/02/2025,Tuesday,No,Morning Peak (7-9Am),07:21:00,07:26:00,2,33,4,5,No,No,Moderate (50-80%),,None,126.00,2.0
TRP02099,22/08/2025,Friday,No,Morning Peak (7-9Am),08:24:00,08:28:00,2,63,6,4,No,No,Overloaded (>100%),Clear,Road Construction,128.00,5.0
TRP02850,09/02/2025,Sunday,Yes,Morning Peak (7-9Am),07:06:00,07:00:00,2,89,10,-6,Yes,No,Full (80-100%),Clear,None,141.00,3.6
TRP02990,18/01/2025,Saturday,Yes,Midday (9Am-4Pm),09:57:00,09:54:00,7,75,10,-3,Yes,No,Overloaded (>100%),,None,150.00,3.9
TRP01397,05/05/2025,Monday,No,Early Morning (5-7Am),05:20:00,05:40:00,2,67,9,20,No,No,Moderate (50-80%),Clear,Road Accident Nearby,90.00,2.9
TRP03220,22/05/2025,Thursday,No,Midday (9Am-4Pm),13:58:00,14:12:00,10,60,10,14,No,No,Moderate (50-80%),Clear,Road Accident Nearby,70.00,3.2
TRP01437,21/02/2025,Friday,No,Midday (9Am-4Pm),10:10:00,10:13:00,4,19,10,3,No,No,Low (<50%),Light Rain,None,101.00,5.0
TRP01386,09/03/2025,Sunday,Yes,Morning Peak (7-9Am),08:36:00,08:31:00,2,31,11,-5,Yes,No,Full (80-100%),Light Rain,None,134.00,4.2
TRP02418,25/05/2025,Sunday,Yes,Midday (9Am-4Pm),13:09:00,13:05:00,2,10,6,-4,Yes,No,Moderate (50-80%),Clear,,90.00,2.7
TRP00430,15/04/2025,Tuesday,No,Midday (9Am-4Pm),13:17:00,13:19:00,10,120,8,2,No,No,Overloaded (>100%),Clear,Police Checkpoint,70.00,3.7
TRP01668,15/02/2025,Saturday,Yes,Midday (9Am-4Pm),12:38:00,13:00:00,4,97,10,22,No,No,Moderate (50-80%),Overcast,Vehicle Breakdown,80.00,2.8
TRP01729,04/04/2025,Friday,No,Morning Peak (7-9Am),07:39:00,08:10:00,9,78,6,31,No,No,Full (80-100%),Heavy Rain,Vehicle Breakdown,141.00,1.2
TRP02357,28/08/2025,Thursday,No,Midday (9Am-4Pm),09:41:00,09:44:00,1,26,8,3,No,No,Full (80-100%),Overcast,Road Construction,100.00,3.3
TRP03441,13/02/2025,Thursday,No,Morning Peak (7-9Am),07:47:00,07:45:00,4,67,5,-2,Yes,No,Moderate (50-80%),Overcast,None,94.00,4.9
TRP01330,26/08/2025,Tuesday,No,Early Morning (5-7Am),06:34:00,06:32:00,3,34,1,-2,Yes,No,Full (80-100%),Clear,Overloading Delay,120.00,4.6
TRP01912,25/05/2025,Sunday,Yes,Midday (9Am-4Pm),09:55:00,09:54:00,2,49,10,-1,Yes,No,Moderate (50-80%),Clear,None,90.00,3.6
TRP00034,24/01/2025,Friday,No,Morning Peak (7-9Am),07:07:00,07:16:00,9,13,8,9,No,No,Moderate (50-80%),Clear,Road Accident Nearby,58.00,1.9
TRP00363,05/08/2025,Tuesday,No,Night (7-10Pm),21:28:00,21:34:00,12,52,3,6,No,No,Low (<50%),Clear,Overloading Delay,160.00,2.1
TRP01196,12/01/2025,Sunday,Yes,Evening Peak (4-7Pm),17:05:00,17:10:00,9,19,8,5,No,No,Low (<50%),Overcast,Overloading Delay,122.00,3.4
TRP02946,08/05/2025,Thursday,No,Morning Peak (7-9Am),08:36:00,09:14:00,12,20,9,38,No,No,Moderate (50-80%),Clear,Vehicle Breakdown,198.00,3.0
TRP03165,22/06/2025,Sunday,Yes,Morning Peak (7-9Am),07:09:00,07:18:00,5,64,3,9,No,No,Moderate (50-80%),Clear,Road Construction,164.00,3.1
TRP02123,01/06/2025,Sunday,Yes,Midday (9Am-4Pm),11:16:00,11:29:00,7,13,3,13,No,No,Low (<50%),Light Rain,Traffic Jam,162.00,
TRP02251,23/08/2025,Saturday,Yes,Morning Peak (7-9Am),08:00:00,08:03:00,4,98,4,3,No,No,Overloaded (>100%),Clear,Police Checkpoint,110.00,4.3
TRP01678,26/05/2025,Monday,No,Evening Peak (4-7Pm),18:50:00,19:18:00,12,60,9,28,No,No,Full (80-100%),Clear,Road Accident Nearby,243.00,
TRP00369,26/08/2025,Tuesday,No,Night (7-10Pm),21:41:00,22:10:00,6,101,1,29,No,No,Moderate (50-80%),Light Rain,Vehicle Breakdown,118.00,3.2
TRP02469,31/01/2025,Friday,No,Night (7-10Pm),20:12:00,20:24:00,11,8,6,12,No,No,,Light Rain,Traffic Jam,124.00,3.3
TRP01738,16/06/2025,Monday,No,Morning Peak (7-9Am),08:13:00,08:25:00,11,4,2,12,No,No,,Overcast,Traffic Jam,136.00,3.5
TRP01439,27/02/2025,Thursday,No,Midday (9Am-4Pm),13:12:00,13:21:00,4,54,7,9,No,No,Low (<50%),Overcast,Road Construction,80.00,1.5
TRP00914,03/08/2025,Sunday,Yes,Midday (9Am-4Pm),13:36:00,13:30:00,10,107,2,-6,Yes,No,Full (80-100%),Clear,None,70.00,3.4
TRP00830,10/04/2025,Thursday,No,Morning Peak (7-9Am),08:14:00,08:17:00,1,102,8,3,No,No,Moderate (50-80%),Clear,None,114.00,4.9
TRP01565,17/07/2025,Thursday,No,Night (7-10Pm),20:38:00,21:05:00,2,16,7,27,No,No,Full (80-100%),Heavy Rain,Vehicle Breakdown,112.00,3.3
TRP02973,05/01/2025,Sunday,Yes,Early Morning (5-7Am),05:08:00,05:16:00,12,102,11,8,No,No,Full (80-100%),Clear,,160.00,3.0
TRP01189,16/05/2025,Friday,No,Midday (9Am-4Pm),15:23:00,15:41:00,10,84,6,18,No,No,Moderate (50-80%),Clear,Road Accident Nearby,70.00,2.9
TRP01547,09/01/2025,Thursday,No,Midday (9Am-4Pm),10:22:00,10:28:00,1,67,8,6,No,No,Low (<50%),Light Rain,Road Construction,107.00,1.3
TRP01021,23/02/2025,Sunday,Yes,Early Morning (5-7Am),06:47:00,06:44:00,12,62,11,-3,Yes,No,Low (<50%),Clear,None,160.00,3.8
TRP02241,19/02/2025,Wednesday,No,Midday (9Am-4Pm),10:03:00,10:29:00,10,4,2,26,No,No,Full (80-100%),Overcast,Vehicle Breakdown,70.00,2.1
TRP02588,01/06/2025,Sunday,Yes,Midday (9Am-4Pm),14:15:00,14:09:00,2,1,4,-6,Yes,No,Moderate (50-80%),Overcast,None,90.00,2.3
TRP02322,07/05/2025,Wednesday,No,Morning Peak (7-9Am),08:58:00,09:08:00,5,69,10,10,No,No,Full (80-100%),,None,132.00,2.6
TRP00791,05/02/2025,Wednesday,No,Midday (9Am-4Pm),13:24:00,13:51:00,4,73,3,27,No,No,Full (80-100%),Clear,Vehicle Breakdown,80.00,2.3
TRP01928,26/05/2025,Monday,No,Early Morning (5-7Am),05:15:00,05:10:00,4,6,5,-5,Yes,No,Low (<50%),Clear,None,80.00,4.5
TRP01391,09/06/2025,Monday,No,Evening Peak (4-7Pm),18:45:00,18:51:00,8,24,6,6,No,No,Full (80-100%),Clear,None,90.00,2.4
TRP02338,14/08/2025,Thursday,No,Evening Peak (4-7Pm),16:35:00,16:48:00,3,76,9,13,No,No,Low (<50%),Overcast,Road Construction,160.00,2.6
TRP01392,05/07/2025,Saturday,Yes,Evening Peak (4-7Pm),18:16:00,18:15:00,3,87,1,-1,Yes,No,Moderate (50-80%),Light Rain,None,195.00,1.7
TRP02266,22/04/2025,Tuesday,No,Morning Peak (7-9Am),08:07:00,08:32:00,7,26,4,25,No,No,,Overcast,,223.00,2.9
TRP01925,23/01/2025,Thursday,No,Evening Peak (4-7Pm),18:00:00,18:04:00,2,50,6,4,No,No,Overloaded (>100%),Overcast,None,117.00,
TRP02894,07/10/2025,Thursday,No,Midday (9Am-4Pm),09:34:00,10:00:00,7,59,10,26,No,No,Full (80-100%),Clear,Vehicle Breakdown,150.00,3.8
TRP03281,15/06/2025,Sunday,Yes,Midday (9Am-4Pm),09:11:00,09:15:00,1,39,8,4,No,No,Low (<50%),Clear,Traffic Jam,100.00,
TRP02108,03/05/2025,Saturday,Yes,Morning Peak (7-9Am),08:47:00,08:46:00,11,102,7,-1,Yes,No,Moderate (50-80%),Overcast,Overloading Delay,155.00,3.7
TRP01335,30/05/2025,Friday,No,Midday (9Am-4Pm),15:32:00,15:30:00,4,84,4,-2,Yes,No,Full (80-100%),Light Rain,None,97.00,3.6
TRP02454,23/05/2025,Friday,No,Midday (9Am-4Pm),15:19:00,15:32:00,11,74,9,13,No,No,Moderate (50-80%),Light Rain,Traffic Jam,140.00,2.1
TRP02119,03/06/2025,Tuesday,No,Morning Peak (7-9Am),07:07:00,07:14:00,2,50,11,7,No,No,Full (80-100%),Clear,None,130.00,2.9
TRP01884,17/03/2025,Monday,No,Morning Peak (7-9Am),08:20:00,08:33:00,1,111,1,13,No,No,Low (<50%),Clear,Police Checkpoint,150.00,3.9
TRP01751,31/01/2025,Friday,No,Early Morning (5-7Am),05:29:00,05:31:00,2,42,1,2,No,No,Moderate (50-80%),Clear,Road Construction,90.00,3.4
TRP02463,11/01/2025,Saturday,Yes,Evening Peak (4-7Pm),17:45:00,17:47:00,4,46,2,2,No,No,Full (80-100%),Clear,Police Checkpoint,116.00,4.0
TRP03035,26/02/2025,Wednesday,No,Early Morning (5-7Am),05:10:00,05:11:00,8,52,11,1,No,No,Low (<50%),Clear,None,60.00,4.3
TRP01260,04/04/2025,Friday,No,Midday (9Am-4Pm),15:48:00,15:49:00,12,7,7,1,No,No,Full (80-100%),Overcast,None,160.00,4.5
TRP02211,13/04/2025,Sunday,Yes,Early Morning (5-7Am),05:40:00,05:58:00,10,106,11,18,No,No,Low (<50%),Clear,Road Accident Nearby,70.00,2.4
TRP01905,16/07/2025,Wednesday,No,Morning Peak (7-9Am),08:36:00,08:57:00,11,56,4,21,No,No,,Heavy Rain,Police Checkpoint,188.00,2.8
TRP01187,21/02/2025,Friday,No,Midday (9Am-4Pm),13:59:00,13:58:00,4,2,6,-1,Yes,No,Overloaded (>100%),Clear,Overloading Delay,80.00,4.6
TRP03038,31/01/2025,Friday,No,Early Morning (5-7Am),05:43:00,05:45:00,9,34,3,2,No,No,Full (80-100%),Clear,None,80.00,2.7
TRP02800,13/03/2025,Thursday,No,Morning Peak (7-9Am),08:37:00,08:41:00,1,82,,4,No,No,Full (80-100%),Clear,None,118.00,3.4
TRP01083,26/04/2025,Saturday,Yes,Midday (9Am-4Pm),10:04:00,10:03:00,11,28,5,-1,Yes,No,Full (80-100%),Clear,None,,4.2
TRP00873,31/03/2025,Monday,No,Early Morning (5-7Am),05:24:00,05:24:00,10,100,3,0,Yes,No,Low (<50%),Overcast,None,70.00,4.8
TRP00664,07/06/2025,Saturday,Yes,Midday (9Am-4Pm),15:13:00,15:08:00,7,117,,-5,Yes,No,Moderate (50-80%),Clear,None,150.00,4.7
TRP00594,21/07/2025,Monday,No,Early Morning (5-7Am),05:28:00,05:25:00,10,92,4,-3,Yes,Yes,Moderate (50-80%),Light Rain,None,84.00,3.5
TRP01045,03/01/2025,Friday,No,Evening Peak (4-7Pm),17:18:00,17:42:00,6,107,1,24,No,No,Overloaded (>100%),Light Rain,Traffic Jam,187.00,2.7
TRP00356,18/05/2025,Sunday,Yes,Night (7-10Pm),21:09:00,21:17:00,10,79,10,8,No,No,Full (80-100%),Light Rain,Traffic Jam,83.00,1.6
TRP00094,07/02/2025,Friday,No,Early Morning (5-7Am),06:56:00,06:55:00,1,55,11,-1,Yes,No,Low (<50%),Light Rain,None,111.00,4.2
TRP00686,12/01/2025,Sunday,Yes,Midday (9Am-4Pm),10:48:00,10:48:00,7,53,10,0,Yes,No,Low (<50%),Overcast,None,150.00,3.4
TRP00284,16/08/2025,Saturday,Yes,Midday (9Am-4Pm),15:03:00,15:04:00,7,13,,1,No,No,Low (<50%),Overcast,None,150.00,4.0
TRP00700,31/07/2025,Thursday,No,Midday (9Am-4Pm),11:15:00,11:37:00,2,88,4,22,No,No,Low (<50%),Light Rain,Traffic Jam,97.00,2.4
TRP00083,14/04/2025,Monday,No,Evening Peak (4-7Pm),17:09:00,17:17:00,8,108,2,8,No,No,Overloaded (>100%),Clear,Police Checkpoint,88.00,2.8
TRP00802,09/06/2025,Monday,No,Midday (9Am-4Pm),13:59:00,14:13:00,10,1,3,14,No,No,Moderate (50-80%),Heavy Rain,Road Accident Nearby,81.00,3.3
TRP00225,27/02/2025,Thursday,No,Midday (9Am-4Pm),12:18:00,12:21:00,3,17,11,3,No,No,Low (<50%),Clear,None,120.00,3.7
TRP01218,01/04/2025,Tuesday,No,Evening Peak (4-7Pm),18:15:00,18:23:00,9,109,3,8,No,No,Full (80-100%),Overcast,Road Construction,114.00,2.9
TRP01014,08/08/2025,Friday,No,Morning Peak (7-9Am),07:43:00,08:13:00,2,86,6,30,No,No,,Clear,Vehicle Breakdown,125.00,2.1
TRP00419,02/07/2025,Wednesday,No,Morning Peak (7-9Am),08:07:00,08:20:00,1,4,6,13,No,No,Full (80-100%),Light Rain,Overloading Delay,175.00,1.1
TRP02145,20/01/2025,Monday,No,Night (7-10Pm),19:05:00,19:02:00,12,11,10,-3,Yes,No,Full (80-100%),Clear,None,160.00,3.4
TRP03470,10/06/2025,Tuesday,No,Evening Peak (4-7Pm),18:04:00,18:32:00,5,26,2,28,No,No,  Low (<50%)  ,,Road Accident Nearby,108.00,2.5
TRP00961,25/04/2025,Friday,No,Morning Peak (7-9Am),07:33:00,07:46:00,8,22,10,13,No,No,Overloaded (>100%),Clear,Overloading Delay,77.00,1.4
TRP01987,24/07/2025,Thursday,No,Early Morning (5-7Am),06:23:00,06:27:00,1,5,7,4,No,No,Low (<50%),Light Rain,None,115.00,3.8
TRP00606,25/03/2025,Tuesday,No,Night (7-10Pm),19:27:00,19:29:00,9,86,1,2,No,No,Low (<50%),Clear,Road Construction,80.00,6.8
TRP00585,09/08/2025,Saturday,Yes,Evening Peak (4-7Pm),18:54:00,18:56:00,3,50,7,2,No,No,Moderate (50-80%),Clear,None,154.00,2.8
TRP01137,22/04/2025,Tuesday,No,Morning Peak (7-9Am),07:14:00,07:43:00,9,41,3,29,No,No,Full (80-100%),Clear,Vehicle Breakdown,124.00,2.5
TRP00796,30/07/2025,Wednesday,No,Morning Peak (7-9Am),08:25:00,08:31:00,9,26,6,6,No,No,Overloaded (>100%),Clear,None,119.00,1.3
TRP01151,07/03/2025,Friday,No,Evening Peak (4-7Pm),16:45:00,16:56:00,11,54,6,11,No,No,Full (80-100%),Clear,Road Construction,167.00,2.9
TRP00683,16/01/2025,Thursday,No,Early Morning (5-7Am),05:56:00,06:09:00,12,99,2,13,No,No,Moderate (50-80%),Clear,Road Accident Nearby,160.00,2.4
TRP01706,23/05/2025,Friday,No,Morning Peak (7-9Am),08:50:00,08:53:00,2,105,5,3,No,No,Overloaded (>100%),Overcast,None,132.00,3.8
TRP02818,20/08/2025,Wednesday,No,Early Morning (5-7Am),05:17:00,05:11:00,10,12,6,-6,Yes,No,,Clear,None,70.00,2.7
TRP02537,09/07/2025,Wednesday,No,Evening Peak (4-7Pm),16:15:00,16:20:00,7,14,8,5,No,No,,Light Rain,None,199.00,6.8
TRP03227,22/02/2025,Saturday,Yes,Evening Peak (4-7Pm),16:37:00,16:37:00,9,47,5,0,Yes,No,Low (<50%),Overcast,Road Construction,119.00,2.9
TRP02105,04/06/2025,Wednesday,No,Midday (9Am-4Pm),13:09:00,13:03:00,10,90,9,-6,Yes,No,Moderate (50-80%),Clear,None,70.00,1.8
TRP02220,09/06/2025,Monday,No,Midday (9Am-4Pm),15:07:00,15:06:00,3,61,3,-1,Yes,No,Moderate (50-80%),Clear,None,,4.4
TRP00124,07/04/2025,Friday,No,Evening Peak (4-7Pm),18:46:00,18:53:00,8,4,,7,No,No,Moderate (50-80%),Light Rain,Police Checkpoint,101.00,
TRP01103,24/06/2025,Tuesday,No,Early Morning (5-7Am),05:30:00,05:37:00,9,68,7,7,No,No,Moderate (50-80%),Overcast,Police Checkpoint,80.00,
TRP00821,07/08/2025,Thursday,No,Night (7-10Pm),20:44:00,20:39:00,5,10,5,-5,Yes,No,Full (80-100%),Clear,None,70.00,6.2
TRP02772,04/06/2025,Wednesday,No,Midday (9Am-4Pm),14:58:00,15:16:00,12,84,8,18,No,No,Low (<50%),Overcast,Road Accident Nearby,160.00,3.3
TRP03401,30/07/2025,Wednesday,No,Early Morning (5-7Am),06:24:00,06:25:00,8,65,10,1,No,No,Moderate (50-80%),Light Rain,None,63.00,3.2
TRP00500,12/06/2025,Thursday,No,Midday (9Am-4Pm),15:15:00,15:21:00,10,101,4,6,No,No,Moderate (50-80%),Clear,Police Checkpoint,70.00,
TRP02417,13/02/2025,Thursday,No,Evening Peak (4-7Pm),17:12:00,17:16:00,5,44,11,4,No,No,Full (80-100%),Clear,None,111.00,5.0
TRP01771,10/03/2025,Monday,No,Early Morning (5-7Am),05:07:00,05:04:00,4,32,7,-3,Yes,No,Full (80-100%),Clear,Overloading Delay,80.00,5.0
TRP00959,04/06/2025,Wednesday,No,Morning Peak (7-9Am),08:08:00,08:14:00,7,89,4,6,No,No,Overloaded (>100%),Clear,None,208.00,1.7
TRP01698,23/03/2025,Sunday,Yes,Midday (9Am-4Pm),13:39:00,13:39:00,10,23,1,0,Yes,No,Moderate (50-80%),Clear,None,70.00,3.7
TRP02729,08/04/2025,Tuesday,No,Early Morning (5-7Am),06:11:00,06:29:00,4,102,10,18,No,No,Moderate (50-80%),Clear,Road Accident Nearby,80.00,3.7
TRP00857,13/01/2025,Monday,No,Evening Peak (4-7Pm),18:03:00,18:26:00,9,14,3,23,No,No,Low (<50%),Clear,Vehicle Breakdown,113.00,2.1
TRP01509,03/07/2025,Thursday,No,Evening Peak (4-7Pm),16:25:00,16:33:00,1,15,5,8,No,No,Overloaded (>100%),Clear,Road Construction,149.00,1.5
TRP02621,19/05/2025,Monday,No,Morning Peak (7-9Am),07:17:00,07:34:00,7,65,,17,No,No,Low (<50%),Clear,Road Accident Nearby,192.00,1.5
TRP02615,04/07/2025,Friday,No,Midday (9Am-4Pm),15:49:00,16:03:00,6,99,5,14,No,No,Full (80-100%),Heavy Rain,Road Accident Nearby,119.00,
TRP00975,30/07/2025,Wednesday,No,Midday (9Am-4Pm),13:57:00,14:22:00,11,35,7,25,No,No,Moderate (50-80%),Light Rain,Road Accident Nearby,128.00,
TRP02957,06/01/2025,Monday,No,Early Morning (5-7Am),05:06:00,05:34:00,1,81,1,28,No,No,Moderate (50-80%),Clear,Vehicle Breakdown,100.00,2.4
TRP02031,25/03/2025,Tuesday,No,Midday (9Am-4Pm),10:51:00,10:48:00,11,13,5,-3,Yes,No,Moderate (50-80%),Overcast,None,110.00,3.5
TRP01316,25/05/2025,Sunday,Yes,Early Morning (5-7Am),05:00:00,04:58:00,4,4,7,-2,Yes,No,Moderate (50-80%),Overcast,None,80.00,
TRP03323,30/04/2025,Wednesday,No,Morning Peak (7-9Am),07:43:00,07:53:00,5,41,3,10,No,No,Overloaded (>100%),Overcast,Overloading Delay,101.00,2.5
TRP01629,01/05/2025,Thursday,No,Evening Peak (4-7Pm),17:28:00,17:32:00,4,49,11,4,No,No,Full (80-100%),Clear,None,90.00,2.4
TRP00145,02/06/2025,Monday,No,Morning Peak (7-9Am),08:29:00,08:51:00,11,11,6,22,No,No,Overloaded (>100%),Clear,Road Accident Nearby,154.00,2.5
TRP02379,26/08/2025,Tuesday,No,Morning Peak (7-9Am),08:31:00,08:43:00,1,95,11,12,No,No,  Full (80-100%)  ,Clear,Road Accident Nearby,127.00,4.0
TRP00977,12/03/2025,Wednesday,No,Evening Peak (4-7Pm),17:52:00,18:04:00,1,53,5,12,No,No,Overloaded (>100%),Light Rain,None,189.00,1.7
TRP00647,03/07/2025,Thursday,No,Evening Peak (4-7Pm),18:41:00,19:05:00,7,37,8,24,No,No,Moderate (50-80%),Heavy Rain,Road Construction,199.00,3.2
TRP01424,23/06/2025,Monday,No,Morning Peak (7-9Am),07:09:00,07:27:00,10,103,8,18,No,No,Moderate (50-80%),Clear,Road Construction,106.00,2.6
TRP01284,16/04/2025,Wednesday,No,Midday (9Am-4Pm),09:05:00,09:06:00,11,19,11,1,No,No,Low (<50%),Clear,Police Checkpoint,,4.1
TRP00409,19/01/2025,Sunday,Yes,Early Morning (5-7Am),05:19:00,05:19:00,6,29,11,0,Yes,No,Low (<50%),Clear,Overloading Delay,100.00,5.0
TRP03111,09/04/2025,Wednesday,No,Evening Peak (4-7Pm),18:01:00,18:05:00,2,101,6,4,No,No,Full (80-100%),Light Rain,None,124.00,3.9
TRP01285,16/08/2025,Saturday,Yes,Midday (9Am-4Pm),10:31:00,10:26:00,8,110,9,-5,Yes,Yes,Low (<50%),Clear,None,60.00,3.2
TRP02744,05/06/2025,Thursday,No,Evening Peak (4-7Pm),16:07:00,16:18:00,5,19,9,11,No,No,Full (80-100%),Clear,Overloading Delay,93.00,
TRP01376,06/04/2025,Sunday,Yes,Midday (9Am-4Pm),10:45:00,10:39:00,4,19,2,-6,Yes,No,Full (80-100%),,None,80.00,2.9
TRP01539,06/05/2025,Tuesday,No,Evening Peak (4-7Pm),17:03:00,17:05:00,1,119,1,2,No,No,Full (80-100%),Clear,None,154.00,
TRP02156,12/03/2025,Wednesday,No,Midday (9Am-4Pm),14:13:00,14:19:00,11,74,2,6,No,No,Full (80-100%),Light Rain,None,132.00,3.6
TRP02631,08/06/2025,Sunday,Yes,Night (7-10Pm),21:50:00,21:45:00,5,57,1,-5,Yes,No,Full (80-100%),Clear,None,70.00,2.5
TRP02623,01/06/2025,Sunday,Yes,Morning Peak (7-9Am),08:17:00,08:16:00,10,73,9,-1,Yes,No,Moderate (50-80%),Clear,None,96.00,4.2
TRP00790,17/01/2025,Friday,No,Midday (9Am-4Pm),09:41:00,09:45:00,4,35,10,4,No,No,Full (80-100%),Clear,None,80.00,5.0
TRP03496,12/04/2025,Saturday,Yes,Morning Peak (7-9Am),07:41:00,07:48:00,12,67,8,7,No,No,Moderate (50-80%),Clear,,200.00,2.2
TRP01252,09/04/2025,Wednesday,No,Midday (9Am-4Pm),12:56:00,12:58:00,5,21,9,2,No,No,Low (<50%),Clear,None,70.00,
TRP00444,13/07/2025,Sunday,Yes,Morning Peak (7-9Am),08:28:00,08:40:00,11,116,5,12,No,No,Full (80-100%),Heavy Rain,Police Checkpoint,176.00,
TRP00397,29/05/2025,Thursday,No,Early Morning (5-7Am),06:41:00,06:43:00,12,32,9,2,No,No,Low (<50%),Clear,Overloading Delay,160.00,4.4
TRP01741,24/07/2025,Thursday,No,Midday (9Am-4Pm),11:06:00,11:20:00,8,98,8,14,No,No,Low (<50%),Heavy Rain,None,69.00,3.2
TRP00429,05/04/2025,Saturday,Yes,Morning Peak (7-9Am),07:05:00,07:01:00,2,64,3,-4,Yes,No,Low (<50%),Clear,None,134.00,
TRP03264,08/03/2025,Saturday,Yes,Evening Peak (4-7Pm),17:27:00,17:39:00,10,35,6,12,No,No,Moderate (50-80%),Clear,Road Construction,81.00,3.8
TRP02704,02/05/2025,Friday,No,Midday (9Am-4Pm),15:20:00,15:22:00,9,38,9,2,No,No,Full (80-100%),Clear,None,80.00,3.5
TRP00076,17/07/2025,Thursday,No,Midday (9Am-4Pm),13:40:00,13:37:00,8,21,9,-3,Yes,No,Low (<50%),Overcast,None,60.00,
TRP01146,07/01/2025,Tuesday,No,Morning Peak (7-9Am),07:13:00,07:24:00,10,82,1,11,No,No,Overloaded (>100%),Clear,Traffic Jam,95.00,
TRP03367,28/01/2025,Tuesday,No,Night (7-10Pm),19:41:00,19:42:00,9,50,7,1,No,No,Moderate (50-80%),Clear,None,80.00,3.6
TRP03100,22/05/2025,Thursday,No,Midday (9Am-4Pm),13:06:00,13:00:00,5,18,5,-6,Yes,No,Full (80-100%),Clear,Police Checkpoint,70.00,2.8
TRP01305,07/02/2025,Friday,No,Midday (9Am-4Pm),09:29:00,09:34:00,9,110,,5,No,No,Overloaded (>100%),Clear,Traffic Jam,80.00,2.5
TRP01756,26/07/2025,Saturday,Yes,Midday (9Am-4Pm),11:01:00,11:02:00,4,1,,1,No,No,Full (80-100%),Clear,None,80.00,3.8
TRP02895,23/03/2025,Sunday,Yes,Early Morning (5-7Am),06:05:00,06:10:00,10,33,7,5,No,No,Low (<50%),Heavy Rain,None,83.00,3.1
TRP01288,02/05/2025,Friday,No,Morning Peak (7-9Am),08:10:00,08:37:00,3,87,3,27,No,No,Full (80-100%),,Road Accident Nearby,187.00,1.9
TRP00580,16/08/2025,Saturday,Yes,Early Morning (5-7Am),06:14:00,06:10:00,7,61,8,-4,Yes,No,Overloaded (>100%),Clear,None,150.00,3.1
TRP00710,04/08/2025,Monday,No,Morning Peak (7-9Am),07:11:00,07:19:00,9,34,6,8,No,No,Moderate (50-80%),Clear,None,110.00,
TRP01976,16/07/2025,Wednesday,No,Midday (9Am-4Pm),14:31:00,14:25:00,11,120,11,-6,Yes,No,  Moderate (50-80%)  ,Overcast,None,110.00,3.0
TRP01932,13/01/2025,Monday,No,Midday (9Am-4Pm),15:58:00,15:58:00,1,90,11,0,Yes,No,,Light Rain,None,112.00,4.4
TRP02303,31/03/2025,Monday,No,Morning Peak (7-9Am),07:05:00,07:24:00,5,77,1,19,No,No,Low (<50%),Clear,Road Construction,84.00,3.0
TRP00204,09/08/2025,Saturday,Yes,Early Morning (5-7Am),06:47:00,06:42:00,3,118,6,-5,Yes,No,Full (80-100%),Clear,None,120.00,4.5
TRP03425,19/05/2025,Monday,No,Evening Peak (4-7Pm),18:12:00,18:17:00,1,77,8,5,No,No,Moderate (50-80%),Clear,None,156.00,1.9
TRP00179,03/05/2025,Saturday,Yes,Midday (9Am-4Pm),11:25:00,11:21:00,2,50,7,-4,Yes,No,Full (80-100%),Clear,None,90.00,4.3
TRP00984,03/01/2025,Friday,No,Morning Peak (7-9Am),07:30:00,07:35:00,12,37,,5,No,No,,Clear,None,220.00,3.2
TRP03478,14/03/2025,Friday,No,Midday (9Am-4Pm),11:17:00,11:24:00,11,75,2,7,No,No,Low (<50%),Clear,Road Construction,110.00,2.4
TRP02278,01/03/2025,Saturday,Yes,Evening Peak (4-7Pm),16:02:00,16:06:00,3,52,2,4,No,No,Low (<50%),Clear,None,179.00,4.1
TRP02126,01/01/2025,Wednesday,No,Night (7-10Pm),20:25:00,20:29:00,6,82,2,4,No,No,Moderate (50-80%),Clear,Road Construction,100.00,4.1
TRP01290,11/06/2025,Wednesday,No,Morning Peak (7-9Am),07:16:00,07:28:00,4,89,6,12,No,No,Moderate (50-80%),Light Rain,Traffic Jam,,3.3
TRP01543,01/03/2025,Saturday,Yes,Evening Peak (4-7Pm),16:17:00,16:33:00,6,39,8,16,No,No,Low (<50%),Clear,Traffic Jam,131.00,2.9
TRP01219,29/07/2025,Tuesday,No,Night (7-10Pm),20:27:00,20:40:00,11,5,6,13,No,No,Low (<50%),,Traffic Jam,110.00,2.4
TRP02348,08/04/2025,Tuesday,No,Night (7-10Pm),19:43:00,19:50:00,9,65,2,7,No,No,Full (80-100%),Clear,Traffic Jam,80.00,1.3
TRP01983,30/01/2025,Thursday,No,Evening Peak (4-7Pm),17:12:00,17:21:00,12,118,11,9,No,No,Moderate (50-80%),Clear,Traffic Jam,208.00,2.4
TRP01332,19/05/2025,Monday,No,Night (7-10Pm),21:41:00,21:50:00,7,68,6,9,No,No,Overloaded (>100%),Light Rain,Vehicle Breakdown,181.00,
TRP01939,01/03/2025,Saturday,Yes,Night (7-10Pm),20:57:00,21:00:00,9,47,10,3,No,No,Full (80-100%),Clear,None,80.00,5.0
TRP02906,16/02/2025,Sunday,Yes,Midday (9Am-4Pm),10:26:00,10:34:00,10,55,10,8,No,No,Low (<50%),Clear,Traffic Jam,70.00,1.7
TRP01140,27/06/2025,Friday,No,Night (7-10Pm),21:39:00,22:06:00,12,83,5,27,No,No,Moderate (50-80%),,Vehicle Breakdown,160.00,2.8
TRP00855,15/08/2025,Friday,No,Midday (9Am-4Pm),09:11:00,09:18:00,7,88,4,7,No,No,Moderate (50-80%),Clear,Police Checkpoint,150.00,3.1
TRP00558,16/05/2025,Friday,No,Morning Peak (7-9Am),07:49:00,08:08:00,1,54,8,19,No,No,Full (80-100%),Clear,Vehicle Breakdown,152.00,2.3
TRP03247,24/05/2025,Saturday,Yes,Midday (9Am-4Pm),12:14:00,12:24:00,10,39,3,10,No,No,Moderate (50-80%),Clear,Road Construction,70.00,3.5
TRP01327,13/06/2025,Friday,No,Midday (9Am-4Pm),13:51:00,13:48:00,1,43,4,-3,Yes,No,Low (<50%),Clear,,100.00,3.9
TRP00851,07/06/2025,Saturday,Yes,Evening Peak (4-7Pm),17:36:00,17:37:00,12,95,3,1,No,No,Overloaded (>100%),Clear,None,,4.9
TRP00722,16/03/2025,Sunday,Yes,Morning Peak (7-9Am),08:49:00,09:02:00,5,69,8,13,No,No,Full (80-100%),Light Rain,None,120.00,1.2
TRP02309,26/06/2025,Thursday,No,Evening Peak (4-7Pm),17:53:00,18:25:00,1,13,7,32,No,No,Full (80-100%),Clear,Vehicle Breakdown,111.00,1.9
TRP01723,07/08/2025,Thursday,No,Night (7-10Pm),20:00:00,20:03:00,6,101,8,3,No,No,Low (<50%),Clear,Police Checkpoint,100.00,4.3
TRP03272,15/06/2025,Sunday,Yes,Midday (9Am-4Pm),12:01:00,12:20:00,4,48,6,19,No,No,Low (<50%),Clear,Vehicle Breakdown,80.00,1.2
TRP00747,10/03/2025,Monday,No,Night (7-10Pm),21:24:00,21:25:00,11,73,7,1,No,No,,Clear,Overloading Delay,110.00,2.3
TRP02009,17/03/2025,Monday,No,Morning Peak (7-9Am),08:51:00,08:56:00,12,90,6,5,No,No,Moderate (50-80%),Clear,None,249.00,2.1
TRP02438,23/07/2025,Wednesday,No,Evening Peak (4-7Pm),16:04:00,16:11:00,2,116,11,7,No,No,Low (<50%),Clear,None,126.00,2.0
TRP00508,26/02/2025,Wednesday,No,Evening Peak (4-7Pm),17:59:00,18:08:00,4,74,8,9,No,No,Full (80-100%),Clear,Overloading Delay,119.00,2.6
TRP00812,16/04/2025,Wednesday,No,Midday (9Am-4Pm),13:49:00,14:00:00,12,85,10,11,No,No,Moderate (50-80%),Clear,Road Construction,160.00,3.0
TRP01582,31/01/2025,Friday,No,Evening Peak (4-7Pm),17:13:00,17:18:00,11,6,1,5,No,No,Low (<50%),Overcast,None,139.00,3.6
TRP01337,14/03/2025,Friday,No,Midday (9Am-4Pm),10:32:00,10:40:00,10,23,4,8,No,No,Moderate (50-80%),Heavy Rain,None,87.00,1.7
TRP02560,01/07/2025,Tuesday,No,Early Morning (5-7Am),06:37:00,06:36:00,7,79,,-1,Yes,No,Moderate (50-80%),Clear,Police Checkpoint,150.00,2.8
TRP00460,25/07/2025,Friday,No,Evening Peak (4-7Pm),16:04:00,16:10:00,1,115,3,6,No,No,Moderate (50-80%),Clear,None,153.00,3.4
TRP00633,17/05/2025,Saturday,Yes,Midday (9Am-4Pm),09:42:00,09:56:00,6,62,10,14,No,No,Low (<50%),Clear,Traffic Jam,100.00,
TRP00811,09/06/2025,Monday,No,Evening Peak (4-7Pm),18:03:00,18:12:00,12,71,10,9,No,No,Overloaded (>100%),Overcast,None,201.00,3.9
TRP00462,30/06/2025,Monday,No,Midday (9Am-4Pm),09:43:00,10:02:00,12,36,3,19,No,No,Full (80-100%),Heavy Rain,None,205.00,6.0
TRP00581,11/07/2025,Friday,No,Midday (9Am-4Pm),11:35:00,11:36:00,5,63,11,1,No,No,Low (<50%),Clear,None,70.00,3.5
TRP00692,26/01/2025,Sunday,Yes,Evening Peak (4-7Pm),17:35:00,17:36:00,6,5,3,1,No,No,Overloaded (>100%),Clear,None,116.00,7.4
TRP01737,22/08/2025,Friday,No,Midday (9Am-4Pm),15:16:00,15:22:00,10,70,10,6,No,No,Full (80-100%),Heavy Rain,None,73.00,3.0
TRP00358,25/05/2025,Sunday,Yes,Morning Peak (7-9Am),08:11:00,08:20:00,8,21,4,9,No,No,Moderate (50-80%),Clear,Road Construction,68.00,1.6
TRP01791,21/06/2025,Saturday,Yes,Midday (9Am-4Pm),11:04:00,11:09:00,4,30,10,5,No,No,Moderate (50-80%),Clear,Overloading Delay,80.00,2.4
TRP02066,02/04/2025,Wednesday,No,Midday (9Am-4Pm),11:10:00,11:15:00,1,5,11,5,No,No,Moderate (50-80%),Clear,Police Checkpoint,100.00,
TRP00554,25/02/2025,Tuesday,No,Midday (9Am-4Pm),14:21:00,14:33:00,5,92,10,12,No,No,Low (<50%),Clear,Traffic Jam,70.00,2.6
TRP00586,08/08/2025,Friday,No,Evening Peak (4-7Pm),17:17:00,17:13:00,1,10,1,-4,Yes,No,Moderate (50-80%),Clear,None,139.00,3.7
TRP00677,19/01/2025,Sunday,Yes,Midday (9Am-4Pm),12:16:00,12:22:00,1,114,3,6,No,No,Overloaded (>100%),Clear,Police Checkpoint,100.00,1.4
TRP01250,24/05/2025,Saturday,Yes,Evening Peak (4-7Pm),16:37:00,16:44:00,3,66,3,7,No,No,Overloaded (>100%),Clear,None,150.00,2.8
TRP01739,04/01/2025,Saturday,Yes,Evening Peak (4-7Pm),17:51:00,18:02:00,3,42,1,11,No,No,Full (80-100%),Light Rain,None,183.00,3.0
TRP00706,26/01/2025,Sunday,Yes,Evening Peak (4-7Pm),17:23:00,17:24:00,5,98,9,1,No,Yes,Full (80-100%),Overcast,None,91.00,2.4
TRP02681,07/04/2025,Monday,No,Morning Peak (7-9Am),07:13:00,07:22:00,1,75,10,9,No,No,Moderate (50-80%),Clear,None,,1.0
TRP00687,17/05/2025,Saturday,Yes,Morning Peak (7-9Am),07:29:00,07:29:00,9,54,2,0,Yes,Yes,Full (80-100%),,Overloading Delay,126.00,2.6
TRP02655,27/02/2025,Thursday,No,Midday (9Am-4Pm),12:31:00,12:38:00,9,6,4,7,No,No,Moderate (50-80%),Clear,Vehicle Breakdown,80.00,
TRP00672,20/01/2025,Monday,No,Midday (9Am-4Pm),14:16:00,14:19:00,5,10,1,3,No,No,Overloaded (>100%),Clear,None,70.00,1.9
TRP03091,11/03/2025,Tuesday,No,Evening Peak (4-7Pm),17:43:00,17:53:00,8,89,1,10,No,No,Full (80-100%),Clear,None,77.00,2.9
TRP01501,05/04/2025,Saturday,Yes,Midday (9Am-4Pm),09:27:00,09:26:00,2,66,11,-1,Yes,No,Moderate (50-80%),Clear,Police Checkpoint,155.00,2.5
TRP01532,17/05/2025,Saturday,Yes,Midday (9Am-4Pm),10:46:00,10:42:00,3,67,7,-4,Yes,No,Full (80-100%),Clear,Overloading Delay,120.00,3.8
TRP02207,02/04/2025,Wednesday,No,Morning Peak (7-9Am),07:37:00,07:48:00,11,63,1,11,No,No,Moderate (50-80%),Clear,Road Accident Nearby,147.00,3.7
TRP03327,20/01/2025,Monday,No,Morning Peak (7-9Am),07:31:00,08:00:00,11,64,10,29,No,No,Low (<50%),Clear,Vehicle Breakdown,146.00,2.1
TRP02700,20/04/2025,Sunday,Yes,Midday (9Am-4Pm),09:09:00,09:12:00,12,86,1,3,No,No,  Moderate (50-80%)  ,Clear,Road Construction,160.00,3.3
TRP02730,07/05/2025,Wednesday,No,Midday (9Am-4Pm),13:43:00,13:58:00,9,101,8,15,No,No,Low (<50%),Clear,Road Accident Nearby,80.00,2.3
TRP01165,06/05/2025,Thursday,No,Evening Peak (4-7Pm),17:24:00,17:24:00,3,92,2,0,Yes,No,Full (80-100%),,None,156.00,3.4
TRP02474,30/04/2025,Wednesday,No,Morning Peak (7-9Am),08:48:00,09:16:00,6,21,10,28,No,No,Low (<50%),Clear,Road Accident Nearby,126.00,1.0
TRP02082,22/07/2025,Tuesday,No,Morning Peak (7-9Am),07:10:00,07:23:00,5,31,3,13,No,No,Overloaded (>100%),Clear,None,89.00,1.4
TRP00525,15/03/2025,Saturday,Yes,Night (7-10Pm),20:15:00,20:12:00,2,90,6,-3,Yes,No,Full (80-100%),Clear,None,90.00,4.5
TRP01292,05/05/2025,Monday,No,Midday (9Am-4Pm),09:26:00,09:41:00,4,119,4,15,No,No,Full (80-100%),Heavy Rain,None,92.00,3.7
TRP02738,05/03/2025,Wednesday,No,Evening Peak (4-7Pm),16:48:00,16:59:00,6,79,5,11,No,No,Low (<50%),Clear,Police Checkpoint,119.00,1.7
TRP00390,24/04/2025,Thursday,No,Evening Peak (4-7Pm),17:37:00,17:53:00,10,94,7,16,No,No,Full (80-100%),Clear,Road Accident Nearby,90.00,2.4
TRP02834,03/11/2025,Tuesday,No,Early Morning (5-7Am),06:00:00,06:13:00,10,87,10,13,No,No,Full (80-100%),Light Rain,Traffic Jam,90.00,1.0
TRP00056,04/03/2025,Tuesday,No,Evening Peak (4-7Pm),16:40:00,16:46:00,8,80,6,6,No,No,Moderate (50-80%),Clear,None,88.00,
TRP02523,12/05/2025,Monday,No,Morning Peak (7-9Am),07:37:00,07:38:00,2,117,1,1,No,No,Moderate (50-80%),,None,124.00,3.3
TRP01926,10/05/2025,Saturday,Yes,Midday (9Am-4Pm),14:56:00,15:00:00,7,119,2,4,No,No,Moderate (50-80%),,None,150.00,5.0
TRP02723,09/02/2025,Sunday,Yes,Midday (9Am-4Pm),10:11:00,10:24:00,7,1,4,13,No,No,,Clear,Traffic Jam,150.00,3.9
TRP00880,05/02/2025,Wednesday,No,Early Morning (5-7Am),05:14:00,05:17:00,12,19,11,3,No,No,Moderate (50-80%),Overcast,Police Checkpoint,160.00,4.4
TRP01133,01/04/2025,Tuesday,No,Early Morning (5-7Am),06:57:00,06:56:00,8,88,2,-1,Yes,No,Moderate (50-80%),Light Rain,None,64.00,4.9
TRP02124,10/08/2025,Sunday,Yes,Evening Peak (4-7Pm),17:48:00,17:51:00,3,118,5,3,No,No,Moderate (50-80%),Clear,None,172.00,3.6
TRP01051,21/02/2025,Friday,No,Evening Peak (4-7Pm),16:40:00,17:05:00,5,73,2,25,No,No,Full (80-100%),Clear,Vehicle Breakdown,93.00,3.3
TRP00020,15/03/2025,Saturday,Yes,Evening Peak (4-7Pm),16:58:00,17:10:00,4,4,1,12,No,No,Moderate (50-80%),Light Rain,Police Checkpoint,132.00,2.3
TRP03308,29/06/2025,Sunday,Yes,Midday (9Am-4Pm),11:25:00,11:24:00,5,77,10,-1,Yes,No,,Clear,Road Construction,70.00,5.4
TRP01796,23/05/2025,Friday,No,Morning Peak (7-9Am),08:45:00,08:53:00,7,55,9,8,No,Yes,Low (<50%),Clear,Road Accident Nearby,227.00,2.5
TRP01466,03/02/2025,Monday,No,Evening Peak (4-7Pm),17:07:00,17:17:00,7,73,8,10,No,No,Full (80-100%),Clear,Police Checkpoint,195.00,2.9
TRP01486,08/08/2025,Friday,No,Midday (9Am-4Pm),09:51:00,10:00:00,12,20,5,9,No,No,Low (<50%),Clear,Police Checkpoint,160.00,3.9
TRP01844,22/05/2025,Thursday,No,Evening Peak (4-7Pm),18:28:00,18:43:00,3,39,7,15,No,No,Low (<50%),Light Rain,None,153.00,2.6
TRP01794,29/04/2025,Tuesday,No,Morning Peak (7-9Am),07:16:00,07:22:00,10,32,9,6,No,No,Overloaded (>100%),Clear,None,84.00,3.2
TRP02864,06/02/2025,Thursday,No,Early Morning (5-7Am),06:12:00,06:09:00,8,58,6,-3,Yes,No,Moderate (50-80%),Light Rain,None,69.00,2.9
TRP01686,06/05/2025,Tuesday,No,Midday (9Am-4Pm),15:04:00,15:07:00,8,89,6,3,No,No,Low (<50%),Clear,Overloading Delay,60.00,5.0
TRP01258,18/08/2025,Monday,No,Evening Peak (4-7Pm),17:33:00,17:37:00,5,100,11,4,No,No,,Clear,None,107.00,3.1
TRP01776,07/04/2025,Monday,No,Evening Peak (4-7Pm),18:59:00,19:25:00,4,74,9,26,No,No,Full (80-100%),Light Rain,Road Accident Nearby,146.00,1.2
TRP02707,11/05/2025,Sunday,Yes,Morning Peak (7-9Am),08:06:00,08:13:00,12,5,11,7,No,No,Full (80-100%),Clear,None,207.00,1.7
TRP02040,06/01/2025,Monday,No,Early Morning (5-7Am),06:29:00,06:33:00,12,6,7,4,No,No,  Full (80-100%)  ,Light Rain,,184.00,5.0
TRP00506,07/07/2025,Monday,No,Morning Peak (7-9Am),08:58:00,09:01:00,3,26,10,3,No,No,Moderate (50-80%),Clear,None,165.00,4.6
TRP03418,14/06/2025,Saturday,Yes,Midday (9Am-4Pm),10:40:00,10:36:00,5,34,7,-4,Yes,No,Low (<50%),Clear,None,70.00,3.6
TRP00146,06/01/2025,Monday,No,Morning Peak (7-9Am),07:52:00,07:56:00,11,11,5,4,No,No,,Clear,None,145.00,3.3
TRP01035,21/07/2025,Monday,No,Midday (9Am-4Pm),11:09:00,11:11:00,3,66,7,2,No,No,Moderate (50-80%),Clear,None,120.00,4.5
TRP02636,01/02/2025,Saturday,Yes,Early Morning (5-7Am),05:21:00,05:43:00,6,93,2,22,No,No,Moderate (50-80%),Light Rain,Vehicle Breakdown,123.00,2.3
TRP02913,03/07/2025,Thursday,No,Midday (9Am-4Pm),09:48:00,09:43:00,9,96,1,-5,Yes,No,Low (<50%),Clear,,80.00,
TRP01568,25/04/2025,Friday,No,Midday (9Am-4Pm),11:27:00,11:24:00,11,98,11,-3,Yes,No,Low (<50%),Clear,None,110.00,4.4
TRP02499,02/03/2025,Sunday,Yes,Midday (9Am-4Pm),12:25:00,12:20:00,3,8,8,-5,Yes,No,Moderate (50-80%),Overcast,None,120.00,
TRP00438,08/01/2025,Wednesday,No,Early Morning (5-7Am),05:26:00,05:29:00,10,82,9,3,No,No,Moderate (50-80%),Overcast,None,70.00,3.2
TRP02819,23/03/2025,Sunday,Yes,Morning Peak (7-9Am),08:48:00,08:54:00,1,16,1,6,No,No,Full (80-100%),Clear,None,,1.9
TRP02332,17/02/2025,Monday,No,Midday (9Am-4Pm),13:21:00,13:20:00,10,1,6,-1,Yes,No,  Full (80-100%)  ,Clear,Overloading Delay,70.00,4.1
TRP01102,26/06/2025,Thursday,No,Morning Peak (7-9Am),08:13:00,08:19:00,1,8,3,6,No,No,Low (<50%),Light Rain,None,181.00,1.9
TRP03009,08/06/2025,Sunday,Yes,Evening Peak (4-7Pm),16:29:00,16:33:00,9,33,10,4,No,No,Full (80-100%),Clear,None,118.00,2.9
TRP01425,23/05/2025,Friday,No,Morning Peak (7-9Am),07:26:00,07:39:00,3,79,11,13,No,Yes,Low (<50%),Light Rain,Road Accident Nearby,211.00,3.0
TRP02904,14/07/2025,Monday,No,Midday (9Am-4Pm),10:12:00,10:28:00,12,78,5,16,No,No,Low (<50%),Clear,Road Accident Nearby,160.00,2.3
TRP01092,23/07/2025,Wednesday,No,Midday (9Am-4Pm),09:54:00,09:55:00,3,39,5,1,No,No,Full (80-100%),Clear,None,120.00,2.3
TRP02144,11/03/2025,Tuesday,No,Evening Peak (4-7Pm),18:55:00,19:12:00,12,54,2,17,No,No,Moderate (50-80%),Clear,Road Accident Nearby,249.00,3.4
TRP00126,13/08/2025,Wednesday,No,Early Morning (5-7Am),06:59:00,07:15:00,7,75,7,16,No,No,Full (80-100%),Clear,Vehicle Breakdown,150.00,2.0
TRP02122,05/02/2025,Wednesday,No,Morning Peak (7-9Am),07:17:00,07:24:00,9,41,10,7,No,No,Moderate (50-80%),Light Rain,Road Construction,133.00,2.0
TRP00516,31/01/2025,Friday,No,Morning Peak (7-9Am),07:45:00,07:42:00,4,110,1,-3,Yes,No,Full (80-100%),Clear,None,104.00,3.3
TRP01301,07/06/2025,Saturday,Yes,Night (7-10Pm),20:13:00,20:20:00,5,33,6,7,No,No,Low (<50%),Heavy Rain,None,84.00,3.7
TRP00869,27/08/2025,Wednesday,No,Night (7-10Pm),20:25:00,20:30:00,7,14,10,5,No,No,Low (<50%),Light Rain,None,161.00,3.2
TRP02717,05/07/2025,Saturday,Yes,Early Morning (5-7Am),05:05:00,05:10:00,11,119,8,5,No,No,Moderate (50-80%),Light Rain,Overloading Delay,126.00,2.4
TRP02104,01/04/2025,Tuesday,No,Midday (9Am-4Pm),12:48:00,13:01:00,11,17,2,13,No,No,Full (80-100%),Light Rain,Traffic Jam,123.00,2.2
TRP03466,22/05/2025,Thursday,No,Midday (9Am-4Pm),11:34:00,11:43:00,7,101,4,9,No,No,Moderate (50-80%),Clear,Road Construction,150.00,2.4
TRP02090,02/04/2025,Wednesday,No,Midday (9Am-4Pm),12:23:00,12:24:00,4,98,4,1,No,No,Moderate (50-80%),Overcast,Police Checkpoint,80.00,
TRP01773,07/03/2025,Friday,No,Midday (9Am-4Pm),13:24:00,13:26:00,11,47,9,2,No,No,Full (80-100%),Clear,None,110.00,5.0
TRP03085,07/06/2025,Saturday,Yes,Midday (9Am-4Pm),12:19:00,12:14:00,1,63,3,-5,Yes,Yes,Full (80-100%),Clear,None,100.00,2.6
TRP00543,10/05/2025,Saturday,Yes,Midday (9Am-4Pm),11:20:00,11:16:00,1,97,10,-4,Yes,No,Overloaded (>100%),Overcast,None,100.00,3.1
TRP02412,18/08/2025,Monday,No,Midday (9Am-4Pm),11:58:00,12:08:00,7,87,1,10,No,No,,Clear,Road Construction,150.00,4.0
TRP00228,14/06/2025,Saturday,Yes,Midday (9Am-4Pm),10:08:00,10:09:00,6,69,1,1,No,No,Low (<50%),Overcast,Police Checkpoint,100.00,3.4
TRP02937,06/02/2025,Thursday,No,Morning Peak (7-9Am),07:06:00,07:23:00,3,62,7,17,No,No,Overloaded (>100%),Overcast,Road Construction,189.00,2.1
TRP00603,08/04/2025,Monday,No,Midday (9Am-4Pm),10:56:00,10:57:00,11,110,7,1,No,No,Moderate (50-80%),Light Rain,None,119.00,3.0
TRP00392,07/01/2025,Tuesday,No,Morning Peak (7-9Am),08:14:00,08:22:00,6,97,5,8,No,No,Full (80-100%),,None,152.00,2.4
TRP00658,16/02/2025,Sunday,Yes,Midday (9Am-4Pm),14:55:00,14:56:00,12,103,3,1,No,No,Low (<50%),Clear,,160.00,4.3
TRP00890,01/06/2025,Sunday,Yes,Midday (9Am-4Pm),14:54:00,15:04:00,2,56,11,10,No,No,Full (80-100%),Clear,Vehicle Breakdown,90.00,3.2
TRP00422,23/01/2025,Thursday,No,Evening Peak (4-7Pm),17:58:00,17:56:00,9,105,9,-2,Yes,No,Full (80-100%),Clear,None,88.00,4.4
TRP03248,13/02/2025,Thursday,No,Evening Peak (4-7Pm),18:03:00,17:58:00,8,29,9,-5,Yes,No,Overloaded (>100%),Clear,None,85.00,4.1
TRP01010,16/08/2025,Saturday,Yes,Morning Peak (7-9Am),07:53:00,08:04:00,2,59,4,11,No,No,Full (80-100%),Clear,Vehicle Breakdown,131.00,1.1
TRP00413,17/04/2025,Thursday,No,Evening Peak (4-7Pm),16:30:00,16:39:00,2,13,9,9,No,No,Overloaded (>100%),Clear,Traffic Jam,100.00,1.2
TRP03492,20/02/2025,Thursday,No,Midday (9Am-4Pm),15:37:00,15:37:00,1,83,1,0,Yes,No,Moderate (50-80%),Clear,None,100.00,3.3
TRP01456,15/03/2025,Saturday,Yes,Evening Peak (4-7Pm),16:25:00,16:28:00,5,88,1,3,No,No,Moderate (50-80%),Clear,None,107.00,4.3
TRP00082,19/01/2025,Sunday,Yes,Evening Peak (4-7Pm),17:49:00,17:54:00,3,96,3,5,No,No,Full (80-100%),Clear,None,148.00,
TRP00137,12/01/2025,Sunday,Yes,Evening Peak (4-7Pm),16:18:00,16:17:00,8,29,9,-1,Yes,No,Low (<50%),Clear,None,76.00,2.6
TRP03246,24/03/2025,Monday,No,Morning Peak (7-9Am),07:24:00,07:38:00,1,67,2,14,No,No,Moderate (50-80%),Light Rain,Vehicle Breakdown,127.00,
TRP00752,25/06/2025,Wednesday,No,Midday (9Am-4Pm),13:22:00,13:34:00,12,49,10,12,No,No,,Heavy Rain,None,172.00,1.7
TRP02928,24/08/2025,Sunday,Yes,Morning Peak (7-9Am),08:32:00,08:26:00,6,68,9,-6,Yes,No,Moderate (50-80%),Clear,None,132.00,3.6
TRP03312,09/04/2025,Wednesday,No,Midday (9Am-4Pm),12:59:00,13:03:00,8,72,6,4,No,No,Full (80-100%),Clear,Police Checkpoint,60.00,4.9
TRP03200,28/05/2025,Wednesday,No,Evening Peak (4-7Pm),18:52:00,18:58:00,1,49,4,6,No,No,Full (80-100%),Clear,None,140.00,3.4
TRP00093,23/06/2025,Monday,No,Midday (9Am-4Pm),15:36:00,15:47:00,9,71,,11,No,No,Moderate (50-80%),Heavy Rain,None,84.00,2.6
TRP02163,28/08/2025,Thursday,No,Morning Peak (7-9Am),07:37:00,07:43:00,8,53,10,6,No,No,Full (80-100%),Clear,None,83.00,1.2
TRP01907,16/01/2025,Thursday,No,Early Morning (5-7Am),06:06:00,06:15:00,6,67,3,9,No,No,Full (80-100%),Light Rain,Road Construction,124.00,2.9
TRP03119,02/07/2025,Wednesday,No,Evening Peak (4-7Pm),17:20:00,17:30:00,12,70,11,10,No,No,  Low (<50%)  ,Clear,None,242.00,
TRP02771,03/02/2025,Monday,No,Early Morning (5-7Am),05:58:00,06:12:00,10,38,2,14,No,No,Full (80-100%),Heavy Rain,None,75.00,3.2
TRP00207,15/05/2025,Thursday,No,Evening Peak (4-7Pm),17:17:00,17:26:00,8,62,4,9,No,No,Full (80-100%),Light Rain,None,95.00,1.5
TRP00324,18/02/2025,Tuesday,No,Morning Peak (7-9Am),07:55:00,08:12:00,5,120,9,17,No,No,Full (80-100%),Heavy Rain,Police Checkpoint,94.00,2.8
TRP01095,22/07/2025,Tuesday,No,Evening Peak (4-7Pm),16:52:00,17:13:00,7,48,2,21,No,No,Full (80-100%),Light Rain,Vehicle Breakdown,265.00,2.4
TRP01406,17/03/2025,Monday,No,Evening Peak (4-7Pm),18:57:00,19:06:00,3,21,6,9,No,No,Moderate (50-80%),Light Rain,None,160.00,2.1
TRP02770,06/07/2025,Saturday,Yes,Midday (9Am-4Pm),10:08:00,10:03:00,10,67,4,-5,Yes,No,Full (80-100%),Clear,None,70.00,4.3
TRP01315,15/01/2025,Wednesday,No,Midday (9Am-4Pm),15:02:00,15:00:00,1,39,5,-2,Yes,No,Full (80-100%),Clear,None,100.00,3.6
TRP02273,27/06/2025,Friday,No,Evening Peak (4-7Pm),18:38:00,18:40:00,9,111,9,2,No,Yes,Moderate (50-80%),Clear,Overloading Delay,98.00,3.3
TRP00381,07/08/2025,Thursday,No,Early Morning (5-7Am),06:39:00,06:49:00,8,106,7,10,No,No,Low (<50%),Light Rain,None,64.00,2.5
TRP03369,09/07/2025,Wednesday,No,Midday (9Am-4Pm),15:40:00,15:55:00,3,40,2,15,No,No,Moderate (50-80%),Clear,Road Accident Nearby,120.00,2.0
TRP00457,22/01/2025,Wednesday,No,Evening Peak (4-7Pm),18:31:00,18:40:00,7,68,2,9,No,No,,Clear,Overloading Delay,212.00,1.2
TRP01763,05/02/2025,Wednesday,No,Early Morning (5-7Am),06:51:00,07:06:00,11,23,2,15,No,No,Moderate (50-80%),Heavy Rain,Overloading Delay,115.00,2.8
TRP03093,23/04/2025,Wednesday,No,Morning Peak (7-9Am),08:00:00,07:58:00,1,106,2,-2,Yes,No,Overloaded (>100%),Overcast,None,126.00,4.3
TRP02121,02/06/2025,Monday,No,Midday (9Am-4Pm),15:55:00,15:57:00,8,33,7,2,No,No,Low (<50%),Clear,None,,4.4
TRP00303,15/02/2025,Saturday,Yes,Midday (9Am-4Pm),14:54:00,14:48:00,10,94,7,-6,Yes,No,Low (<50%),Clear,None,70.00,1.2
TRP01389,02/02/2025,Sunday,Yes,Midday (9Am-4Pm),12:23:00,12:18:00,11,119,5,-5,Yes,Yes,Low (<50%),Clear,None,110.00,2.7
TRP00682,23/02/2025,Sunday,Yes,Morning Peak (7-9Am),08:58:00,09:17:00,6,91,4,19,No,No,Full (80-100%),Light Rain,Traffic Jam,117.00,2.2
TRP02324,13/07/2025,Sunday,Yes,Midday (9Am-4Pm),14:18:00,14:33:00,7,77,8,15,No,No,Moderate (50-80%),Clear,Vehicle Breakdown,150.00,2.6
TRP03221,24/06/2025,Tuesday,No,Evening Peak (4-7Pm),17:23:00,17:31:00,10,119,11,8,No,No,,Clear,Overloading Delay,105.00,3.4
TRP01381,22/03/2025,Saturday,Yes,Early Morning (5-7Am),05:25:00,05:37:00,1,120,3,12,No,No,Low (<50%),Clear,Vehicle Breakdown,100.00,2.0
TRP01634,12/06/2025,Thursday,No,Evening Peak (4-7Pm),17:50:00,17:53:00,11,38,4,3,No,No,,Clear,None,145.00,3.4
TRP00926,10/04/2025,Thursday,No,Morning Peak (7-9Am),08:51:00,09:05:00,9,36,11,14,No,No,Full (80-100%),Clear,Police Checkpoint,93.00,2.7
TRP00904,24/06/2025,Tuesday,No,Night (7-10Pm),21:59:00,22:11:00,8,60,6,12,No,No,Moderate (50-80%),Clear,Road Accident Nearby,60.00,1.8
TRP02233,05/07/2025,Saturday,Yes,Morning Peak (7-9Am),07:45:00,07:49:00,12,20,1,4,No,No,Overloaded (>100%),,Overloading Delay,241.00,4.9
TRP02356,20/06/2025,Friday,No,Midday (9Am-4Pm),12:53:00,12:53:00,1,30,4,0,Yes,No,Low (<50%),Clear,None,100.00,2.2
TRP00336,05/07/2025,Saturday,Yes,Midday (9Am-4Pm),10:37:00,10:31:00,1,58,3,-6,Yes,No,Full (80-100%),Clear,None,100.00,3.1
TRP00310,25/07/2025,Friday,No,Evening Peak (4-7Pm),16:11:00,16:10:00,2,40,11,-1,Yes,No,Full (80-100%),Clear,None,129.00,5.0
TRP01607,21/08/2025,Thursday,No,Morning Peak (7-9Am),07:03:00,07:15:00,12,76,6,12,No,No,Moderate (50-80%),Clear,Overloading Delay,250.00,2.9
TRP02361,10/08/2025,Sunday,Yes,Evening Peak (4-7Pm),17:31:00,17:54:00,5,85,5,23,No,No,Overloaded (>100%),Light Rain,Road Accident Nearby,93.00,2.9
TRP01817,21/03/2025,Friday,No,Morning Peak (7-9Am),07:54:00,08:12:00,6,74,11,18,No,No,Moderate (50-80%),Clear,Vehicle Breakdown,155.00,3.6
TRP02924,05/08/2025,Tuesday,No,Evening Peak (4-7Pm),18:26:00,18:52:00,6,99,4,26,No,No,Overloaded (>100%),Clear,Vehicle Breakdown,159.00,3.1
TRP01587,09/04/2025,Wednesday,No,Morning Peak (7-9Am),07:08:00,07:22:00,7,71,2,14,No,No,Moderate (50-80%),Clear,Road Construction,171.00,2.3
TRP01612,17/01/2025,Friday,No,Night (7-10Pm),19:32:00,19:29:00,2,74,7,-3,Yes,No,Low (<50%),,None,112.00,2.7
TRP01484,02/06/2025,Monday,No,Evening Peak (4-7Pm),16:39:00,16:45:00,12,10,8,6,No,No,Full (80-100%),Clear,None,244.00,3.2
TRP01922,14/03/2025,Friday,No,Morning Peak (7-9Am),08:04:00,08:16:00,11,38,9,12,No,No,Overloaded (>100%),Heavy Rain,None,145.00,1.0
TRP03224,23/03/2025,Sunday,Yes,Evening Peak (4-7Pm),17:46:00,17:56:00,3,22,11,10,No,No,Full (80-100%),Clear,None,157.00,3.3
TRP03435,05/04/2025,Saturday,Yes,Evening Peak (4-7Pm),17:04:00,16:58:00,5,40,,-6,Yes,No,Overloaded (>100%),Clear,Overloading Delay,82.00,1.7
TRP02899,17/01/2025,Friday,No,Morning Peak (7-9Am),08:15:00,08:25:00,10,92,11,10,No,No,Moderate (50-80%),Light Rain,None,117.00,
TRP02161,16/05/2025,Friday,No,Evening Peak (4-7Pm),18:26:00,18:34:00,3,13,9,8,No,No,Moderate (50-80%),,None,143.00,1.4
TRP02866,28/07/2025,Monday,No,Morning Peak (7-9Am),07:15:00,07:19:00,10,87,9,4,No,No,Full (80-100%),Clear,Police Checkpoint,90.00,10.0
TRP00217,17/08/2025,Sunday,Yes,Midday (9Am-4Pm),14:11:00,14:10:00,5,116,6,-1,Yes,No,Moderate (50-80%),Clear,Overloading Delay,70.00,2.8
TRP01520,11/07/2025,Friday,No,Morning Peak (7-9Am),07:28:00,07:33:00,1,101,1,5,No,No,,Clear,None,124.00,1.1
TRP02809,18/02/2025,Tuesday,No,Evening Peak (4-7Pm),16:07:00,16:05:00,9,34,7,-2,Yes,No,Overloaded (>100%),Clear,None,,4.9
TRP00993,27/07/2025,Sunday,Yes,Midday (9Am-4Pm),11:03:00,11:12:00,6,58,11,9,No,No,Low (<50%),Overcast,Road Construction,100.00,1.7
TRP03450,15/02/2025,Saturday,Yes,Evening Peak (4-7Pm),18:23:00,18:25:00,8,105,4,2,No,No,Moderate (50-80%),Light Rain,None,86.00,3.9
TRP03243,26/07/2025,Saturday,Yes,Midday (9Am-4Pm),11:51:00,11:51:00,10,70,9,0,Yes,No,Low (<50%),Clear,Traffic Jam,70.00,2.6
TRP02374,08/03/2025,Saturday,Yes,Midday (9Am-4Pm),15:58:00,15:55:00,5,96,6,-3,Yes,No,Moderate (50-80%),Clear,None,70.00,
TRP00607,06/03/2025,Thursday,No,Midday (9Am-4Pm),15:24:00,15:39:00,12,39,7,15,No,No,Moderate (50-80%),,Traffic Jam,160.00,1.0
TRP03440,03/07/2025,Thursday,No,Evening Peak (4-7Pm),16:11:00,16:30:00,3,40,5,19,No,No,  Moderate (50-80%)  ,Heavy Rain,None,225.00,2.5
TRP00765,25/06/2025,Wednesday,No,Evening Peak (4-7Pm),16:20:00,16:41:00,6,112,1,21,No,No,Full (80-100%),Heavy Rain,Road Construction,138.00,2.8
TRP01111,18/06/2025,Wednesday,No,Morning Peak (7-9Am),07:03:00,07:08:00,10,96,9,5,No,No,Overloaded (>100%),Clear,None,91.00,2.7
TRP01975,07/01/2025,Tuesday,No,Early Morning (5-7Am),05:39:00,05:45:00,1,110,,6,No,No,Moderate (50-80%),,Road Construction,100.00,8.2
TRP00098,06/05/2025,Tuesday,No,Morning Peak (7-9Am),08:23:00,08:36:00,3,11,9,13,No,No,Low (<50%),Clear,Traffic Jam,177.00,2.1
TRP02789,03/01/2025,Friday,No,Morning Peak (7-9Am),07:10:00,07:23:00,12,6,11,13,No,No,Moderate (50-80%),Clear,None,181.00,
TRP02873,04/08/2025,Monday,No,Midday (9Am-4Pm),13:47:00,13:52:00,8,110,3,5,No,No,Low (<50%),Clear,Road Accident Nearby,60.00,2.1
TRP00273,26/04/2025,Saturday,Yes,Midday (9Am-4Pm),12:31:00,12:31:00,2,72,11,0,Yes,No,Low (<50%),Clear,None,90.00,4.5
TRP01113,27/05/2025,Tuesday,No,Midday (9Am-4Pm),15:16:00,15:11:00,6,48,7,-5,Yes,No,Full (80-100%),Clear,None,,4.3
TRP01440,14/08/2025,Thursday,No,Midday (9Am-4Pm),09:31:00,09:35:00,10,70,10,4,No,No,Full (80-100%),Light Rain,None,73.00,
TRP03168,28/03/2025,Friday,No,Morning Peak (7-9Am),07:44:00,08:14:00,1,116,11,30,No,No,Moderate (50-80%),Clear,Road Accident Nearby,156.00,3.1
TRP03026,05/04/2025,Saturday,Yes,Evening Peak (4-7Pm),16:46:00,17:13:00,11,88,7,27,No,No,Full (80-100%),Clear,Vehicle Breakdown,175.00,3.0
TRP00352,21/01/2025,Tuesday,No,Early Morning (5-7Am),06:53:00,07:11:00,7,101,11,18,No,No,Full (80-100%),Overcast,Road Accident Nearby,150.00,1.8
TRP01821,08/07/2025,Tuesday,No,Early Morning (5-7Am),06:06:00,06:11:00,7,119,4,5,No,No,Moderate (50-80%),Clear,Overloading Delay,150.00,3.5
TRP03332,04/04/2025,Friday,No,Morning Peak (7-9Am),08:07:00,08:10:00,5,23,7,3,No,No,Moderate (50-80%),Overcast,None,78.00,2.6
TRP02179,01/04/2025,Tuesday,No,Midday (9Am-4Pm),09:20:00,09:19:00,10,111,3,-1,Yes,No,Moderate (50-80%),Clear,None,70.00,3.1
TRP00038,08/03/2025,Saturday,Yes,Midday (9Am-4Pm),13:17:00,13:23:00,10,54,8,6,No,No,Full (80-100%),Clear,Traffic Jam,70.00,3.3
TRP03392,09/01/2025,Thursday,No,Evening Peak (4-7Pm),18:54:00,19:06:00,4,95,1,12,No,No,Moderate (50-80%),Clear,None,109.00,2.4
TRP00173,01/01/2025,Wednesday,No,Morning Peak (7-9Am),07:02:00,07:09:00,2,54,7,7,No,No,Moderate (50-80%),Clear,None,108.00,2.7
TRP03316,26/04/2025,Saturday,Yes,Evening Peak (4-7Pm),17:42:00,18:02:00,12,81,6,20,No,No,Moderate (50-80%),Overcast,Road Accident Nearby,215.00,3.0
TRP01407,25/01/2025,Saturday,Yes,Midday (9Am-4Pm),11:20:00,11:17:00,7,82,10,-3,Yes,No,Moderate (50-80%),Clear,None,150.00,4.8
TRP01495,14/04/2025,Monday,No,Morning Peak (7-9Am),07:48:00,08:02:00,3,103,5,14,No,No,Moderate (50-80%),Clear,Road Accident Nearby,155.00,2.3
TRP02391,03/08/2025,Sunday,Yes,Midday (9Am-4Pm),09:49:00,09:57:00,7,94,8,8,No,No,Full (80-100%),Clear,Road Construction,150.00,2.4
TRP00735,10/07/2025,Thursday,No,Night (7-10Pm),20:20:00,20:28:00,12,111,7,8,No,No,Moderate (50-80%),Clear,Police Checkpoint,160.00,2.3
TRP02787,09/06/2025,Monday,No,Night (7-10Pm),19:55:00,20:02:00,3,71,9,7,No,No,Low (<50%),Clear,Road Construction,120.00,1.0
TRP01677,10/08/2025,Sunday,Yes,Morning Peak (7-9Am),08:04:00,08:11:00,3,7,8,7,No,No,Moderate (50-80%),Light Rain,None,178.00,3.1
TRP00399,31/07/2025,Thursday,No,Evening Peak (4-7Pm),17:49:00,17:53:00,7,7,8,4,No,No,  Low (<50%)  ,Clear,None,181.00,4.0
TRP03497,16/08/2025,Saturday,Yes,Midday (9Am-4Pm),13:22:00,13:23:00,7,8,2,1,No,No,Low (<50%),,Road Construction,150.00,3.5
TRP00060,21/05/2025,Wednesday,No,Early Morning (5-7Am),05:42:00,05:58:00,3,90,10,16,No,No,  Moderate (50-80%)  ,Overcast,Road Accident Nearby,120.00,2.1
TRP00699,31/07/2025,Thursday,No,Midday (9Am-4Pm),09:46:00,09:52:00,2,30,5,6,No,No,Full (80-100%),Clear,Road Construction,90.00,2.5
TRP02452,13/07/2025,Sunday,Yes,Midday (9Am-4Pm),11:05:00,11:01:00,1,44,10,-4,Yes,No,  Full (80-100%)  ,Clear,None,100.00,
TRP02382,12/01/2025,Sunday,Yes,Evening Peak (4-7Pm),17:18:00,17:37:00,4,23,4,19,No,No,Low (<50%),Clear,Road Accident Nearby,89.00,3.3
TRP02395,01/04/2025,Tuesday,No,Early Morning (5-7Am),05:29:00,05:25:00,6,26,,-4,Yes,No,Low (<50%),Clear,None,100.00,5.0
TRP01923,22/04/2025,Tuesday,No,Early Morning (5-7Am),06:45:00,06:48:00,6,37,,3,No,No,Low (<50%),Light Rain,None,122.00,4.0
TRP01480,03/04/2025,Thursday,No,Morning Peak (7-9Am),07:11:00,07:31:00,1,116,11,20,No,No,Moderate (50-80%),Clear,,125.00,3.0
TRP00320,06/06/2025,Friday,No,Night (7-10Pm),20:21:00,20:17:00,6,46,10,-4,Yes,No,Low (<50%),Light Rain,None,115.00,3.6
TRP00171,19/07/2025,Saturday,Yes,Midday (9Am-4Pm),11:13:00,11:10:00,1,47,1,-3,Yes,No,Full (80-100%),Clear,None,100.00,2.7
TRP02428,26/07/2025,Saturday,Yes,Morning Peak (7-9Am),08:57:00,09:25:00,8,78,11,28,No,No,Low (<50%),,,86.00,2.0
TRP01300,12/07/2025,Saturday,Yes,Evening Peak (4-7Pm),16:05:00,16:16:00,12,116,5,11,No,No,,Light Rain,Police Checkpoint,270.00,2.4
TRP03052,23/04/2025,Wednesday,No,Morning Peak (7-9Am),08:38:00,09:05:00,4,10,7,27,No,No,Low (<50%),Light Rain,Vehicle Breakdown,111.00,1.3
TRP03310,27/05/2025,Tuesday,No,Evening Peak (4-7Pm),16:20:00,16:39:00,3,52,3,19,No,No,,Light Rain,Traffic Jam,200.00,3.3
TRP03408,21/07/2025,Monday,No,Midday (9Am-4Pm),10:31:00,10:26:00,8,64,11,-5,Yes,No,Moderate (50-80%),Clear,None,60.00,3.6
TRP02486,26/06/2025,Thursday,No,Morning Peak (7-9Am),08:30:00,08:34:00,8,59,10,4,No,No,Overloaded (>100%),Clear,Police Checkpoint,,3.3
TRP01571,09/01/2025,Thursday,No,Evening Peak (4-7Pm),16:50:00,17:15:00,10,116,5,25,No,No,Full (80-100%),Clear,Road Accident Nearby,83.00,2.6
TRP00536,13/04/2025,Sunday,Yes,Evening Peak (4-7Pm),17:01:00,17:00:00,2,107,10,-1,Yes,No,Moderate (50-80%),,None,99.00,4.4
TRP03239,07/03/2025,Friday,No,Morning Peak (7-9Am),07:33:00,07:57:00,1,,1,24,No,No,Overloaded (>100%),,Road Accident Nearby,121.00,3.7
TRP02551,05/01/2025,Sunday,Yes,Evening Peak (4-7Pm),18:57:00,19:02:00,6,109,4,5,No,No,Full (80-100%),Light Rain,None,147.00,2.6
TRP00776,31/05/2025,Saturday,Yes,Midday (9Am-4Pm),09:52:00,10:08:00,10,37,4,16,No,No,Moderate (50-80%),Heavy Rain,Traffic Jam,84.00,2.2
TRP00280,09/04/2025,Wednesday,No,Midday (9Am-4Pm),13:44:00,13:49:00,11,43,8,5,No,No,Low (<50%),Light Rain,Traffic Jam,116.00,4.2
TRP00468,29/01/2025,Wednesday,No,Morning Peak (7-9Am),08:00:00,08:11:00,7,117,1,11,No,No,Full (80-100%),Clear,Police Checkpoint,185.00,2.7
TRP02528,18/04/2025,Friday,No,Evening Peak (4-7Pm),18:29:00,18:34:00,9,11,4,5,No,No,Low (<50%),,Overloading Delay,100.00,2.8
TRP00737,19/08/2025,Tuesday,No,Morning Peak (7-9Am),07:21:00,07:35:00,3,7,6,14,No,No,Full (80-100%),Heavy Rain,None,210.00,2.0
TRP00077,15/06/2025,Sunday,Yes,Night (7-10Pm),20:07:00,20:02:00,6,31,11,-5,Yes,No,Moderate (50-80%),Clear,None,100.00,
TRP01865,08/05/2025,Thursday,No,Night (7-10Pm),19:55:00,20:18:00,7,63,10,23,No,No,Moderate (50-80%),Clear,Vehicle Breakdown,150.00,2.8
   ,24/08/2025,Sunday,Yes,Evening Peak (4-7Pm),16:18:00,16:28:00,11,71,2,10,No,No,,Heavy Rain,Overloading Delay,154.00,1.1
TRP01526,20/05/2025,Tuesday,No,Morning Peak (7-9Am),08:24:00,08:54:00,11,6,1,30,No,No,Full (80-100%),Clear,Vehicle Breakdown,124.00,2.7
TRP01721,16/02/2025,Sunday,Yes,Morning Peak (7-9Am),08:47:00,08:53:00,2,20,11,6,No,No,Full (80-100%),Clear,None,106.00,2.3
TRP02214,16/08/2025,Saturday,Yes,Evening Peak (4-7Pm),18:39:00,18:44:00,5,120,10,5,No,No,Overloaded (>100%),Clear,None,91.00,3.6
TRP00685,05/06/2025,Thursday,No,Evening Peak (4-7Pm),18:56:00,18:55:00,3,80,9,-1,Yes,No,Full (80-100%),Clear,None,174.00,
TRP01525,09/05/2025,Friday,No,Early Morning (5-7Am),06:17:00,06:20:00,2,92,6,3,No,No,Moderate (50-80%),Clear,None,,3.1
TRP01718,09/01/2025,Thursday,No,Midday (9Am-4Pm),10:33:00,10:48:00,12,29,9,15,No,No,Low (<50%),Light Rain,Overloading Delay,197.00,2.5
TRP00434,11/03/2025,Tuesday,No,Midday (9Am-4Pm),13:05:00,13:11:00,11,26,6,6,No,No,Low (<50%),Clear,Road Construction,110.00,3.6
TRP01687,12/02/2025,Wednesday,No,Night (7-10Pm),19:01:00,19:13:00,11,107,4,12,No,No,Full (80-100%),Clear,Road Construction,110.00,2.6
TRP00637,03/06/2025,Tuesday,No,Evening Peak (4-7Pm),17:20:00,17:28:00,7,72,6,8,No,No,,Clear,Overloading Delay,199.00,2.3
TRP02198,09/07/2025,Wednesday,No,Evening Peak (4-7Pm),18:50:00,18:50:00,4,84,4,0,Yes,No,Moderate (50-80%),Clear,Police Checkpoint,115.00,4.3
TRP01463,17/08/2025,Sunday,Yes,Evening Peak (4-7Pm),16:10:00,16:11:00,5,52,5,1,No,No,,Overcast,None,81.00,2.9
TRP00954,25/01/2025,Saturday,Yes,Morning Peak (7-9Am),08:50:00,08:56:00,2,2,6,6,No,No,Full (80-100%),Overcast,None,140.00,2.9
TRP00192,24/05/2025,Saturday,Yes,Midday (9Am-4Pm),09:36:00,09:46:00,3,46,4,10,No,No,Low (<50%),Clear,Traffic Jam,120.00,1.7
TRP02976,20/06/2025,Friday,No,Midday (9Am-4Pm),12:42:00,12:36:00,12,9,5,-6,Yes,No,Low (<50%),Clear,None,160.00,3.9
TRP01042,08/01/2025,Wednesday,No,Midday (9Am-4Pm),09:05:00,09:22:00,9,56,8,17,No,No,Low (<50%),Clear,Road Accident Nearby,80.00,1.8
TRP01405,24/06/2025,Tuesday,No,Night (7-10Pm),19:20:00,19:36:00,10,65,3,16,No,No,Low (<50%),Clear,Road Accident Nearby,,2.1
TRP00730,13/04/2025,Sunday,Yes,Early Morning (5-7Am),05:23:00,05:41:00,4,114,,18,No,No,Low (<50%),Light Rain,Road Accident Nearby,100.00,
TRP01492,07/02/2025,Friday,No,Morning Peak (7-9Am),07:15:00,07:24:00,7,103,5,9,No,No,Full (80-100%),Overcast,None,183.00,3.8
TRP02736,17/02/2025,Monday,No,Night (7-10Pm),21:09:00,21:13:00,3,94,2,4,No,No,Moderate (50-80%),Clear,None,120.00,3.6
TRP00667,23/02/2025,Sunday,Yes,Evening Peak (4-7Pm),18:43:00,18:41:00,11,49,8,-2,Yes,No,Moderate (50-80%),Light Rain,None,175.00,3.7
TRP00640,08/06/2025,Sunday,Yes,Evening Peak (4-7Pm),16:16:00,16:23:00,10,31,11,7,No,No,Full (80-100%),Clear,None,84.00,4.0
TRP00415,14/01/2025,Tuesday,No,Morning Peak (7-9Am),07:15:00,07:26:00,3,16,9,11,No,No,Overloaded (>100%),Clear,,183.00,1.7
TRP00436,09/07/2025,Wednesday,No,Midday (9Am-4Pm),13:06:00,13:08:00,10,116,8,2,No,No,Moderate (50-80%),Clear,None,,5.0
TRP01842,23/04/2025,Wednesday,No,Night (7-10Pm),21:18:00,21:22:00,4,1,11,4,No,No,Moderate (50-80%),Light Rain,None,89.00,3.0
TRP00820,15/02/2025,Saturday,Yes,Evening Peak (4-7Pm),16:07:00,16:19:00,6,16,11,12,No,No,Moderate (50-80%),,Road Construction,153.00,2.1
TRP02421,01/01/2025,Wednesday,No,Evening Peak (4-7Pm),18:02:00,18:23:00,7,71,1,21,No,No,Low (<50%),Clear,Traffic Jam,183.00,3.0
TRP03333,08/02/2025,Saturday,Yes,Morning Peak (7-9Am),08:30:00,08:27:00,12,38,11,-3,Yes,No,Moderate (50-80%),Clear,,199.00,2.5
TRP01685,15/06/2025,Sunday,Yes,Morning Peak (7-9Am),07:26:00,07:33:00,6,89,3,7,No,No,Overloaded (>100%),Clear,Overloading Delay,152.00,1.3
TRP01009,07/06/2025,Saturday,Yes,Morning Peak (7-9Am),07:49:00,08:12:00,10,85,2,23,No,No,Full (80-100%),Clear,Road Accident Nearby,89.00,2.3
TRP00272,07/06/2025,Saturday,Yes,Midday (9Am-4Pm),15:15:00,15:25:00,1,44,7,10,No,No,Full (80-100%),Overcast,Vehicle Breakdown,100.00,4.6
TRP01393,26/01/2025,Sunday,Yes,Midday (9Am-4Pm),11:14:00,11:14:00,2,16,5,0,Yes,No,Moderate (50-80%),Clear,Overloading Delay,90.00,4.0
TRP02286,24/03/2025,Monday,No,Evening Peak (4-7Pm),17:11:00,17:32:00,3,40,7,21,No,No,Moderate (50-80%),Overcast,Road Accident Nearby,185.00,2.7
TRP02192,21/08/2025,Thursday,No,Midday (9Am-4Pm),09:03:00,09:11:00,12,9,6,8,No,No,Low (<50%),Clear,Road Construction,160.00,4.0
TRP00704,06/07/2025,Sunday,Yes,Night (7-10Pm),21:02:00,21:10:00,7,31,9,8,No,No,Full (80-100%),Light Rain,Traffic Jam,164.00,3.8
TRP00262,26/03/2025,Wednesday,No,Midday (9Am-4Pm),11:06:00,11:00:00,5,92,8,-6,Yes,No,Moderate (50-80%),Clear,None,70.00,1.0
TRP01670,02/06/2025,Monday,No,Night (7-10Pm),21:07:00,21:18:00,10,64,6,11,No,No,Moderate (50-80%),Heavy Rain,None,89.00,1.6
TRP02113,21/06/2025,Saturday,Yes,Midday (9Am-4Pm),11:54:00,11:50:00,9,16,11,-4,Yes,No,Moderate (50-80%),Clear,Police Checkpoint,80.00,2.9
TRP01228,01/07/2025,Tuesday,No,Evening Peak (4-7Pm),17:13:00,17:27:00,10,28,4,14,No,No,Overloaded (>100%),Heavy Rain,None,108.00,3.0
TRP02902,20/07/2025,Sunday,Yes,Midday (9Am-4Pm),11:08:00,11:14:00,3,71,2,6,No,No,,Clear,Traffic Jam,120.00,2.7
TRP01639,25/07/2025,Friday,No,Midday (9Am-4Pm),11:57:00,12:09:00,10,84,5,12,No,No,Moderate (50-80%),Clear,Traffic Jam,70.00,3.1
TRP00493,16/06/2025,Monday,No,Early Morning (5-7Am),05:45:00,06:01:00,6,96,9,16,No,No,Full (80-100%),Clear,Vehicle Breakdown,100.00,2.6
TRP00055,12/05/2025,Monday,No,Night (7-10Pm),21:39:00,21:50:00,5,101,9,11,No,No,Full (80-100%),Clear,Traffic Jam,70.00,2.4
TRP02814,02/04/2025,Wednesday,No,Night (7-10Pm),21:54:00,22:03:00,11,118,9,9,No,No,Moderate (50-80%),Clear,Road Construction,110.00,1.7
TRP01183,11/08/2025,Monday,No,Evening Peak (4-7Pm),18:49:00,19:09:00,11,14,9,20,No,No,,Clear,Traffic Jam,137.00,2.4
TRP03102,20/04/2025,Sunday,Yes,Morning Peak (7-9Am),07:17:00,07:35:00,3,62,2,18,No,No,Low (<50%),Clear,Road Accident Nearby,145.00,2.5
TRP00915,21/01/2025,Tuesday,No,Early Morning (5-7Am),05:19:00,05:40:00,5,103,2,21,No,No,Moderate (50-80%),Clear,Vehicle Breakdown,70.00,
TRP01031,23/03/2025,Sunday,Yes,Night (7-10Pm),21:56:00,21:57:00,7,120,4,1,No,No,Moderate (50-80%),Clear,Police Checkpoint,167.00,3.2
TRP00601,08/03/2025,Saturday,Yes,Midday (9Am-4Pm),12:00:00,12:00:00,5,108,7,0,Yes,No,Overloaded (>100%),,Traffic Jam,70.00,4.8
TRP00036,10/02/2025,Monday,No,Evening Peak (4-7Pm),18:41:00,18:38:00,4,78,2,-3,Yes,No,Full (80-100%),Clear,None,92.00,4.4
TRP00715,01/05/2025,Thursday,No,Evening Peak (4-7Pm),16:49:00,16:54:00,12,25,3,5,No,No,Full (80-100%),Clear,None,231.00,1.1
TRP00675,19/01/2025,Sunday,Yes,Midday (9Am-4Pm),15:31:00,15:30:00,3,73,5,-1,Yes,No,Low (<50%),,None,130.00,3.5
TRP00451,22/08/2025,Friday,No,Morning Peak (7-9Am),08:55:00,09:02:00,4,16,4,7,No,No,Overloaded (>100%),Clear,None,120.00,4.0
TRP02061,17/04/2025,Thursday,No,Early Morning (5-7Am),06:07:00,06:29:00,1,7,5,22,No,No,Full (80-100%),Clear,Road Accident Nearby,100.00,4.0
TRP01319,14/08/2025,Thursday,No,Night (7-10Pm),21:57:00,21:59:00,11,89,10,2,No,No,  Overloaded (>100%)  ,Overcast,None,110.00,
TRP01566,08/03/2025,Saturday,Yes,Morning Peak (7-9Am),07:59:00,08:01:00,8,56,8,2,No,No,Overloaded (>100%),Clear,None,78.00,3.6
TRP01904,31/05/2025,Saturday,Yes,Early Morning (5-7Am),06:43:00,06:38:00,10,58,2,-5,Yes,No,Moderate (50-80%),Clear,None,70.00,2.4
TRP01238,23/04/2025,Wednesday,No,Midday (9Am-4Pm),10:44:00,10:49:00,10,78,5,5,No,No,Moderate (50-80%),Light Rain,None,90.00,2.3
TRP00188,25/01/2025,Saturday,Yes,Midday (9Am-4Pm),09:18:00,09:18:00,10,3,10,0,Yes,No,Moderate (50-80%),Light Rain,None,85.00,2.7
TRP02903,27/02/2025,Thursday,No,Evening Peak (4-7Pm),18:34:00,18:45:00,8,63,8,11,No,No,Low (<50%),Light Rain,None,90.00,3.7
TRP03210,09/08/2025,Saturday,Yes,Midday (9Am-4Pm),15:12:00,15:36:00,12,1,8,24,No,No,Low (<50%),Clear,Vehicle Breakdown,160.00,1.8
TRP00044,24/04/2025,Thursday,No,Midday (9Am-4Pm),15:32:00,15:26:00,7,18,11,-6,Yes,No,Moderate (50-80%),Clear,None,150.00,1.9
TRP02400,27/03/2025,Thursday,No,Night (7-10Pm),20:59:00,21:06:00,6,93,7,7,No,No,Overloaded (>100%),Heavy Rain,None,126.00,3.7
TRP03201,26/03/2025,Wednesday,No,Evening Peak (4-7Pm),17:37:00,17:39:00,1,98,8,2,No,No,Moderate (50-80%),Clear,Road Construction,133.00,2.7
TRP02910,09/05/2025,Friday,No,Early Morning (5-7Am),05:59:00,05:56:00,9,81,2,-3,Yes,No,Low (<50%),Clear,None,80.00,5.0
TRP01443,29/07/2025,Tuesday,No,Morning Peak (7-9Am),07:01:00,07:17:00,5,30,11,16,No,No,Overloaded (>100%),Heavy Rain,None,121.00,3.9
TRP02635,03/01/2025,Friday,No,Midday (9Am-4Pm),14:00:00,14:01:00,3,88,8,1,No,No,Moderate (50-80%),Light Rain,None,144.00,3.5
TRP02178,18/01/2025,Saturday,Yes,Midday (9Am-4Pm),14:33:00,14:39:00,3,96,1,6,No,No,Moderate (50-80%),Overcast,Police Checkpoint,120.00,1.0
TRP01679,12/08/2025,Tuesday,No,Evening Peak (4-7Pm),16:46:00,17:15:00,6,72,8,29,No,No,  Low (<50%)  ,Clear,Vehicle Breakdown,137.00,1.7
TRP03291,12/08/2025,Tuesday,No,Midday (9Am-4Pm),10:47:00,10:54:00,8,46,2,7,No,No,Moderate (50-80%),Clear,Road Accident Nearby,60.00,1.0
TRP01985,03/05/2025,Saturday,Yes,Night (7-10Pm),20:20:00,20:14:00,6,79,10,-6,Yes,No,Full (80-100%),Clear,,100.00,3.7
TRP01736,18/02/2025,Tuesday,No,Early Morning (5-7Am),05:52:00,06:06:00,10,99,11,14,No,No,,Clear,Road Accident Nearby,70.00,2.7
TRP00512,07/03/2025,Friday,No,Evening Peak (4-7Pm),16:49:00,16:53:00,6,78,8,4,No,No,Moderate (50-80%),Overcast,None,125.00,2.5
TRP01182,12/06/2025,Thursday,No,Midday (9Am-4Pm),11:58:00,11:56:00,8,66,8,-2,Yes,No,Full (80-100%),Clear,None,60.00,4.1
TRP00418,10/03/2025,Monday,No,Evening Peak (4-7Pm),18:45:00,19:02:00,7,32,5,17,No,No,Full (80-100%),Clear,Traffic Jam,,3.7
TRP00932,22/06/2025,Sunday,Yes,Morning Peak (7-9Am),07:22:00,07:26:00,10,110,1,4,No,No,Low (<50%),Light Rain,None,93.00,3.8
TRP00224,27/03/2025,Thursday,No,Night (7-10Pm),20:48:00,20:48:00,2,117,9,0,Yes,No,Low (<50%),,None,,3.3
TRP01192,06/03/2025,Tuesday,No,Midday (9Am-4Pm),12:29:00,12:39:00,1,88,7,10,No,No,  Moderate (50-80%)  ,Clear,Road Accident Nearby,100.00,1.7
TRP00362,18/06/2025,Wednesday,No,Midday (9Am-4Pm),15:15:00,15:25:00,12,16,10,10,No,No,Low (<50%),Clear,Traffic Jam,160.00,1.7
TRP02548,29/05/2025,Thursday,No,Early Morning (5-7Am),06:22:00,06:23:00,2,119,4,1,No,No,Full (80-100%),Clear,Overloading Delay,,4.3
TRP02697,27/03/2025,Thursday,No,Midday (9Am-4Pm),12:26:00,12:37:00,12,32,11,11,No,No,Low (<50%),,Road Construction,160.00,2.1
TRP03213,27/05/2025,Tuesday,No,Early Morning (5-7Am),05:46:00,06:02:00,12,101,6,16,No,No,Moderate (50-80%),Clear,Traffic Jam,160.00,1.9
TRP03172,29/04/2025,Tuesday,No,Evening Peak (4-7Pm),16:57:00,17:00:00,6,55,8,3,No,No,Moderate (50-80%),Clear,None,150.00,3.9
TRP00160,19/03/2025,Wednesday,No,Evening Peak (4-7Pm),18:16:00,18:33:00,12,64,8,17,No,No,Full (80-100%),Light Rain,Traffic Jam,237.00,
TRP01475,05/07/2025,Saturday,Yes,Midday (9Am-4Pm),10:15:00,10:15:00,7,103,,0,Yes,No,Low (<50%),Clear,None,150.00,
TRP00174,03/03/2025,Monday,No,Evening Peak (4-7Pm),17:02:00,17:13:00,10,118,3,11,No,No,Full (80-100%),Light Rain,None,107.00,3.1
TRP03295,07/06/2025,Saturday,Yes,Midday (9Am-4Pm),10:50:00,10:53:00,3,82,8,3,No,No,Low (<50%),,Overloading Delay,120.00,5.0
TRP01356,27/05/2025,Tuesday,No,Evening Peak (4-7Pm),16:07:00,16:06:00,1,98,9,-1,Yes,No,Overloaded (>100%),Clear,None,126.00,5.0
TRP01298,02/07/2025,Wednesday,No,Early Morning (5-7Am),05:45:00,05:40:00,6,116,9,-5,Yes,No,,Clear,None,100.00,3.6
TRP03325,12/03/2025,Wednesday,No,Morning Peak (7-9Am),08:31:00,08:35:00,2,90,9,4,No,No,Full (80-100%),Clear,None,105.00,4.3
TRP00028,04/07/2025,Friday,No,Night (7-10Pm),20:49:00,20:54:00,3,7,10,5,No,No,Low (<50%),Overcast,None,120.00,2.8
TRP00033,07/02/2025,Friday,No,Midday (9Am-4Pm),15:47:00,15:47:00,1,6,9,0,Yes,No,Full (80-100%),Clear,Overloading Delay,100.00,3.2
TRP02585,22/02/2025,Saturday,Yes,Midday (9Am-4Pm),13:09:00,13:04:00,5,31,3,-5,Yes,No,Full (80-100%),Clear,Overloading Delay,70.00,4.0
TRP01409,29/03/2025,Saturday,Yes,Midday (9Am-4Pm),14:57:00,14:59:00,5,62,10,2,No,No,Moderate (50-80%),Light Rain,None,84.00,3.4
TRP00502,19/07/2025,Saturday,Yes,Evening Peak (4-7Pm),18:19:00,18:13:00,1,70,4,-6,Yes,No,Low (<50%),Clear,None,119.00,1.6
TRP02494,22/03/2025,Saturday,Yes,Midday (9Am-4Pm),13:59:00,14:04:00,2,62,2,5,No,No,Moderate (50-80%),Heavy Rain,None,109.00,2.8
TRP03010,17/03/2025,Monday,No,Morning Peak (7-9Am),07:46:00,08:08:00,12,61,4,22,No,No,Moderate (50-80%),Heavy Rain,None,265.00,2.3
TRP01179,26/03/2025,Wednesday,No,Morning Peak (7-9Am),07:47:00,07:52:00,8,90,8,5,No,No,Moderate (50-80%),,None,67.00,1.8
TRP03416,02/04/2025,Wednesday,No,Early Morning (5-7Am),06:23:00,06:29:00,11,21,9,6,No,No,Moderate (50-80%),Clear,Police Checkpoint,110.00,2.8
TRP00483,28/06/2025,Saturday,Yes,Evening Peak (4-7Pm),16:25:00,16:24:00,5,119,8,-1,Yes,No,Full (80-100%),Clear,None,93.00,3.2
TRP02987,06/04/2025,Sunday,Yes,Midday (9Am-4Pm),10:34:00,10:31:00,12,120,3,-3,Yes,No,Low (<50%),Clear,None,160.00,2.9
TRP01577,05/02/2025,Wednesday,No,Midday (9Am-4Pm),15:14:00,15:08:00,11,79,3,-6,Yes,No,Full (80-100%),Clear,None,110.00,3.8
TRP00775,02/05/2025,Friday,No,Midday (9Am-4Pm),11:47:00,12:01:00,3,57,11,14,No,No,Moderate (50-80%),Heavy Rain,Traffic Jam,155.00,3.6
TRP02282,20/03/2025,Thursday,No,Midday (9Am-4Pm),11:41:00,12:06:00,9,94,10,25,No,No,Moderate (50-80%),,Road Accident Nearby,80.00,1.2
TRP03189,26/02/2025,Wednesday,No,Evening Peak (4-7Pm),17:13:00,17:15:00,11,53,2,2,No,No,Moderate (50-80%),Clear,None,142.00,2.7
TRP02165,06/01/2025,Monday,No,Evening Peak (4-7Pm),18:52:00,18:53:00,2,41,10,1,No,No,Overloaded (>100%),Clear,None,142.00,4.0
TRP01231,26/02/2025,Wednesday,No,Midday (9Am-4Pm),09:09:00,09:03:00,5,45,2,-6,Yes,No,Low (<50%),Clear,None,70.00,1.7
TRP00909,27/08/2025,Wednesday,No,Midday (9Am-4Pm),10:48:00,11:09:00,9,7,3,21,No,No,Full (80-100%),Light Rain,Road Accident Nearby,90.00,4.2
TRP02229,17/08/2025,Sunday,Yes,Midday (9Am-4Pm),09:40:00,09:44:00,5,102,8,4,No,No,Low (<50%),Clear,,70.00,4.5
TRP02480,28/05/2025,Wednesday,No,Evening Peak (4-7Pm),17:03:00,17:20:00,2,8,8,17,No,No,Overloaded (>100%),Light Rain,Traffic Jam,155.00,4.0
TRP01839,31/05/2025,Saturday,Yes,Evening Peak (4-7Pm),18:03:00,18:18:00,8,116,3,15,No,No,Low (<50%),Light Rain,Overloading Delay,88.00,2.0
TRP00589,11/03/2025,Tuesday,No,Morning Peak (7-9Am),07:52:00,07:59:00,5,80,1,7,No,No,Overloaded (>100%),Clear,Traffic Jam,101.00,2.5
TRP00184,12/04/2025,Saturday,Yes,Midday (9Am-4Pm),10:34:00,10:30:00,11,39,11,-4,Yes,No,  Moderate (50-80%)  ,Clear,None,110.00,3.2
TRP02340,19/03/2025,Wednesday,No,Night (7-10Pm),21:16:00,21:34:00,8,57,8,18,No,No,Low (<50%),Light Rain,Road Accident Nearby,71.00,3.1
TRP02567,17/04/2025,Thursday,No,Morning Peak (7-9Am),08:04:00,08:11:00,1,,,7,No,No,Overloaded (>100%),Light Rain,None,146.00,2.3
TRP03046,19/05/2025,Monday,No,Morning Peak (7-9Am),07:12:00,07:36:00,2,76,8,24,No,No,Full (80-100%),Heavy Rain,Overloading Delay,166.00,2.3
TRP03280,13/04/2025,Sunday,Yes,Early Morning (5-7Am),05:22:00,05:19:00,5,58,2,-3,Yes,No,Low (<50%),Clear,None,70.00,3.5
TRP00295,19/02/2025,Wednesday,No,Morning Peak (7-9Am),07:33:00,07:40:00,9,44,7,7,No,No,  Full (80-100%)  ,Light Rain,Overloading Delay,156.00,1.5
TRP00695,11/03/2025,Tuesday,No,Early Morning (5-7Am),05:34:00,05:54:00,7,64,6,20,No,No,Moderate (50-80%),Clear,Vehicle Breakdown,150.00,1.0
TRP02506,16/06/2025,Monday,No,Morning Peak (7-9Am),07:09:00,07:05:00,2,87,2,-4,Yes,No,Full (80-100%),Clear,None,134.00,3.5
TRP00075,21/02/2025,Friday,No,Morning Peak (7-9Am),08:43:00,08:40:00,3,117,11,-3,Yes,No,Moderate (50-80%),,None,139.00,4.8
TRP02218,10/06/2025,Tuesday,No,Early Morning (5-7Am),05:04:00,05:03:00,11,30,2,-1,Yes,No,Low (<50%),Clear,None,110.00,4.4
TRP02526,13/07/2025,Sunday,Yes,Midday (9Am-4Pm),14:13:00,14:22:00,5,50,5,9,No,No,Low (<50%),Light Rain,Overloading Delay,90.00,2.9
TRP00755,10/08/2025,Sunday,Yes,Midday (9Am-4Pm),12:10:00,12:04:00,1,24,1,-6,Yes,No,Full (80-100%),Clear,None,100.00,2.0
TRP03183,13/04/2025,Sunday,Yes,Midday (9Am-4Pm),11:32:00,11:38:00,5,103,11,6,No,No,Moderate (50-80%),Clear,Road Accident Nearby,70.00,2.6
TRP00897,16/05/2025,Friday,No,Midday (9Am-4Pm),12:21:00,12:20:00,11,118,1,-1,Yes,No,Overloaded (>100%),Clear,None,110.00,
TRP03214,22/06/2025,Sunday,Yes,Midday (9Am-4Pm),13:05:00,13:26:00,8,76,8,21,No,No,Low (<50%),Light Rain,Vehicle Breakdown,74.00,2.2
TRP00331,16/04/2025,Wednesday,No,Midday (9Am-4Pm),09:23:00,09:26:00,5,54,6,3,No,Yes,Full (80-100%),Overcast,Road Construction,70.00,2.8
TRP00545,25/03/2025,Tuesday,No,Midday (9Am-4Pm),12:09:00,12:14:00,9,96,8,5,No,No,Low (<50%),Light Rain,Road Construction,103.00,2.8
TRP00870,21/05/2025,Wednesday,No,Early Morning (5-7Am),06:39:00,06:33:00,9,42,7,-6,Yes,No,Moderate (50-80%),Clear,None,80.00,2.7
TRP02547,05/08/2025,Tuesday,No,Early Morning (5-7Am),06:04:00,06:17:00,6,64,2,13,No,No,Moderate (50-80%),Light Rain,Road Accident Nearby,115.00,1.8
TRP01545,14/03/2025,Friday,No,Early Morning (5-7Am),05:14:00,05:23:00,4,43,2,9,No,No,Moderate (50-80%),Heavy Rain,Overloading Delay,92.00,2.6
TRP01048,24/04/2025,Thursday,No,Midday (9Am-4Pm),09:20:00,09:20:00,9,72,9,0,Yes,No,Low (<50%),Clear,None,80.00,2.6
TRP03320,07/05/2025,Wednesday,No,Early Morning (5-7Am),06:18:00,06:25:00,4,59,3,7,No,No,Full (80-100%),Clear,Road Construction,80.00,1.1
TRP02456,07/04/2025,Monday,No,Morning Peak (7-9Am),07:15:00,07:10:00,8,42,1,-5,Yes,No,Moderate (50-80%),Clear,None,72.00,2.6
TRP02929,21/03/2025,Friday,No,Evening Peak (4-7Pm),18:58:00,19:11:00,5,24,4,13,No,No,Overloaded (>100%),Light Rain,Overloading Delay,90.00,
TRP01278,21/03/2025,Friday,No,Evening Peak (4-7Pm),18:57:00,19:12:00,2,48,5,15,No,No,Moderate (50-80%),Light Rain,None,136.00,3.5
TRP02219,14/07/2025,Monday,No,Morning Peak (7-9Am),07:55:00,07:55:00,7,117,1,0,Yes,No,Moderate (50-80%),Clear,None,211.00,3.1
TRP00503,14/03/2025,Friday,No,Evening Peak (4-7Pm),16:36:00,16:38:00,12,110,10,2,No,No,,Clear,None,236.00,3.8
TRP02521,09/01/2025,Thursday,No,Night (7-10Pm),20:17:00,20:25:00,8,63,1,8,No,No,Moderate (50-80%),Clear,None,60.00,2.4
TRP02678,29/07/2025,Tuesday,No,Morning Peak (7-9Am),07:31:00,07:33:00,6,5,5,2,No,No,Low (<50%),Clear,None,120.00,5.0
TRP02849,19/08/2025,Tuesday,No,Night (7-10Pm),20:09:00,20:03:00,4,30,1,-6,Yes,No,Full (80-100%),Clear,None,80.00,3.2
TRP00602,31/01/2025,Friday,No,Midday (9Am-4Pm),10:17:00,10:34:00,5,58,2,17,No,No,Low (<50%),Heavy Rain,Police Checkpoint,73.00,2.0
TRP00974,08/04/2025,Tuesday,No,Night (7-10Pm),20:43:00,20:44:00,11,10,11,1,No,No,Low (<50%),Clear,None,110.00,4.5
TRP00785,12/05/2025,Monday,No,Morning Peak (7-9Am),07:29:00,07:42:00,10,72,5,13,No,No,Full (80-100%),Clear,Road Construction,78.00,1.5
TRP02402,30/07/2025,Wednesday,No,Early Morning (5-7Am),05:34:00,05:38:00,7,20,8,4,No,No,Full (80-100%),Overcast,None,150.00,4.3
TRP01299,01/02/2025,Saturday,Yes,Evening Peak (4-7Pm),17:56:00,17:57:00,4,12,3,1,No,No,Low (<50%),Clear,None,109.00,3.6
TRP02416,31/07/2025,Thursday,No,Evening Peak (4-7Pm),17:05:00,17:10:00,5,46,2,5,No,No,Overloaded (>100%),Clear,None,108.00,2.0
TRP01790,13/07/2025,Sunday,Yes,Evening Peak (4-7Pm),17:33:00,17:43:00,1,65,9,10,No,No,Full (80-100%),Clear,None,143.00,2.1
TRP01093,23/03/2025,Sunday,Yes,Evening Peak (4-7Pm),17:50:00,18:00:00,7,95,10,10,No,No,Low (<50%),Clear,None,237.00,2.8
TRP02302,08/08/2025,Friday,No,Evening Peak (4-7Pm),18:49:00,19:08:00,7,103,8,19,No,No,Full (80-100%),Overcast,Road Accident Nearby,238.00,1.8
TRP02364,03/01/2025,Friday,No,Morning Peak (7-9Am),07:42:00,07:40:00,1,12,4,-2,Yes,Yes,Moderate (50-80%),Clear,None,154.00,1.3
TRP03306,17/01/2025,Friday,No,Night (7-10Pm),21:43:00,21:39:00,6,119,7,-4,Yes,No,Moderate (50-80%),,None,100.00,2.0
TRP01209,17/01/2025,Friday,No,Midday (9Am-4Pm),09:11:00,09:13:00,3,9,9,2,No,No,Low (<50%),Overcast,None,120.00,4.0
TRP03171,19/02/2025,Wednesday,No,Evening Peak (4-7Pm),17:25:00,17:32:00,9,94,11,7,No,No,Moderate (50-80%),Clear,None,117.00,3.5
TRP02037,07/05/2025,Wednesday,No,Morning Peak (7-9Am),08:45:00,08:55:00,10,88,8,10,No,No,Low (<50%),Clear,Road Construction,103.00,2.5
TRP02761,31/05/2025,Saturday,Yes,Midday (9Am-4Pm),10:52:00,10:59:00,6,55,8,7,No,No,Moderate (50-80%),Clear,Road Construction,100.00,3.5
TRP01803,02/04/2025,Wednesday,No,Midday (9Am-4Pm),09:48:00,09:53:00,9,103,7,5,No,No,Low (<50%),Light Rain,Police Checkpoint,103.00,2.2
TRP00660,14/01/2025,Tuesday,No,Night (7-10Pm),20:52:00,20:51:00,11,33,9,-1,Yes,No,Moderate (50-80%),Clear,None,110.00,3.6
TRP01438,02/06/2025,Monday,No,Midday (9Am-4Pm),12:01:00,12:01:00,10,75,10,0,Yes,No,Low (<50%),Clear,Police Checkpoint,70.00,4.1
TRP02483,18/08/2025,Monday,No,Morning Peak (7-9Am),07:17:00,07:38:00,11,3,5,21,No,No,Moderate (50-80%),Clear,Traffic Jam,159.00,3.0
TRP00980,29/07/2025,Tuesday,No,Evening Peak (4-7Pm),18:40:00,18:54:00,12,13,6,14,No,No,Moderate (50-80%),Light Rain,None,228.00,1.6
TRP02200,16/01/2025,Thursday,No,Midday (9Am-4Pm),11:26:00,11:34:00,7,6,5,8,No,No,,Overcast,Police Checkpoint,150.00,2.6
TRP01375,28/06/2025,Saturday,Yes,Midday (9Am-4Pm),13:04:00,13:02:00,2,118,3,-2,Yes,No,Low (<50%),Clear,Road Construction,90.00,2.5
TRP01454,23/02/2025,Sunday,Yes,Early Morning (5-7Am),06:36:00,06:31:00,5,37,11,-5,Yes,No,Moderate (50-80%),Clear,None,70.00,3.7
TRP03329,21/04/2025,Monday,No,Night (7-10Pm),21:09:00,21:25:00,1,51,1,16,No,No,Full (80-100%),,Road Construction,111.00,3.6
TRP01911,26/06/2025,Thursday,No,Midday (9Am-4Pm),13:32:00,13:35:00,2,53,3,3,No,No,Moderate (50-80%),Light Rain,None,101.00,3.1
TRP01226,25/07/2025,Friday,No,Midday (9Am-4Pm),12:00:00,12:08:00,10,13,4,8,No,No,Low (<50%),Clear,Road Accident Nearby,70.00,1.3
TRP00142,08/07/2025,Tuesday,No,Midday (9Am-4Pm),11:25:00,11:24:00,5,9,10,-1,Yes,No,Overloaded (>100%),Clear,None,70.00,2.4
TRP02141,12/08/2025,Tuesday,No,Evening Peak (4-7Pm),18:59:00,18:54:00,6,103,6,-5,Yes,No,Moderate (50-80%),Clear,None,121.00,3.4
TRP01785,10/01/2025,Friday,No,Midday (9Am-4Pm),14:16:00,14:16:00,5,112,9,0,Yes,No,Moderate (50-80%),Clear,None,70.00,4.1
TRP00822,07/08/2025,Thursday,No,Morning Peak (7-9Am),07:43:00,07:45:00,11,46,1,2,No,No,Full (80-100%),Clear,None,152.00,4.0
TRP00575,07/05/2025,Wednesday,No,Early Morning (5-7Am),05:33:00,05:33:00,3,103,3,0,Yes,No,Overloaded (>100%),Light Rain,None,142.00,6.6
TRP01851,27/08/2025,Wednesday,No,Evening Peak (4-7Pm),16:24:00,16:39:00,9,76,5,15,No,No,Moderate (50-80%),Clear,None,97.00,2.3
TRP01527,11/03/2025,Tuesday,No,Morning Peak (7-9Am),08:06:00,08:07:00,9,114,3,1,No,No,Full (80-100%),,None,96.00,3.2
TRP03487,14/01/2025,Tuesday,No,Midday (9Am-4Pm),11:04:00,11:22:00,7,87,3,18,No,No,Overloaded (>100%),Clear,Traffic Jam,150.00,2.4
TRP02969,13/06/2025,Friday,No,Night (7-10Pm),21:54:00,21:53:00,1,104,5,-1,Yes,No,Low (<50%),Clear,Police Checkpoint,100.00,4.3
TRP00642,15/08/2025,Friday,No,Morning Peak (7-9Am),08:30:00,08:39:00,12,103,7,9,No,No,Moderate (50-80%),Light Rain,None,239.00,1.7
TRP02605,07/06/2025,Saturday,Yes,Morning Peak (7-9Am),07:12:00,07:17:00,9,88,11,5,No,No,Full (80-100%),Clear,Road Construction,107.00,2.0
TRP03343,02/05/2025,Friday,No,Midday (9Am-4Pm),09:17:00,09:25:00,3,81,3,8,No,No,Overloaded (>100%),Overcast,Police Checkpoint,120.00,3.1
TRP03190,09/03/2025,Sunday,Yes,Midday (9Am-4Pm),10:32:00,10:29:00,11,110,11,-3,Yes,No,Full (80-100%),Clear,Police Checkpoint,110.00,4.3
TRP01775,15/07/2025,Tuesday,No,Morning Peak (7-9Am),08:28:00,08:39:00,2,57,9,11,No,No,Full (80-100%),Overcast,None,140.00,2.4
TRP02712,24/01/2025,Friday,No,Early Morning (5-7Am),06:08:00,06:06:00,4,74,,-2,Yes,No,Moderate (50-80%),Clear,None,80.00,3.6
TRP00214,06/03/2025,Thursday,No,Morning Peak (7-9Am),07:15:00,07:21:00,6,85,4,6,No,No,Overloaded (>100%),Clear,Police Checkpoint,110.00,1.8
TRP02094,01/03/2025,Saturday,Yes,Morning Peak (7-9Am),08:31:00,08:40:00,11,16,9,9,No,No,Moderate (50-80%),Clear,Traffic Jam,175.00,3.5
TRP03410,12/04/2025,Saturday,Yes,Midday (9Am-4Pm),09:33:00,09:28:00,9,45,2,-5,Yes,No,Overloaded (>100%),Clear,None,80.00,4.1
TRP02604,13/02/2025,Thursday,No,Early Morning (5-7Am),05:03:00,05:03:00,9,112,3,0,Yes,No,Low (<50%),Light Rain,None,95.00,
TRP02464,09/07/2025,Wednesday,No,Evening Peak (4-7Pm),18:37:00,18:43:00,2,53,6,6,No,No,Full (80-100%),Clear,None,120.00,2.6
TRP01573,17/08/2025,Sunday,Yes,Midday (9Am-4Pm),12:34:00,12:32:00,12,54,1,-2,Yes,No,,Overcast,None,160.00,4.7
TRP02754,13/02/2025,Thursday,No,Evening Peak (4-7Pm),16:56:00,17:06:00,2,78,11,10,No,No,Overloaded (>100%),Clear,None,131.00,2.3
TRP01657,01/01/2025,Wednesday,No,Evening Peak (4-7Pm),16:49:00,16:47:00,6,76,6,-2,Yes,No,Full (80-100%),Clear,None,114.00,4.6
TRP00501,19/05/2025,Monday,No,Morning Peak (7-9Am),08:51:00,08:56:00,12,34,8,5,No,No,Full (80-100%),Clear,None,243.00,5.0
TRP02265,11/03/2025,Tuesday,No,Early Morning (5-7Am),06:57:00,06:53:00,2,22,6,-4,Yes,No,Full (80-100%),Clear,None,90.00,4.7
TRP00613,11/04/2025,Friday,No,Early Morning (5-7Am),06:34:00,06:30:00,8,27,5,-4,Yes,No,Moderate (50-80%),Clear,None,60.00,3.9
TRP00099,04/08/2025,Monday,No,Evening Peak (4-7Pm),17:06:00,17:23:00,6,11,7,17,No,No,Full (80-100%),Heavy Rain,None,160.00,2.2
TRP00252,24/07/2025,Thursday,No,Evening Peak (4-7Pm),16:47:00,16:54:00,6,72,5,7,No,No,Full (80-100%),Clear,None,139.00,3.3
TRP02534,04/08/2025,Monday,No,Midday (9Am-4Pm),12:24:00,12:26:00,4,71,6,2,No,No,Low (<50%),Clear,None,80.00,3.6
TRP01428,11/01/2025,Saturday,Yes,Midday (9Am-4Pm),10:52:00,11:11:00,1,44,1,19,No,No,Low (<50%),Heavy Rain,Traffic Jam,125.00,2.7
TRP01692,03/08/2025,Sunday,Yes,Midday (9Am-4Pm),10:17:00,10:18:00,3,70,6,1,No,No,Full (80-100%),Clear,None,120.00,4.8
TRP01377,27/02/2025,Thursday,No,Midday (9Am-4Pm),15:17:00,15:39:00,1,27,3,22,No,No,,Clear,Road Accident Nearby,100.00,3.4
TRP02257,27/02/2025,Thursday,No,Early Morning (5-7Am),05:50:00,06:12:00,5,6,8,22,No,No,Moderate (50-80%),Light Rain,Vehicle Breakdown,77.00,2.3
TRP03059,11/05/2025,Sunday,Yes,Midday (9Am-4Pm),15:56:00,16:20:00,6,20,7,24,No,No,Low (<50%),Overcast,Road Accident Nearby,100.00,5.4
TRP01784,28/08/2025,Thursday,No,Early Morning (5-7Am),05:37:00,06:04:00,7,25,6,27,No,No,Full (80-100%),Overcast,Vehicle Breakdown,150.00,2.1
TRP02482,09/05/2025,Friday,No,Early Morning (5-7Am),05:15:00,05:18:00,7,95,11,3,No,No,Moderate (50-80%),Clear,None,150.00,3.3
TRP03078,07/02/2025,Friday,No,Midday (9Am-4Pm),14:03:00,14:18:00,9,48,1,15,No,No,Low (<50%),Clear,Traffic Jam,80.00,3.0
TRP00154,30/06/2025,Monday,No,Midday (9Am-4Pm),09:58:00,09:58:00,4,92,4,0,Yes,No,  Low (<50%)  ,Heavy Rain,None,98.00,3.9
TRP00375,26/04/2025,Saturday,Yes,Early Morning (5-7Am),06:35:00,06:38:00,5,53,10,3,No,No,  Full (80-100%)  ,Clear,Road Construction,70.00,3.4
TRP02677,27/08/2025,Wednesday,No,Midday (9Am-4Pm),15:05:00,15:18:00,6,102,11,13,No,No,Full (80-100%),Clear,Road Accident Nearby,100.00,2.6
TRP02637,20/06/2025,Friday,No,Morning Peak (7-9Am),08:49:00,09:15:00,12,18,2,26,No,No,Full (80-100%),Clear,Traffic Jam,195.00,2.0
TRP02983,07/06/2025,Sunday,Yes,Evening Peak (4-7Pm),16:34:00,16:38:00,6,97,7,4,No,No,Moderate (50-80%),Clear,None,155.00,
TRP00198,10/05/2025,Saturday,Yes,Early Morning (5-7Am),06:54:00,06:48:00,3,52,3,-6,Yes,No,Moderate (50-80%),Clear,None,120.00,2.4
TRP02752,03/11/2025,Tuesday,No,Morning Peak (7-9Am),07:03:00,07:05:00,6,30,7,2,No,No,Full (80-100%),Clear,None,140.00,3.6
TRP02202,08/08/2025,Friday,No,Morning Peak (7-9Am),07:09:00,07:16:00,3,60,2,7,No,No,Moderate (50-80%),Clear,None,137.00,2.1
TRP00611,14/01/2025,Tuesday,No,Night (7-10Pm),21:55:00,22:10:00,9,66,10,15,No,No,Full (80-100%),Clear,Vehicle Breakdown,80.00,3.3
TRP01616,21/02/2025,Friday,No,Evening Peak (4-7Pm),17:32:00,17:36:00,8,102,2,4,No,No,,Overcast,Police Checkpoint,88.00,3.7
TRP02679,19/02/2025,Wednesday,No,Midday (9Am-4Pm),13:40:00,13:45:00,4,94,2,5,No,No,Full (80-100%),Clear,Overloading Delay,80.00,2.2
TRP00801,11/06/2025,Wednesday,No,Evening Peak (4-7Pm),17:48:00,18:04:00,6,86,2,16,No,No,Overloaded (>100%),Light Rain,None,185.00,1.6
TRP00345,27/02/2025,Thursday,No,Morning Peak (7-9Am),07:22:00,07:44:00,9,115,6,22,No,No,Full (80-100%),Clear,Traffic Jam,112.00,
TRP02330,23/06/2025,Monday,No,Morning Peak (7-9Am),08:19:00,08:25:00,11,15,11,6,No,No,Moderate (50-80%),Clear,Road Accident Nearby,162.00,2.1
TRP01882,21/04/2025,Monday,No,Night (7-10Pm),21:25:00,21:40:00,3,93,1,15,No,No,Moderate (50-80%),Clear,Vehicle Breakdown,120.00,1.7
TRP00012,07/05/2025,Wednesday,No,Evening Peak (4-7Pm),16:58:00,16:56:00,6,54,5,-2,Yes,No,Moderate (50-80%),Overcast,None,118.00,4.5
TRP03162,28/07/2025,Monday,No,Morning Peak (7-9Am),07:07:00,07:38:00,1,23,8,31,No,No,Moderate (50-80%),,Vehicle Breakdown,136.00,3.5
TRP02832,20/08/2025,Wednesday,No,Midday (9Am-4Pm),10:29:00,10:26:00,9,76,2,-3,Yes,No,Full (80-100%),Clear,Road Construction,80.00,4.3
TRP01176,19/05/2025,Monday,No,Evening Peak (4-7Pm),16:23:00,16:28:00,1,5,7,5,No,No,Low (<50%),Clear,None,112.00,2.8
TRP03260,22/04/2025,Tuesday,No,Morning Peak (7-9Am),07:25:00,07:29:00,9,68,10,4,No,No,Full (80-100%),Clear,None,125.00,3.1
TRP02507,27/06/2025,Friday,No,Evening Peak (4-7Pm),17:31:00,17:46:00,7,43,3,15,No,No,Moderate (50-80%),Heavy Rain,None,219.00,2.2
TRP02797,26/05/2025,Monday,No,Morning Peak (7-9Am),07:48:00,07:58:00,6,114,5,10,No,No,Moderate (50-80%),Light Rain,Police Checkpoint,165.00,
TRP01067,16/01/2025,Thursday,No,Early Morning (5-7Am),05:25:00,05:27:00,8,73,9,2,No,No,Moderate (50-80%),Clear,Road Construction,60.00,
TRP03282,01/07/2025,Tuesday,No,Morning Peak (7-9Am),08:28:00,08:36:00,3,8,11,8,No,No,Overloaded (>100%),Light Rain,None,234.00,3.0
TRP01453,24/02/2025,Monday,No,Morning Peak (7-9Am),08:34:00,08:46:00,7,21,6,12,No,No,Full (80-100%),Clear,None,187.00,2.1
TRP02625,08/07/2025,Tuesday,No,Morning Peak (7-9Am),08:20:00,08:25:00,3,60,2,5,No,No,Full (80-100%),,None,,2.4
TRP01124,14/03/2025,Friday,No,Midday (9Am-4Pm),13:07:00,13:20:00,11,16,9,13,No,No,Moderate (50-80%),Light Rain,Road Construction,122.00,2.7
TRP02921,08/06/2025,Sunday,Yes,Morning Peak (7-9Am),08:44:00,08:44:00,7,9,8,0,Yes,No,Full (80-100%),Clear,None,198.00,5.0
TRP02372,23/01/2025,Thursday,No,Evening Peak (4-7Pm),18:15:00,18:32:00,1,117,10,17,No,No,,Clear,Road Accident Nearby,132.00,3.3
TRP01106,15/07/2025,Tuesday,No,Midday (9Am-4Pm),14:38:00,14:41:00,7,87,2,3,No,No,Moderate (50-80%),Clear,Police Checkpoint,150.00,3.9
TRP02593,22/06/2025,Sunday,Yes,Early Morning (5-7Am),05:14:00,05:11:00,3,54,2,-3,Yes,No,Moderate (50-80%),Clear,None,120.00,3.7
TRP00571,06/04/2025,Sunday,Yes,Early Morning (5-7Am),05:39:00,05:52:00,8,101,,13,No,No,,Clear,,60.00,6.2
TRP03307,27/02/2025,Thursday,No,Morning Peak (7-9Am),07:31:00,07:30:00,5,29,4,-1,Yes,No,,Clear,None,111.00,3.5
TRP02753,27/04/2025,Sunday,Yes,Evening Peak (4-7Pm),18:48:00,18:58:00,7,95,8,10,No,No,Full (80-100%),Clear,Road Construction,209.00,2.8
TRP01745,18/02/2025,Tuesday,No,Midday (9Am-4Pm),09:08:00,09:11:00,7,54,1,3,No,No,Moderate (50-80%),Clear,None,150.00,2.2
TRP00481,04/04/2025,Friday,No,Evening Peak (4-7Pm),16:44:00,17:03:00,7,118,10,19,No,No,,,Road Accident Nearby,200.00,3.1
TRP03360,06/05/2025,Tuesday,No,Early Morning (5-7Am),06:09:00,06:10:00,2,75,8,1,No,No,Moderate (50-80%),Clear,Traffic Jam,90.00,2.8
TRP03165,22/06/2025,Sunday,Yes,Morning Peak (7-9Am),07:09:00,07:18:00,5,64,3,9,No,No,Moderate (50-80%),Clear,Road Construction,96.00,
TRP02075,26/08/2025,Tuesday,No,Early Morning (5-7Am),05:38:00,05:39:00,1,10,7,1,No,No,Moderate (50-80%),Light Rain,None,125.00,4.7
TRP00840,07/01/2025,Tuesday,No,Evening Peak (4-7Pm),18:35:00,18:38:00,5,30,6,3,No,No,Overloaded (>100%),Clear,None,98.00,3.3
TRP02574,01/05/2025,Thursday,No,Evening Peak (4-7Pm),17:30:00,17:39:00,12,29,4,9,No,No,Moderate (50-80%),Clear,Overloading Delay,248.00,1.1
TRP00786,02/07/2025,Wednesday,No,Night (7-10Pm),21:23:00,21:24:00,5,113,8,1,No,No,Low (<50%),Clear,None,70.00,3.7
TRP02887,06/03/2025,Thursday,No,Evening Peak (4-7Pm),17:58:00,17:58:00,7,41,2,0,Yes,No,Full (80-100%),Clear,None,198.00,7.8
TRP02667,24/03/2025,Monday,No,Evening Peak (4-7Pm),17:21:00,17:25:00,7,79,4,4,No,No,Overloaded (>100%),Light Rain,None,239.00,2.3
TRP00195,04/06/2025,Wednesday,No,Evening Peak (4-7Pm),16:00:00,16:01:00,3,77,9,1,No,No,Full (80-100%),Clear,None,139.00,
TRP00983,26/06/2025,Thursday,No,Evening Peak (4-7Pm),16:08:00,16:12:00,3,75,2,4,No,No,Low (<50%),Clear,None,133.00,2.7
TRP02553,01/02/2025,Saturday,Yes,Morning Peak (7-9Am),08:48:00,09:13:00,5,38,11,25,No,No,Moderate (50-80%),Clear,Vehicle Breakdown,88.00,1.8
TRP01714,13/07/2025,Sunday,Yes,Morning Peak (7-9Am),07:34:00,07:33:00,8,4,8,-1,Yes,No,Full (80-100%),Clear,Police Checkpoint,72.00,4.5
TRP02962,10/02/2025,Monday,No,Night (7-10Pm),19:06:00,19:16:00,4,67,11,10,No,No,Moderate (50-80%),,Vehicle Breakdown,,2.4
TRP01996,28/01/2025,Tuesday,No,Morning Peak (7-9Am),08:28:00,08:37:00,8,87,5,9,No,No,Moderate (50-80%),Overcast,None,77.00,
TRP01564,25/06/2025,Wednesday,No,Early Morning (5-7Am),05:41:00,06:09:00,6,118,2,28,No,No,Low (<50%),Light Rain,Vehicle Breakdown,118.00,3.0
TRP00411,10/05/2025,Saturday,Yes,Evening Peak (4-7Pm),16:35:00,16:39:00,10,73,2,4,No,No,Low (<50%),Light Rain,None,107.00,4.2
TRP02093,15/07/2025,Tuesday,No,Evening Peak (4-7Pm),17:36:00,18:01:00,10,60,2,25,No,No,Low (<50%),Clear,Road Accident Nearby,94.00,1.7
TRP00299,05/04/2025,Saturday,Yes,Midday (9Am-4Pm),13:35:00,13:35:00,5,106,7,0,Yes,No,Moderate (50-80%),,None,85.00,2.8
TRP03273,14/02/2025,Friday,No,Night (7-10Pm),21:47:00,21:50:00,8,7,4,3,No,No,Full (80-100%),Clear,None,60.00,3.5
TRP01287,15/02/2025,Saturday,Yes,Evening Peak (4-7Pm),16:23:00,16:26:00,12,56,9,3,No,No,Moderate (50-80%),Clear,Police Checkpoint,180.00,4.1
TRP01235,25/02/2025,Tuesday,No,Evening Peak (4-7Pm),18:22:00,18:30:00,10,89,6,8,No,No,,Clear,Road Accident Nearby,89.00,3.0
TRP01858,27/04/2025,Sunday,Yes,Midday (9Am-4Pm),13:22:00,13:37:00,10,90,2,15,No,No,Overloaded (>100%),Light Rain,Road Accident Nearby,78.00,3.2
TRP00770,22/08/2025,Friday,No,Night (7-10Pm),20:21:00,20:29:00,7,116,1,8,No,No,Moderate (50-80%),Light Rain,None,164.00,2.7
TRP01349,23/03/2025,Sunday,Yes,Early Morning (5-7Am),05:59:00,06:15:00,4,30,2,16,No,No,Moderate (50-80%),Light Rain,Road Accident Nearby,93.00,2.6
TRP02476,10/06/2025,Tuesday,No,Morning Peak (7-9Am),08:26:00,08:31:00,5,57,10,5,No,No,Full (80-100%),Light Rain,None,124.00,3.3
TRP02781,19/08/2025,Tuesday,No,Morning Peak (7-9Am),07:09:00,07:17:00,4,61,9,8,No,No,Moderate (50-80%),Light Rain,Police Checkpoint,104.00,
TRP00630,23/02/2025,Sunday,Yes,Morning Peak (7-9Am),08:02:00,08:01:00,11,28,3,-1,Yes,No,Moderate (50-80%),Clear,Police Checkpoint,173.00,4.6
TRP03258,12/02/2025,Wednesday,No,Morning Peak (7-9Am),07:01:00,07:10:00,6,95,7,9,No,No,Moderate (50-80%),Light Rain,None,128.00,1.8
TRP02385,15/05/2025,Thursday,No,Morning Peak (7-9Am),08:32:00,08:41:00,9,109,11,9,No,No,Moderate (50-80%),Clear,Overloading Delay,104.00,2.1
TRP02032,20/06/2025,Friday,No,Morning Peak (7-9Am),08:30:00,08:46:00,7,10,8,16,No,No,Overloaded (>100%),Light Rain,Overloading Delay,269.00,2.5
TRP00645,29/01/2025,Wednesday,No,Evening Peak (4-7Pm),18:24:00,18:24:00,2,63,7,0,Yes,No,Full (80-100%),Clear,None,127.00,4.4
TRP02029,21/03/2025,Friday,No,Morning Peak (7-9Am),08:31:00,08:36:00,2,47,10,5,No,No,Full (80-100%),Light Rain,Road Construction,108.00,2.9
TRP00465,14/02/2025,Friday,No,Night (7-10Pm),21:41:00,21:43:00,1,10,8,2,No,No,Low (<50%),Clear,None,100.00,4.4
TRP02140,08/07/2025,Tuesday,No,Early Morning (5-7Am),06:13:00,06:23:00,3,82,10,10,No,No,Moderate (50-80%),Clear,Traffic Jam,120.00,1.7
TRP01826,26/05/2025,Monday,No,Night (7-10Pm),20:49:00,21:01:00,7,67,2,12,No,No,Moderate (50-80%),Clear,Traffic Jam,150.00,2.5
TRP02731,27/01/2025,Monday,No,Midday (9Am-4Pm),13:36:00,13:41:00,7,61,10,5,No,No,Full (80-100%),Clear,Road Construction,150.00,1.9
TRP02132,06/06/2025,Friday,No,Evening Peak (4-7Pm),18:12:00,18:21:00,3,29,2,9,No,No,Full (80-100%),Clear,Police Checkpoint,156.00,3.7
TRP01275,18/03/2025,Tuesday,No,Midday (9Am-4Pm),09:14:00,09:21:00,7,39,1,7,No,No,Low (<50%),Clear,Overloading Delay,150.00,3.3
TRP03047,26/03/2025,Wednesday,No,Morning Peak (7-9Am),07:23:00,07:28:00,1,9,1,5,No,No,Full (80-100%),Clear,Police Checkpoint,111.00,
TRP00969,26/06/2025,Thursday,No,Midday (9Am-4Pm),12:30:00,12:31:00,10,89,4,1,No,No,Moderate (50-80%),Clear,Police Checkpoint,70.00,4.7
TRP00130,04/06/2025,Wednesday,No,Evening Peak (4-7Pm),16:23:00,16:32:00,12,70,3,9,No,No,Full (80-100%),Clear,None,221.00,5.2
TRP00431,29/05/2025,Thursday,No,Morning Peak (7-9Am),08:09:00,08:16:00,2,113,4,7,No,No,Moderate (50-80%),Clear,Road Construction,110.00,1.6
TRP02189,18/05/2025,Sunday,Yes,Early Morning (5-7Am),05:26:00,05:23:00,8,1,8,-3,Yes,No,Moderate (50-80%),Clear,None,60.00,4.7
TRP03436,24/03/2025,Monday,No,Midday (9Am-4Pm),10:35:00,10:33:00,5,116,3,-2,Yes,No,,Overcast,None,70.00,2.7
TRP03182,09/08/2025,Saturday,Yes,Midday (9Am-4Pm),15:47:00,15:45:00,11,23,1,-2,Yes,No,Low (<50%),Heavy Rain,None,131.00,2.1
TRP00808,02/07/2025,Wednesday,No,Morning Peak (7-9Am),07:09:00,07:32:00,4,104,9,23,No,No,Full (80-100%),Light Rain,Road Accident Nearby,99.00,5.0
TRP01116,22/02/2025,Saturday,Yes,Night (7-10Pm),19:58:00,19:57:00,12,46,4,-1,Yes,No,Full (80-100%),Clear,None,160.00,4.3
TRP00991,26/08/2025,Tuesday,No,Evening Peak (4-7Pm),18:04:00,18:19:00,5,96,7,15,No,No,Low (<50%),Clear,Traffic Jam,84.00,4.3
TRP02780,23/07/2025,Wednesday,No,Morning Peak (7-9Am),07:19:00,07:30:00,9,79,9,11,No,No,Full (80-100%),Light Rain,Police Checkpoint,111.00,1.3
TRP01434,17/08/2025,Sunday,Yes,Midday (9Am-4Pm),13:37:00,13:39:00,8,33,10,2,No,No,Overloaded (>100%),,None,60.00,3.3
TRP01879,30/05/2025,Friday,No,Evening Peak (4-7Pm),16:16:00,16:24:00,1,73,11,8,No,No,Overloaded (>100%),Clear,Traffic Jam,133.00,2.7
TRP01816,16/02/2025,Sunday,Yes,Midday (9Am-4Pm),11:35:00,11:40:00,6,104,6,5,No,No,Low (<50%),Clear,Police Checkpoint,100.00,3.6
TRP02378,25/06/2025,Wednesday,No,Midday (9Am-4Pm),11:37:00,11:43:00,12,85,6,6,No,No,Full (80-100%),Light Rain,Road Construction,177.00,2.8
TRP02739,24/08/2025,Sunday,Yes,Evening Peak (4-7Pm),17:32:00,17:38:00,7,71,4,6,No,No,,Overcast,None,205.00,1.9
TRP02275,15/06/2025,Sunday,Yes,Midday (9Am-4Pm),09:46:00,09:43:00,9,38,5,-3,Yes,No,Full (80-100%),Clear,None,80.00,5.0
TRP00420,05/04/2025,Saturday,Yes,Evening Peak (4-7Pm),18:16:00,18:27:00,10,23,2,11,No,No,Full (80-100%),Clear,Vehicle Breakdown,94.00,2.5
TRP02699,01/04/2025,Tuesday,No,Morning Peak (7-9Am),07:35:00,07:38:00,8,93,4,3,No,No,Overloaded (>100%),Clear,None,86.00,2.2
TRP01152,10/02/2025,Monday,No,Night (7-10Pm),21:42:00,21:38:00,10,87,11,-4,Yes,No,Full (80-100%),Clear,None,70.00,
TRP02016,24/03/2025,Monday,No,Morning Peak (7-9Am),07:47:00,07:43:00,4,111,1,-4,Yes,No,Full (80-100%),Clear,None,125.00,4.0
TRP02640,30/04/2025,Wednesday,No,Midday (9Am-4Pm),14:48:00,14:50:00,11,14,3,2,No,No,Moderate (50-80%),Clear,None,110.00,2.9
TRP02035,08/02/2025,Saturday,Yes,Midday (9Am-4Pm),13:23:00,13:17:00,9,51,11,-6,Yes,No,Low (<50%),Clear,None,80.00,2.6
TRP00795,12/04/2025,Saturday,Yes,Midday (9Am-4Pm),10:32:00,10:33:00,6,11,8,1,No,No,Full (80-100%),Clear,Police Checkpoint,100.00,4.5
TRP00997,22/07/2025,Tuesday,No,Evening Peak (4-7Pm),16:09:00,16:24:00,2,57,11,15,No,No,Moderate (50-80%),Light Rain,Road Construction,130.00,2.4
TRP00342,17/07/2025,Thursday,No,Evening Peak (4-7Pm),17:36:00,17:40:00,10,77,3,4,No,No,Moderate (50-80%),Clear,None,79.00,
TRP00826,03/01/2025,Friday,No,Night (7-10Pm),21:53:00,21:55:00,12,2,4,2,No,No,Full (80-100%),Clear,Police Checkpoint,160.00,4.2
TRP02481,01/08/2025,Friday,No,Morning Peak (7-9Am),07:58:00,07:58:00,5,50,2,0,Yes,No,Moderate (50-80%),Clear,None,106.00,4.2
TRP01469,01/03/2025,Saturday,Yes,Morning Peak (7-9Am),07:28:00,07:32:00,2,82,8,4,No,Yes,Moderate (50-80%),Clear,None,107.00,2.1
TRP03075,01/08/2025,Friday,No,Early Morning (5-7Am),05:25:00,05:39:00,1,30,3,14,No,No,Full (80-100%),Overcast,Road Accident Nearby,100.00,2.3
TRP00121,14/07/2025,Monday,No,Midday (9Am-4Pm),09:39:00,09:49:00,1,120,9,10,No,No,Low (<50%),Clear,Traffic Jam,100.00,
TRP03103,28/06/2025,Saturday,Yes,Morning Peak (7-9Am),08:27:00,08:34:00,12,22,11,7,No,No,Full (80-100%),Clear,Overloading Delay,210.00,2.4
TRP01198,02/01/2025,Thursday,No,Early Morning (5-7Am),05:34:00,05:56:00,2,42,2,22,No,No,Overloaded (>100%),Heavy Rain,Traffic Jam,113.00,2.4
TRP00819,12/08/2025,Tuesday,No,Morning Peak (7-9Am),08:46:00,08:56:00,3,22,,10,No,No,Full (80-100%),Clear,Overloading Delay,187.00,1.8
TRP03097,17/07/2025,Thursday,No,Early Morning (5-7Am),06:04:00,06:03:00,8,92,2,-1,Yes,No,Low (<50%),Overcast,None,60.00,7.2
TRP02590,30/07/2025,Wednesday,No,Evening Peak (4-7Pm),17:00:00,17:17:00,8,11,6,17,No,No,Overloaded (>100%),Clear,Traffic Jam,86.00,
TRP03108,30/03/2025,Sunday,Yes,Night (7-10Pm),19:43:00,19:37:00,10,15,7,-6,Yes,No,Low (<50%),Clear,None,70.00,4.1
TRP00029,23/01/2025,Thursday,No,Morning Peak (7-9Am),08:10:00,08:20:00,12,93,6,10,No,No,,,Traffic Jam,239.00,2.5
TRP02301,20/03/2025,Thursday,No,Early Morning (5-7Am),05:37:00,05:39:00,2,31,1,2,No,No,Low (<50%),Clear,Traffic Jam,90.00,3.2
TRP02821,15/05/2025,Thursday,No,Evening Peak (4-7Pm),16:41:00,16:49:00,1,112,5,8,No,No,Overloaded (>100%),,None,130.00,2.7
TRP00925,26/05/2025,Monday,No,Midday (9Am-4Pm),13:40:00,13:42:00,1,26,8,2,No,No,Low (<50%),Clear,None,100.00,2.9
TRP01640,13/08/2025,Wednesday,No,Early Morning (5-7Am),06:06:00,06:13:00,10,29,10,7,No,No,Low (<50%),Overcast,Road Construction,70.00,3.2
TRP01206,28/01/2025,Tuesday,No,Morning Peak (7-9Am),08:32:00,08:37:00,1,49,4,5,No,No,Moderate (50-80%),Clear,None,138.00,1.0
TRP01876,04/07/2025,Friday,No,Morning Peak (7-9Am),07:24:00,07:38:00,5,65,1,14,No,No,Moderate (50-80%),Clear,Overloading Delay,81.00,3.7
TRP00635,13/04/2025,Sunday,Yes,Evening Peak (4-7Pm),18:05:00,18:14:00,8,85,11,9,No,No,Overloaded (>100%),Clear,Traffic Jam,78.00,
TRP01841,02/05/2025,Friday,No,Evening Peak (4-7Pm),18:58:00,19:09:00,5,15,10,11,No,No,Low (<50%),Clear,None,93.00,4.1
TRP02664,18/02/2025,Tuesday,No,Evening Peak (4-7Pm),17:00:00,17:25:00,12,2,6,25,No,No,Overloaded (>100%),Heavy Rain,None,216.00,3.5
TRP01245,18/08/2025,Monday,No,Evening Peak (4-7Pm),17:16:00,17:28:00,11,72,3,12,No,No,Low (<50%),Light Rain,Police Checkpoint,162.00,4.1
TRP03454,05/06/2025,Thursday,No,Evening Peak (4-7Pm),17:46:00,17:50:00,11,69,11,4,No,No,Overloaded (>100%),Clear,None,142.00,3.2
TRP01867,25/04/2025,Friday,No,Early Morning (5-7Am),06:02:00,06:22:00,9,68,5,20,No,No,Moderate (50-80%),Overcast,Vehicle Breakdown,80.00,2.7
TRP01342,27/04/2025,Sunday,Yes,Night (7-10Pm),19:58:00,20:20:00,4,24,4,22,No,No,Low (<50%),Clear,Vehicle Breakdown,80.00,3.7
TRP01071,01/05/2025,Thursday,No,Early Morning (5-7Am),05:31:00,05:35:00,4,53,1,4,No,No,Full (80-100%),Overcast,Overloading Delay,80.00,2.6
TRP00388,27/06/2025,Friday,No,Evening Peak (4-7Pm),18:00:00,18:29:00,11,38,10,29,No,No,Full (80-100%),Overcast,Vehicle Breakdown,127.00,2.8
TRP01671,22/03/2025,Saturday,Yes,Midday (9Am-4Pm),14:22:00,14:35:00,9,22,11,13,No,No,Low (<50%),Light Rain,Road Construction,93.00,2.9
TRP02279,04/03/2025,Tuesday,No,Midday (9Am-4Pm),14:01:00,14:07:00,4,77,7,6,No,No,Full (80-100%),,Road Construction,80.00,2.1
TRP01669,22/03/2025,Saturday,Yes,Morning Peak (7-9Am),07:42:00,07:53:00,2,44,9,11,No,No,Overloaded (>100%),Clear,Road Accident Nearby,141.00,3.8
TRP02261,18/01/2025,Saturday,Yes,Morning Peak (7-9Am),07:10:00,07:17:00,7,120,2,7,No,No,Low (<50%),Clear,Overloading Delay,216.00,3.7
TRP02541,04/02/2025,Tuesday,No,Evening Peak (4-7Pm),17:13:00,17:31:00,9,7,4,18,No,No,Low (<50%),,Road Accident Nearby,109.00,2.8
TRP00372,29/04/2025,Tuesday,No,Evening Peak (4-7Pm),17:49:00,17:57:00,9,52,8,8,No,No,Full (80-100%),Clear,None,101.00,2.4
TRP02256,24/05/2025,Saturday,Yes,Early Morning (5-7Am),06:27:00,06:40:00,8,95,5,13,No,No,Full (80-100%),Clear,,60.00,1.7
TRP01599,25/03/2025,Tuesday,No,Morning Peak (7-9Am),08:24:00,08:46:00,9,8,10,22,No,No,Full (80-100%),Heavy Rain,Traffic Jam,160.00,1.5
TRP00070,26/08/2025,Tuesday,No,Morning Peak (7-9Am),07:59:00,08:17:00,3,55,1,18,No,No,Moderate (50-80%),Clear,Police Checkpoint,139.00,3.5
TRP02465,24/03/2025,Monday,No,Early Morning (5-7Am),05:41:00,05:56:00,3,115,5,15,No,No,Moderate (50-80%),Light Rain,Road Accident Nearby,132.00,2.7
TRP00534,25/07/2025,Friday,No,Morning Peak (7-9Am),08:10:00,08:18:00,3,21,8,8,No,No,Moderate (50-80%),Clear,Road Construction,163.00,1.6
TRP00940,01/03/2025,Saturday,Yes,Midday (9Am-4Pm),13:36:00,13:31:00,2,111,4,-5,Yes,No,Moderate (50-80%),Clear,None,90.00,3.2
TRP02774,28/03/2025,Friday,No,Morning Peak (7-9Am),08:26:00,08:24:00,10,26,8,-2,Yes,No,Overloaded (>100%),Clear,None,103.00,3.6
TRP01927,02/04/2025,Wednesday,No,Evening Peak (4-7Pm),18:13:00,18:17:00,11,117,11,4,No,No,Overloaded (>100%),Clear,None,152.00,1.9
TRP02860,01/02/2025,Saturday,Yes,Midday (9Am-4Pm),10:39:00,10:45:00,10,6,9,6,No,No,Full (80-100%),,Overloading Delay,77.00,5.4
TRP01216,13/01/2025,Monday,No,Midday (9Am-4Pm),15:13:00,15:09:00,9,14,11,-4,Yes,No,Low (<50%),Clear,None,80.00,4.3
TRP03294,02/08/2025,Saturday,Yes,Evening Peak (4-7Pm),16:38:00,16:36:00,2,101,4,-2,Yes,No,Moderate (50-80%),Clear,None,136.00,
TRP01265,21/03/2025,Friday,No,Evening Peak (4-7Pm),17:27:00,17:33:00,4,48,6,6,No,No,Low (<50%),Light Rain,None,97.00,2.1
TRP02758,28/08/2025,Thursday,No,Morning Peak (7-9Am),08:13:00,08:23:00,2,35,2,10,No,No,Full (80-100%),Light Rain,Road Construction,157.00,2.8
TRP02998,22/02/2025,Saturday,Yes,Midday (9Am-4Pm),11:04:00,10:58:00,10,67,5,-6,Yes,No,Low (<50%),Clear,None,70.00,1.9
TRP02020,28/07/2025,Monday,No,Evening Peak (4-7Pm),16:06:00,16:18:00,8,82,7,12,No,No,Low (<50%),Clear,Overloading Delay,79.00,
TRP02504,10/08/2025,Sunday,Yes,Midday (9Am-4Pm),10:33:00,10:50:00,5,68,1,17,No,No,Moderate (50-80%),Light Rain,Road Accident Nearby,84.00,1.9
TRP01254,13/05/2025,Tuesday,No,Morning Peak (7-9Am),08:16:00,08:27:00,6,79,2,11,No,No,,Light Rain,,168.00,3.2
TRP03156,02/05/2025,Friday,No,Early Morning (5-7Am),05:33:00,05:38:00,12,67,1,5,No,No,Moderate (50-80%),Light Rain,None,189.00,3.3
TRP02877,03/09/2025,Sunday,Yes,Midday (9Am-4Pm),12:05:00,12:10:00,3,33,5,5,No,No,Moderate (50-80%),Light Rain,Overloading Delay,132.00,3.4
TRP00845,22/07/2025,Tuesday,No,Midday (9Am-4Pm),09:27:00,09:32:00,11,58,6,5,No,No,Moderate (50-80%),Clear,None,110.00,1.2
TRP02475,22/07/2025,Tuesday,No,Evening Peak (4-7Pm),16:23:00,16:27:00,3,14,10,4,No,No,Moderate (50-80%),Clear,None,183.00,3.2
TRP02531,11/05/2025,Sunday,Yes,Morning Peak (7-9Am),08:42:00,08:36:00,10,21,8,-6,Yes,No,Moderate (50-80%),Clear,None,107.00,3.9
TRP01845,23/08/2025,Saturday,Yes,Night (7-10Pm),19:05:00,19:01:00,4,113,11,-4,Yes,No,Full (80-100%),Clear,None,80.00,3.2
TRP03019,28/04/2025,Monday,No,Evening Peak (4-7Pm),18:04:00,18:24:00,7,106,3,20,No,No,Moderate (50-80%),Heavy Rain,None,287.00,4.2
TRP02749,20/06/2025,Friday,No,Evening Peak (4-7Pm),18:56:00,19:02:00,4,16,1,6,No,No,Moderate (50-80%),Clear,Road Construction,116.00,2.2
TRP03050,24/03/2025,Monday,No,Evening Peak (4-7Pm),16:57:00,17:06:00,1,80,6,9,No,No,Low (<50%),Overcast,Road Construction,150.00,2.2
TRP03304,30/06/2025,Monday,No,Morning Peak (7-9Am),08:13:00,08:41:00,11,16,2,28,No,No,,Light Rain,Vehicle Breakdown,172.00,3.3
TRP03125,17/06/2025,Tuesday,No,Evening Peak (4-7Pm),16:38:00,16:43:00,11,116,6,5,No,No,Full (80-100%),Overcast,Road Construction,165.00,2.7
TRP01935,20/08/2025,Wednesday,No,Midday (9Am-4Pm),12:16:00,12:53:00,11,98,5,37,No,No,Low (<50%),Heavy Rain,Vehicle Breakdown,123.00,1.4
TRP00872,13/06/2025,Friday,No,Evening Peak (4-7Pm),18:23:00,18:35:00,12,64,7,12,No,No,Low (<50%),Clear,Road Construction,199.00,2.6
TRP02919,21/08/2025,Thursday,No,Midday (9Am-4Pm),13:30:00,13:33:00,9,6,9,3,No,No,Full (80-100%),Clear,None,80.00,3.5
TRP01175,27/08/2025,Wednesday,No,Morning Peak (7-9Am),08:28:00,08:33:00,8,61,7,5,No,No,Full (80-100%),Clear,Overloading Delay,94.00,3.8
TRP02459,07/05/2025,Wednesday,No,Midday (9Am-4Pm),11:23:00,11:22:00,9,44,8,-1,Yes,No,Moderate (50-80%),Clear,None,80.00,3.3
TRP02269,26/08/2025,Tuesday,No,Early Morning (5-7Am),06:20:00,06:21:00,7,10,10,1,No,No,Moderate (50-80%),Clear,Overloading Delay,150.00,3.6
TRP00526,28/05/2025,Wednesday,No,Early Morning (5-7Am),06:08:00,06:12:00,9,105,10,4,No,No,Moderate (50-80%),Heavy Rain,None,93.00,
TRP01373,26/01/2025,Sunday,Yes,Midday (9Am-4Pm),13:03:00,13:13:00,11,5,7,10,No,No,Moderate (50-80%),,Traffic Jam,110.00,2.1
TRP02289,13/03/2025,Thursday,No,Midday (9Am-4Pm),15:17:00,15:19:00,4,119,10,2,No,No,Full (80-100%),Clear,None,80.00,2.7
TRP02766,01/04/2025,Tuesday,No,Evening Peak (4-7Pm),17:15:00,17:11:00,8,39,3,-4,Yes,No,Moderate (50-80%),Clear,None,91.00,2.8
TRP01837,14/07/2025,Monday,No,Night (7-10Pm),19:22:00,19:38:00,12,83,6,16,No,No,Full (80-100%),Light Rain,Vehicle Breakdown,203.00,2.8
TRP00576,18/05/2025,Sunday,Yes,Early Morning (5-7Am),05:03:00,05:10:00,5,62,4,7,No,No,Low (<50%),,Traffic Jam,70.00,2.9
TRP01138,05/03/2025,Wednesday,No,Midday (9Am-4Pm),10:45:00,10:41:00,10,105,3,-4,Yes,No,Full (80-100%),Clear,None,70.00,2.2
TRP02139,19/05/2025,Monday,No,Evening Peak (4-7Pm),16:11:00,16:06:00,11,4,4,-5,Yes,No,Moderate (50-80%),,Overloading Delay,158.00,4.4
TRP01344,16/02/2025,Sunday,Yes,Night (7-10Pm),20:00:00,20:07:00,11,79,5,7,No,No,Low (<50%),Light Rain,Traffic Jam,140.00,3.8
TRP00073,09/01/2025,Thursday,No,Evening Peak (4-7Pm),16:47:00,16:44:00,9,70,5,-3,Yes,No,Moderate (50-80%),Clear,None,88.00,2.7
TRP00584,22/01/2025,Wednesday,No,Midday (9Am-4Pm),09:40:00,09:37:00,7,27,9,-3,Yes,No,Low (<50%),Clear,None,150.00,2.5
TRP02146,12/08/2025,Tuesday,No,Evening Peak (4-7Pm),16:32:00,16:42:00,11,71,1,10,No,No,Moderate (50-80%),,Traffic Jam,162.00,1.1
TRP00100,16/05/2025,Friday,No,Midday (9Am-4Pm),13:54:00,13:51:00,4,73,10,-3,Yes,No,Moderate (50-80%),Light Rain,None,95.00,
TRP01510,23/02/2025,Sunday,Yes,Morning Peak (7-9Am),07:33:00,07:38:00,3,37,7,5,No,No,Low (<50%),Overcast,None,139.00,1.6
TRP01243,21/04/2025,Monday,No,Midday (9Am-4Pm),09:13:00,09:11:00,1,86,5,-2,Yes,No,Overloaded (>100%),,None,100.00,2.7
TRP03077,15/04/2025,Tuesday,No,Midday (9Am-4Pm),12:13:00,12:20:00,3,90,2,7,No,No,Low (<50%),Clear,Police Checkpoint,120.00,1.5
TRP02291,11/03/2025,Tuesday,No,Evening Peak (4-7Pm),18:56:00,19:17:00,9,48,1,21,No,No,Full (80-100%),,Road Construction,115.00,2.6
TRP02068,03/01/2025,Friday,No,Evening Peak (4-7Pm),18:11:00,18:17:00,5,52,4,6,No,No,Moderate (50-80%),Light Rain,None,111.00,2.4
TRP01642,27/06/2025,Friday,No,Morning Peak (7-9Am),07:45:00,07:48:00,10,70,10,3,No,No,Low (<50%),Overcast,None,92.00,4.0
TRP00839,24/02/2025,Monday,No,Midday (9Am-4Pm),14:33:00,14:44:00,8,74,3,11,No,No,Low (<50%),Clear,Vehicle Breakdown,60.00,2.5
TRP01413,06/03/2025,Thursday,No,Evening Peak (4-7Pm),16:02:00,16:26:00,2,25,3,24,No,No,Overloaded (>100%),Light Rain,Vehicle Breakdown,150.00,3.2
TRP00191,09/02/2025,Sunday,Yes,Early Morning (5-7Am),05:35:00,05:33:00,4,26,3,-2,Yes,No,Low (<50%),Light Rain,None,99.00,
TRP00053,07/08/2025,Thursday,No,Evening Peak (4-7Pm),16:45:00,16:56:00,12,15,9,11,No,No,Overloaded (>100%),Heavy Rain,None,228.00,1.4
TRP02300,18/03/2025,Tuesday,No,Morning Peak (7-9Am),07:34:00,08:11:00,7,21,2,37,No,No,Full (80-100%),Clear,Vehicle Breakdown,203.00,4.1
TRP03176,13/02/2025,Thursday,No,Midday (9Am-4Pm),12:21:00,12:28:00,1,9,5,7,No,No,Full (80-100%),Overcast,Road Construction,100.00,
TRP02673,07/05/2025,Wednesday,No,Evening Peak (4-7Pm),16:30:00,16:57:00,8,28,9,27,No,No,Moderate (50-80%),Clear,Vehicle Breakdown,78.00,2.8
TRP00212,29/04/2025,Tuesday,No,Evening Peak (4-7Pm),16:41:00,16:52:00,8,100,5,11,No,No,Moderate (50-80%),Light Rain,None,88.00,
TRP01318,29/04/2025,Tuesday,No,Morning Peak (7-9Am),08:58:00,09:09:00,12,107,3,11,No,No,Overloaded (>100%),Overcast,Overloading Delay,252.00,
TRP01039,16/02/2025,Sunday,Yes,Night (7-10Pm),21:49:00,21:43:00,9,101,5,-6,Yes,No,Moderate (50-80%),,None,80.00,3.0
TRP02485,07/03/2025,Friday,No,Morning Peak (7-9Am),07:40:00,07:51:00,9,22,5,11,No,Yes,Moderate (50-80%),Clear,Traffic Jam,90.00,2.2
TRP02135,02/01/2025,Thursday,No,Evening Peak (4-7Pm),17:54:00,18:13:00,6,26,5,19,No,No,,Clear,Road Accident Nearby,112.00,2.9
TRP01703,13/08/2025,Wednesday,No,Evening Peak (4-7Pm),17:12:00,17:15:00,1,63,,3,No,No,Moderate (50-80%),Clear,None,145.00,5.0
TRP02718,11/04/2025,Friday,No,Evening Peak (4-7Pm),16:59:00,17:33:00,4,61,3,34,No,No,Low (<50%),,Road Accident Nearby,119.00,1.9
TRP03211,07/07/2025,Monday,No,Midday (9Am-4Pm),15:37:00,15:42:00,6,53,8,5,No,No,Full (80-100%),Overcast,Police Checkpoint,,1.9
TRP00750,09/04/2025,Wednesday,No,Evening Peak (4-7Pm),17:39:00,18:07:00,2,103,3,28,No,No,Full (80-100%),Light Rain,Road Accident Nearby,148.00,2.9
TRP02127,26/07/2025,Saturday,Yes,Early Morning (5-7Am),06:19:00,06:16:00,5,90,3,-3,Yes,No,Moderate (50-80%),,None,70.00,5.0
TRP03203,18/03/2025,Tuesday,No,Midday (9Am-4Pm),11:45:00,11:47:00,9,10,8,2,No,No,Moderate (50-80%),Clear,None,80.00,3.2
TRP01064,09/01/2025,Thursday,No,Evening Peak (4-7Pm),18:54:00,19:05:00,10,18,,11,No,No,Full (80-100%),Heavy Rain,None,91.00,1.7
TRP01385,05/01/2025,Sunday,Yes,Night (7-10Pm),19:28:00,19:33:00,10,90,11,5,No,No,Moderate (50-80%),Heavy Rain,Overloading Delay,85.00,3.9
TRP02488,10/05/2025,Saturday,Yes,Midday (9Am-4Pm),11:16:00,11:34:00,3,109,11,18,No,No,Low (<50%),Clear,Vehicle Breakdown,120.00,1.8
TRP01429,01/01/2025,Wednesday,No,Midday (9Am-4Pm),10:44:00,10:41:00,2,22,5,-3,Yes,No,Low (<50%),Overcast,None,90.00,3.6
TRP03423,25/05/2025,Sunday,Yes,Morning Peak (7-9Am),08:47:00,09:03:00,9,105,10,16,No,No,Full (80-100%),Light Rain,Road Accident Nearby,,2.6
TRP03110,26/01/2025,Sunday,Yes,Evening Peak (4-7Pm),18:19:00,18:38:00,1,37,4,19,No,No,Full (80-100%),Clear,Road Accident Nearby,120.00,
TRP01828,28/06/2025,Saturday,Yes,Midday (9Am-4Pm),13:55:00,13:51:00,8,34,4,-4,Yes,No,Moderate (50-80%),,None,60.00,3.9
TRP03192,17/02/2025,Monday,No,Morning Peak (7-9Am),07:18:00,07:33:00,9,34,2,15,No,No,Moderate (50-80%),Heavy Rain,None,106.00,
TRP00621,13/01/2025,Monday,No,Midday (9Am-4Pm),09:20:00,09:18:00,1,19,4,-2,Yes,Yes,Moderate (50-80%),Clear,None,100.00,1.8
TRP03226,05/01/2025,Sunday,Yes,Midday (9Am-4Pm),13:34:00,13:51:00,1,28,5,17,No,No,  Moderate (50-80%)  ,Overcast,Road Accident Nearby,100.00,
TRP02000,29/01/2025,Wednesday,No,Morning Peak (7-9Am),07:48:00,08:11:00,9,15,1,23,No,No,Low (<50%),Heavy Rain,Road Construction,117.00,3.0
TRP02155,26/02/2025,Wednesday,No,Early Morning (5-7Am),06:10:00,06:06:00,10,119,11,-4,Yes,No,Full (80-100%),Clear,None,70.00,3.5
TRP00901,29/01/2025,Wednesday,No,Midday (9Am-4Pm),09:45:00,09:48:00,6,6,10,3,No,No,Low (<50%),Clear,Overloading Delay,100.00,4.1
TRP00713,03/03/2025,Monday,No,Midday (9Am-4Pm),10:02:00,10:20:00,10,90,7,18,No,No,Moderate (50-80%),Heavy Rain,Police Checkpoint,81.00,3.1
TRP01501,05/04/2025,Saturday,Yes,Midday (9Am-4Pm),09:27:00,09:26:00,2,66,11,-1,Yes,No,Moderate (50-80%),Clear,Police Checkpoint,90.00,4.7
TRP01033,01/01/2025,Wednesday,No,Midday (9Am-4Pm),09:33:00,09:41:00,12,27,8,8,No,No,Low (<50%),Light Rain,Police Checkpoint,198.00,3.7
TRP01087,03/11/2025,Tuesday,No,Morning Peak (7-9Am),07:45:00,08:08:00,1,27,11,23,No,No,Moderate (50-80%),Light Rain,Traffic Jam,179.00,2.4
TRP01049,27/01/2025,Monday,No,Morning Peak (7-9Am),08:09:00,08:26:00,4,15,2,17,No,Yes,Moderate (50-80%),Light Rain,None,139.00,3.0
TRP02627,21/01/2025,Tuesday,No,Night (7-10Pm),20:02:00,20:08:00,10,62,4,6,No,No,Moderate (50-80%),Clear,None,70.00,2.6
TRP01918,26/07/2025,Saturday,Yes,Evening Peak (4-7Pm),17:00:00,17:11:00,7,25,6,11,No,No,  Moderate (50-80%)  ,Light Rain,Police Checkpoint,253.00,3.4
TRP00943,15/02/2025,Saturday,Yes,Midday (9Am-4Pm),13:00:00,12:54:00,10,24,,-6,Yes,No,Moderate (50-80%),Clear,None,70.00,3.0
TRP02246,04/01/2025,Saturday,Yes,Night (7-10Pm),21:59:00,22:02:00,1,88,10,3,No,No,Moderate (50-80%),Overcast,Police Checkpoint,100.00,3.7
TRP00515,07/04/2025,Monday,No,Early Morning (5-7Am),05:52:00,05:57:00,11,93,5,5,No,Yes,Low (<50%),Light Rain,None,125.00,3.4
TRP00674,15/02/2025,Saturday,Yes,Early Morning (5-7Am),05:26:00,05:38:00,4,42,6,12,No,No,Full (80-100%),Clear,Vehicle Breakdown,80.00,1.8
TRP01853,21/04/2025,Monday,No,Morning Peak (7-9Am),08:49:00,09:06:00,9,87,2,17,No,No,Full (80-100%),Light Rain,None,120.00,2.4
TRP02232,27/07/2025,Sunday,Yes,Midday (9Am-4Pm),12:10:00,12:16:00,5,73,3,6,No,No,Low (<50%),,Traffic Jam,70.00,1.7
TRP01449,08/02/2025,Saturday,Yes,Evening Peak (4-7Pm),17:24:00,17:49:00,7,98,3,25,No,No,Overloaded (>100%),Heavy Rain,Vehicle Breakdown,281.00,
TRP00183,05/08/2025,Tuesday,No,Morning Peak (7-9Am),08:12:00,08:35:00,3,94,2,23,No,No,Moderate (50-80%),Clear,Vehicle Breakdown,177.00,3.1
TRP03477,10/02/2025,Monday,No,Midday (9Am-4Pm),11:22:00,11:29:00,6,74,3,7,No,No,Low (<50%),Heavy Rain,None,110.00,2.9
TRP01213,26/03/2025,Wednesday,No,Early Morning (5-7Am),06:38:00,06:37:00,5,63,2,-1,Yes,No,Low (<50%),Clear,None,70.00,4.4
TRP00463,23/06/2025,Monday,No,Evening Peak (4-7Pm),18:47:00,18:54:00,8,82,11,7,No,No,Overloaded (>100%),Overcast,Traffic Jam,79.00,3.0
TRP03193,04/04/2025,Friday,No,Morning Peak (7-9Am),08:56:00,09:07:00,10,99,7,11,No,No,Full (80-100%),Clear,Overloading Delay,103.00,4.3
TRP03114,20/03/2025,Thursday,No,Morning Peak (7-9Am),08:31:00,08:40:00,2,60,1,9,No,No,,Light Rain,Overloading Delay,152.00,2.3
TRP01293,22/01/2025,Wednesday,No,Midday (9Am-4Pm),09:59:00,10:05:00,7,113,2,6,No,No,Low (<50%),Clear,Overloading Delay,150.00,3.6
TRP01613,12/07/2025,Saturday,Yes,Midday (9Am-4Pm),13:51:00,13:45:00,1,95,7,-6,Yes,No,Low (<50%),Clear,None,100.00,1.4
TRP00951,05/03/2025,Wednesday,No,Early Morning (5-7Am),06:31:00,06:58:00,12,41,4,27,No,No,Full (80-100%),Heavy Rain,Vehicle Breakdown,,3.6
TRP02785,10/03/2025,Monday,No,Early Morning (5-7Am),06:00:00,06:07:00,12,77,11,7,No,No,Moderate (50-80%),Clear,Road Construction,160.00,2.8
TRP00891,03/03/2025,Monday,No,Midday (9Am-4Pm),12:08:00,12:10:00,1,60,7,2,No,No,Full (80-100%),Clear,None,100.00,4.4
TRP02603,26/04/2025,Saturday,Yes,Evening Peak (4-7Pm),18:40:00,18:49:00,7,4,11,9,No,No,Full (80-100%),Clear,Road Accident Nearby,167.00,2.6
TRP01864,09/05/2025,Friday,No,Early Morning (5-7Am),06:08:00,06:17:00,4,8,7,9,No,Yes,Moderate (50-80%),Heavy Rain,None,94.00,2.4
TRP01229,29/03/2025,Saturday,Yes,Midday (9Am-4Pm),11:39:00,11:42:00,5,111,9,3,No,No,Low (<50%),,Traffic Jam,70.00,4.4
TRP01645,28/07/2025,Monday,No,Morning Peak (7-9Am),08:10:00,08:05:00,7,3,7,-5,Yes,No,Moderate (50-80%),Clear,None,172.00,3.0
TRP00231,29/04/2025,Tuesday,No,Evening Peak (4-7Pm),16:00:00,16:11:00,12,1,4,11,No,No,Moderate (50-80%),Clear,Road Accident Nearby,178.00,4.2
TRP01474,08/08/2025,Friday,No,Early Morning (5-7Am),05:04:00,05:07:00,11,11,5,3,No,No,Full (80-100%),Clear,Police Checkpoint,110.00,1.8
TRP02017,15/04/2025,Tuesday,No,Morning Peak (7-9Am),08:04:00,08:12:00,6,87,9,8,No,No,Moderate (50-80%),Clear,Road Construction,135.00,4.0
TRP02231,09/05/2025,Friday,No,Night (7-10Pm),21:49:00,21:48:00,8,92,6,-1,Yes,No,Overloaded (>100%),Clear,None,60.00,4.3
TRP02757,05/03/2025,Wednesday,No,Evening Peak (4-7Pm),16:24:00,16:40:00,5,109,9,16,No,No,Low (<50%),Heavy Rain,None,104.00,
TRP00968,01/04/2025,Tuesday,No,Morning Peak (7-9Am),07:33:00,07:38:00,4,2,2,5,No,No,Full (80-100%),Overcast,None,101.00,2.2
TRP02065,22/04/2025,Tuesday,No,Morning Peak (7-9Am),08:47:00,08:54:00,1,14,9,7,No,No,Full (80-100%),Clear,None,146.00,2.6
TRP01149,19/05/2025,Monday,No,Morning Peak (7-9Am),08:10:00,08:22:00,1,75,9,12,No,No,Overloaded (>100%),Clear,Road Accident Nearby,,2.2
TRP00753,24/02/2025,Monday,No,Morning Peak (7-9Am),07:36:00,07:40:00,12,86,5,4,No,No,Low (<50%),Clear,None,250.00,4.2
TRP00619,13/08/2025,Wednesday,No,Morning Peak (7-9Am),07:22:00,07:28:00,11,93,8,6,No,No,Moderate (50-80%),Clear,None,139.00,2.4
TRP01460,31/07/2025,Thursday,No,Morning Peak (7-9Am),07:38:00,07:52:00,8,84,,14,No,No,Low (<50%),Light Rain,Road Construction,103.00,2.7
TRP01127,04/01/2025,Saturday,Yes,Morning Peak (7-9Am),07:22:00,07:31:00,12,28,5,9,No,No,Full (80-100%),Light Rain,None,250.00,2.0
TRP00306,19/04/2025,Saturday,Yes,Night (7-10Pm),21:16:00,21:15:00,1,85,10,-1,Yes,No,Low (<50%),Clear,Overloading Delay,100.00,3.5
TRP02648,30/05/2025,Friday,No,Early Morning (5-7Am),06:45:00,06:41:00,9,74,11,-4,Yes,No,  Moderate (50-80%)  ,,None,80.00,4.6
TRP03000,05/05/2025,Monday,No,Midday (9Am-4Pm),09:19:00,09:29:00,8,9,10,10,No,No,Low (<50%),Clear,Traffic Jam,60.00,3.2
TRP01274,26/07/2025,Saturday,Yes,Midday (9Am-4Pm),09:10:00,09:15:00,1,96,2,5,No,No,Full (80-100%),Clear,Overloading Delay,100.00,4.2
TRP00866,01/07/2025,Tuesday,No,Evening Peak (4-7Pm),18:15:00,18:17:00,6,3,3,2,No,No,Moderate (50-80%),Clear,None,149.00,5.0
TRP03471,24/01/2025,Friday,No,Evening Peak (4-7Pm),18:46:00,19:14:00,3,75,6,28,No,No,Moderate (50-80%),Clear,Vehicle Breakdown,172.00,2.7
TRP00240,19/04/2025,Saturday,Yes,Midday (9Am-4Pm),14:43:00,14:42:00,7,70,9,-1,Yes,No,,Clear,Overloading Delay,150.00,4.5
TRP02058,18/07/2025,Friday,No,Night (7-10Pm),20:24:00,20:45:00,12,20,4,21,No,No,Moderate (50-80%),Clear,Vehicle Breakdown,160.00,3.2
TRP03099,06/05/2025,Tuesday,No,Evening Peak (4-7Pm),16:20:00,16:35:00,6,56,9,15,No,No,Full (80-100%),Clear,Traffic Jam,116.00,2.3
TRP01256,18/04/2025,Friday,No,Midday (9Am-4Pm),15:12:00,15:12:00,11,69,11,0,Yes,No,Low (<50%),Light Rain,None,134.00,4.2
TRP00340,08/02/2025,Saturday,Yes,Evening Peak (4-7Pm),17:51:00,17:52:00,6,72,5,1,No,No,Overloaded (>100%),Light Rain,None,135.00,4.5
TRP00456,28/04/2025,Monday,No,Midday (9Am-4Pm),12:28:00,12:32:00,4,48,11,4,No,No,Low (<50%),Clear,None,,3.8
TRP03347,31/07/2025,Thursday,No,Morning Peak (7-9Am),08:34:00,08:53:00,1,77,1,19,No,No,Moderate (50-80%),Overcast,Traffic Jam,126.00,2.6
TRP00810,19/05/2025,Monday,No,Evening Peak (4-7Pm),16:29:00,16:32:00,4,8,4,3,No,No,Full (80-100%),Clear,None,88.00,4.1
TRP00307,06/08/2025,Wednesday,No,Midday (9Am-4Pm),13:23:00,13:31:00,4,68,1,8,No,No,Low (<50%),Light Rain,Overloading Delay,85.00,1.7
TRP00383,07/08/2025,Thursday,No,Evening Peak (4-7Pm),18:50:00,19:10:00,8,15,9,20,No,No,Full (80-100%),Heavy Rain,Overloading Delay,93.00,3.1
TRP02568,27/05/2025,Tuesday,No,Morning Peak (7-9Am),08:55:00,09:06:00,10,51,,11,No,No,Full (80-100%),Clear,Traffic Jam,81.00,2.1
TRP00395,19/06/2025,Thursday,No,Early Morning (5-7Am),05:19:00,05:15:00,2,32,2,-4,Yes,No,Moderate (50-80%),Clear,None,,2.8
TRP01112,08/03/2025,Saturday,Yes,Midday (9Am-4Pm),09:12:00,09:07:00,3,63,1,-5,Yes,No,Low (<50%),Clear,None,120.00,3.2
TRP02166,21/01/2025,Tuesday,No,Evening Peak (4-7Pm),18:59:00,19:12:00,12,38,5,13,No,No,Full (80-100%),Clear,Road Construction,183.00,5.0
TRP02947,30/07/2025,Wednesday,No,Morning Peak (7-9Am),07:09:00,07:17:00,4,56,10,8,No,No,Full (80-100%),Clear,Overloading Delay,101.00,1.9
TRP03235,24/01/2025,Friday,No,Morning Peak (7-9Am),08:53:00,09:03:00,10,39,8,10,No,No,Full (80-100%),Overcast,Traffic Jam,87.00,3.1
TRP01194,14/01/2025,Tuesday,No,Midday (9Am-4Pm),09:53:00,10:00:00,10,76,8,7,No,No,,,None,84.00,2.8
TRP02115,13/01/2025,Monday,No,Early Morning (5-7Am),06:09:00,06:27:00,7,60,6,18,No,No,Low (<50%),Light Rain,Vehicle Breakdown,158.00,4.0
TRP02171,06/05/2025,Tuesday,No,Morning Peak (7-9Am),07:32:00,07:40:00,8,86,2,8,No,No,Overloaded (>100%),Clear,None,88.00,1.2
TRP02272,08/07/2025,Tuesday,No,Midday (9Am-4Pm),09:07:00,09:11:00,7,115,7,4,No,No,Full (80-100%),Clear,None,150.00,3.2
TRP02708,19/05/2025,Monday,No,Evening Peak (4-7Pm),17:00:00,17:10:00,10,22,9,10,No,No,,Clear,Road Accident Nearby,110.00,2.5
TRP00155,14/08/2025,Thursday,No,Evening Peak (4-7Pm),18:16:00,18:20:00,4,63,9,4,No,No,Moderate (50-80%),Clear,None,117.00,4.8
TRP02074,15/05/2025,Thursday,No,Morning Peak (7-9Am),08:25:00,08:27:00,10,27,11,2,No,No,Overloaded (>100%),Overcast,None,93.00,4.0
TRP02776,29/07/2025,Tuesday,No,Early Morning (5-7Am),06:46:00,06:45:00,12,101,8,-1,Yes,No,Low (<50%),Clear,None,160.00,4.7
TRP02715,10/04/2025,Thursday,No,Evening Peak (4-7Pm),17:31:00,17:31:00,9,3,10,0,Yes,Yes,Moderate (50-80%),Clear,None,116.00,3.0
TRP01969,08/06/2025,Sunday,Yes,Midday (9Am-4Pm),14:28:00,14:22:00,2,61,9,-6,Yes,No,Low (<50%),Clear,None,90.00,2.1
TRP00271,12/05/2025,Monday,No,Evening Peak (4-7Pm),17:12:00,17:39:00,7,96,5,27,No,No,Overloaded (>100%),Clear,Vehicle Breakdown,202.00,2.0
TRP00629,18/05/2025,Sunday,Yes,Midday (9Am-4Pm),13:50:00,13:45:00,8,45,10,-5,Yes,No,Moderate (50-80%),Clear,Police Checkpoint,60.00,4.4
TRP02901,13/01/2025,Monday,No,Morning Peak (7-9Am),08:16:00,08:18:00,6,67,6,2,No,No,Low (<50%),Overcast,None,119.00,3.2
TRP01744,02/02/2025,Sunday,Yes,Evening Peak (4-7Pm),16:25:00,16:39:00,4,9,2,14,No,No,Moderate (50-80%),Clear,Road Accident Nearby,122.00,2.0
TRP00129,30/03/2025,Sunday,Yes,Early Morning (5-7Am),06:57:00,06:51:00,8,48,7,-6,Yes,No,Low (<50%),Clear,None,60.00,3.2
TRP01020,10/03/2025,Monday,No,Night (7-10Pm),19:15:00,19:16:00,5,65,6,1,No,No,Full (80-100%),Clear,Overloading Delay,70.00,3.9
TRP02411,07/01/2025,Tuesday,No,Night (7-10Pm),19:56:00,20:02:00,4,117,,6,No,No,Full (80-100%),Clear,Traffic Jam,80.00,
TRP02885,19/05/2025,Monday,No,Midday (9Am-4Pm),11:24:00,11:29:00,1,99,6,5,No,No,Low (<50%),Overcast,Police Checkpoint,100.00,1.7
TRP03163,27/07/2025,Sunday,Yes,Evening Peak (4-7Pm),17:53:00,17:53:00,6,27,3,0,Yes,No,Moderate (50-80%),Overcast,None,121.00,3.6
TRP01099,12/03/2025,Wednesday,No,Morning Peak (7-9Am),07:21:00,07:45:00,9,43,8,24,No,No,Moderate (50-80%),Overcast,Road Accident Nearby,99.00,2.5
TRP02991,17/06/2025,Tuesday,No,Early Morning (5-7Am),05:30:00,05:46:00,4,76,11,16,No,No,Moderate (50-80%),Clear,Road Accident Nearby,80.00,3.2
TRP01334,01/03/2025,Saturday,Yes,Midday (9Am-4Pm),12:11:00,12:20:00,7,46,8,9,No,No,Low (<50%),Clear,Road Construction,150.00,3.3
TRP03245,04/04/2025,Friday,No,Evening Peak (4-7Pm),16:27:00,16:38:00,8,72,8,11,No,No,Moderate (50-80%),Clear,Police Checkpoint,69.00,2.4
TRP02136,16/05/2025,Friday,No,Midday (9Am-4Pm),13:53:00,13:55:00,5,120,7,2,No,No,,Clear,None,70.00,4.0
TRP01031,23/03/2025,Sunday,Yes,Night (7-10Pm),21:56:00,21:57:00,7,120,4,1,No,No,Moderate (50-80%),Clear,Police Checkpoint,150.00,3.2
TRP02458,16/05/2025,Friday,No,Evening Peak (4-7Pm),16:47:00,16:58:00,2,54,5,11,No,No,Moderate (50-80%),Heavy Rain,,107.00,2.3
TRP02333,04/01/2025,Saturday,Yes,Midday (9Am-4Pm),09:32:00,09:34:00,11,29,7,2,No,No,Low (<50%),Clear,None,110.00,3.8
TRP02107,16/03/2025,Sunday,Yes,Midday (9Am-4Pm),15:43:00,15:37:00,8,79,10,-6,Yes,No,Moderate (50-80%),Clear,None,60.00,2.6
TRP02964,27/05/2025,Tuesday,No,Evening Peak (4-7Pm),18:48:00,19:19:00,8,27,5,31,No,No,Moderate (50-80%),Heavy Rain,Vehicle Breakdown,78.00,1.6
TRP02909,11/08/2025,Monday,No,Night (7-10Pm),20:56:00,20:57:00,1,20,10,1,No,No,Moderate (50-80%),Clear,Police Checkpoint,100.00,4.5
TRP02160,30/05/2025,Friday,No,Midday (9Am-4Pm),12:34:00,12:33:00,7,72,,-1,Yes,No,Low (<50%),Overcast,None,150.00,
TRP03107,25/01/2025,Saturday,Yes,Midday (9Am-4Pm),14:00:00,14:09:00,4,38,10,9,No,No,Low (<50%),Clear,Police Checkpoint,80.00,2.6
TRP02045,30/06/2025,Monday,No,Midday (9Am-4Pm),10:59:00,11:05:00,2,13,10,6,No,No,Moderate (50-80%),Light Rain,None,116.00,2.4
TRP00235,16/08/2025,Saturday,Yes,Midday (9Am-4Pm),09:56:00,09:55:00,6,35,10,-1,Yes,No,Low (<50%),Clear,None,100.00,3.9
TRP03063,09/02/2025,Sunday,Yes,Midday (9Am-4Pm),09:32:00,09:26:00,5,110,6,-6,Yes,No,Low (<50%),,None,70.00,1.9
TRP01717,25/02/2025,Tuesday,No,Evening Peak (4-7Pm),16:00:00,16:07:00,11,65,6,7,No,No,Full (80-100%),Clear,Police Checkpoint,122.00,2.5
TRP00818,28/07/2025,Monday,No,Midday (9Am-4Pm),09:45:00,09:45:00,3,23,1,0,Yes,No,,Overcast,Police Checkpoint,120.00,5.0
TRP00368,13/05/2025,Tuesday,No,Evening Peak (4-7Pm),16:16:00,16:37:00,1,7,11,21,No,Yes,Low (<50%),Light Rain,Road Accident Nearby,156.00,2.3
TRP01025,22/08/2025,Friday,No,Morning Peak (7-9Am),07:05:00,07:16:00,6,56,4,11,No,No,Full (80-100%),Clear,Road Accident Nearby,136.00,2.8
TRP02535,27/03/2025,Thursday,No,Midday (9Am-4Pm),09:47:00,09:49:00,4,40,4,2,No,No,Moderate (50-80%),,Overloading Delay,80.00,4.7
TRP00065,01/03/2025,Saturday,Yes,Evening Peak (4-7Pm),18:09:00,18:20:00,10,118,4,11,No,No,Full (80-100%),Heavy Rain,None,108.00,2.1
TRP01241,26/03/2025,Wednesday,No,Morning Peak (7-9Am),08:04:00,08:02:00,9,23,9,-2,Yes,No,Moderate (50-80%),Light Rain,None,110.00,3.7
TRP01806,17/07/2025,Thursday,No,Morning Peak (7-9Am),08:40:00,08:51:00,5,58,9,11,No,No,Moderate (50-80%),Light Rain,Road Construction,122.00,3.8
TRP01351,03/08/2025,Sunday,Yes,Early Morning (5-7Am),05:36:00,05:43:00,8,43,4,7,No,No,Low (<50%),Light Rain,Vehicle Breakdown,,3.0
TRP02112,25/03/2025,Tuesday,No,Morning Peak (7-9Am),07:26:00,07:36:00,11,101,6,10,No,No,Moderate (50-80%),Clear,Road Accident Nearby,144.00,2.9
TRP00144,05/04/2025,Saturday,Yes,Evening Peak (4-7Pm),18:51:00,19:00:00,8,101,9,9,No,No,Low (<50%),Light Rain,None,107.00,
TRP01665,07/08/2025,Thursday,No,Night (7-10Pm),20:01:00,19:57:00,2,97,10,-4,Yes,No,Low (<50%),,None,90.00,3.8
TRP01888,06/01/2025,Monday,No,Midday (9Am-4Pm),11:30:00,11:33:00,11,80,7,3,No,No,Low (<50%),Clear,Traffic Jam,110.00,4.1
TRP02097,10/02/2025,Monday,No,Evening Peak (4-7Pm),16:24:00,16:32:00,7,106,7,8,No,No,Low (<50%),Clear,None,231.00,4.3
TRP00279,02/04/2025,Wednesday,No,Midday (9Am-4Pm),15:21:00,15:19:00,10,61,11,-2,Yes,No,Low (<50%),Clear,None,70.00,
TRP02575,09/05/2025,Friday,No,Evening Peak (4-7Pm),17:19:00,17:16:00,9,16,8,-3,Yes,No,Full (80-100%),Clear,None,93.00,4.0
TRP00197,22/08/2025,Friday,No,Night (7-10Pm),19:25:00,19:21:00,4,24,5,-4,Yes,No,Low (<50%),Clear,None,80.00,4.4
TRP02939,08/06/2025,Sunday,Yes,Midday (9Am-4Pm),12:11:00,12:17:00,1,47,4,6,No,No,Moderate (50-80%),Clear,Police Checkpoint,100.00,3.4
TRP03481,20/01/2025,Monday,No,Night (7-10Pm),20:38:00,20:52:00,10,78,3,14,No,No,Moderate (50-80%),Clear,Road Accident Nearby,70.00,4.7
TRP01307,05/06/2025,Thursday,No,Evening Peak (4-7Pm),18:14:00,18:25:00,1,78,8,11,No,No,Overloaded (>100%),Clear,Traffic Jam,111.00,2.4
TRP02886,20/03/2025,Thursday,No,Evening Peak (4-7Pm),18:44:00,19:00:00,6,89,7,16,No,No,Moderate (50-80%),Clear,Vehicle Breakdown,,2.9
TRP00161,17/03/2025,Monday,No,Morning Peak (7-9Am),08:35:00,08:40:00,10,69,2,5,No,No,Low (<50%),Clear,None,94.00,
TRP00751,16/02/2025,Sunday,Yes,Morning Peak (7-9Am),08:26:00,08:35:00,10,17,4,9,No,No,Moderate (50-80%),Heavy Rain,None,91.00,3.2
TRP02948,26/08/2025,Tuesday,No,Midday (9Am-4Pm),13:45:00,13:48:00,3,46,7,3,No,No,Full (80-100%),Clear,None,120.00,2.6
TRP00071,05/01/2025,Sunday,Yes,Morning Peak (7-9Am),08:11:00,08:20:00,7,80,1,9,No,No,  Overloaded (>100%)  ,Clear,Road Construction,203.00,1.5
TRP02889,11/07/2025,Friday,No,Early Morning (5-7Am),05:31:00,05:50:00,7,109,7,19,No,No,Moderate (50-80%),Overcast,Road Accident Nearby,150.00,3.0
TRP02668,10/03/2025,Monday,No,Early Morning (5-7Am),05:12:00,05:15:00,8,117,9,3,No,No,Overloaded (>100%),Light Rain,None,74.00,3.4
TRP02363,15/02/2025,Saturday,Yes,Midday (9Am-4Pm),09:01:00,09:09:00,9,3,3,8,No,No,Low (<50%),Clear,Traffic Jam,80.00,1.3
TRP01801,08/05/2025,Thursday,No,Evening Peak (4-7Pm),18:00:00,18:13:00,12,15,1,13,No,No,Full (80-100%),Clear,Road Construction,250.00,1.8
TRP00941,12/07/2025,Saturday,Yes,Midday (9Am-4Pm),15:15:00,15:27:00,2,107,5,12,No,No,Moderate (50-80%),Heavy Rain,Road Accident Nearby,106.00,2.3
TRP03415,17/02/2025,Monday,No,Early Morning (5-7Am),06:27:00,06:33:00,1,107,10,6,No,No,Moderate (50-80%),,Road Construction,100.00,3.6
TRP03302,25/08/2025,Monday,No,Evening Peak (4-7Pm),18:47:00,19:13:00,3,7,7,26,No,No,Moderate (50-80%),Light Rain,Road Accident Nearby,203.00,2.6
TRP01279,01/04/2025,Tuesday,No,Evening Peak (4-7Pm),17:33:00,17:55:00,10,46,3,22,No,No,Full (80-100%),Heavy Rain,None,98.00,
TRP01221,05/02/2025,Wednesday,No,Evening Peak (4-7Pm),17:45:00,18:02:00,6,71,8,17,No,No,Moderate (50-80%),Heavy Rain,Road Construction,145.00,2.1
TRP02304,03/02/2025,Monday,No,Evening Peak (4-7Pm),17:11:00,17:21:00,5,94,1,10,No,No,Low (<50%),Clear,Overloading Delay,86.00,1.7
TRP03195,18/04/2025,Friday,No,Night (7-10Pm),20:55:00,21:00:00,4,50,8,5,No,No,Moderate (50-80%),Light Rain,None,91.00,4.5
TRP02073,20/05/2025,Tuesday,No,Midday (9Am-4Pm),11:30:00,11:33:00,7,40,7,3,No,No,Moderate (50-80%),Clear,None,150.00,
TRP02012,15/03/2025,Saturday,Yes,Night (7-10Pm),20:19:00,20:18:00,3,84,6,-1,Yes,No,Moderate (50-80%),Light Rain,None,152.00,5.0
TRP03238,10/05/2025,Saturday,Yes,Midday (9Am-4Pm),10:46:00,10:52:00,12,46,8,6,No,No,Moderate (50-80%),Clear,None,160.00,2.4
TRP00477,24/05/2025,Saturday,Yes,Midday (9Am-4Pm),11:05:00,11:02:00,5,4,3,-3,Yes,No,Moderate (50-80%),Overcast,None,70.00,4.0
TRP02437,26/03/2025,Wednesday,No,Early Morning (5-7Am),05:44:00,05:41:00,8,27,8,-3,Yes,No,  Low (<50%)  ,Light Rain,None,65.00,3.5
TRP00027,06/06/2025,Friday,No,Midday (9Am-4Pm),10:14:00,10:33:00,8,96,7,19,No,No,Low (<50%),Clear,Road Accident Nearby,60.00,3.5
TRP00963,04/03/2025,Tuesday,No,Morning Peak (7-9Am),08:20:00,08:44:00,9,17,5,24,No,No,Full (80-100%),Clear,Vehicle Breakdown,92.00,3.1
TRP00899,01/05/2025,Thursday,No,Early Morning (5-7Am),06:06:00,06:04:00,9,58,8,-2,Yes,No,Moderate (50-80%),Clear,None,80.00,4.5
TRP01954,12/07/2025,Saturday,Yes,Morning Peak (7-9Am),08:32:00,08:46:00,9,50,4,14,No,No,Overloaded (>100%),Clear,Traffic Jam,114.00,2.7
TRP01890,22/05/2025,Thursday,No,Morning Peak (7-9Am),08:47:00,08:58:00,4,98,6,11,No,No,Full (80-100%),Clear,Road Construction,118.00,1.6
TRP00186,01/07/2025,Tuesday,No,Midday (9Am-4Pm),13:55:00,14:00:00,12,117,1,5,No,No,Full (80-100%),,None,172.00,2.4
TRP03473,08/02/2025,Saturday,Yes,Midday (9Am-4Pm),11:36:00,11:45:00,5,113,2,9,No,No,Low (<50%),,None,88.00,2.7
TRP02331,14/02/2025,Friday,No,Midday (9Am-4Pm),12:40:00,12:40:00,12,40,7,0,Yes,No,Moderate (50-80%),Clear,None,160.00,4.4
TRP00278,03/01/2025,Friday,No,Midday (9Am-4Pm),15:10:00,15:16:00,5,36,10,6,No,No,Full (80-100%),Light Rain,Road Construction,86.00,1.0
TRP01933,22/07/2025,Tuesday,No,Morning Peak (7-9Am),07:06:00,07:18:00,9,24,11,12,No,No,Moderate (50-80%),Clear,Police Checkpoint,108.00,3.3
TRP02142,14/07/2025,Monday,No,Early Morning (5-7Am),06:11:00,06:15:00,8,64,4,4,No,No,Low (<50%),Clear,Traffic Jam,60.00,3.6
TRP01516,29/01/2025,Wednesday,No,Evening Peak (4-7Pm),17:39:00,17:46:00,11,96,11,7,No,No,Overloaded (>100%),Clear,Road Construction,168.00,2.2
TRP00847,09/04/2025,Wednesday,No,Morning Peak (7-9Am),08:15:00,08:27:00,11,9,11,12,No,No,Full (80-100%),Clear,Road Construction,121.00,4.0
TRP00149,14/02/2025,Friday,No,Night (7-10Pm),19:08:00,19:09:00,1,11,1,1,No,No,Overloaded (>100%),Clear,None,100.00,5.0
TRP00393,09/07/2025,Wednesday,No,Midday (9Am-4Pm),15:39:00,15:52:00,11,113,10,13,No,No,Low (<50%),Clear,Vehicle Breakdown,110.00,
TRP03252,15/04/2025,Tuesday,No,Midday (9Am-4Pm),10:35:00,10:39:00,8,75,11,4,No,No,Low (<50%),Light Rain,None,63.00,4.0
TRP00105,30/01/2025,Thursday,No,Evening Peak (4-7Pm),17:39:00,17:43:00,10,28,11,4,No,No,Full (80-100%),Clear,None,82.00,4.2
TRP01259,03/02/2025,Monday,No,Early Morning (5-7Am),05:41:00,05:39:00,4,34,5,-2,Yes,No,Low (<50%),Light Rain,None,86.00,4.5
TRP01727,18/08/2025,Monday,No,Morning Peak (7-9Am),08:13:00,08:19:00,12,87,3,6,No,No,Low (<50%),,Police Checkpoint,221.00,2.6
TRP02167,24/07/2025,Thursday,No,Morning Peak (7-9Am),08:17:00,08:20:00,5,11,8,3,No,No,Overloaded (>100%),Clear,None,96.00,4.2
TRP02874,16/06/2025,Monday,No,Morning Peak (7-9Am),08:27:00,08:40:00,8,11,9,13,No,No,Full (80-100%),Clear,Overloading Delay,75.00,3.5
TRP00591,17/05/2025,Saturday,Yes,Early Morning (5-7Am),06:47:00,06:41:00,10,95,5,-6,Yes,No,Full (80-100%),Clear,None,70.00,1.2
TRP00064,12/04/2025,Saturday,Yes,Midday (9Am-4Pm),13:33:00,13:27:00,5,65,11,-6,Yes,No,Moderate (50-80%),Clear,None,70.00,2.2
TRP02542,11/07/2025,Friday,No,Night (7-10Pm),19:57:00,20:02:00,8,90,3,5,No,No,Moderate (50-80%),Clear,Road Construction,60.00,3.3
TRP03219,02/05/2025,Friday,No,Evening Peak (4-7Pm),18:21:00,18:34:00,12,39,10,13,No,No,Low (<50%),Clear,Traffic Jam,182.00,2.8
TRP00842,21/06/2025,Saturday,Yes,Midday (9Am-4Pm),11:53:00,11:52:00,10,65,11,-1,Yes,No,Moderate (50-80%),Light Rain,None,85.00,5.0
TRP01465,20/08/2025,Wednesday,No,Evening Peak (4-7Pm),18:21:00,18:36:00,9,109,11,15,No,No,Full (80-100%),Clear,Overloading Delay,100.00,3.2
TRP02022,04/02/2025,Tuesday,No,Evening Peak (4-7Pm),18:15:00,18:21:00,9,2,8,6,No,No,Overloaded (>100%),Light Rain,None,145.00,1.7
TRP02932,10/01/2025,Friday,No,Midday (9Am-4Pm),12:39:00,12:59:00,6,101,10,20,No,No,,Clear,Vehicle Breakdown,100.00,3.9
TRP01423,15/04/2025,Tuesday,No,Evening Peak (4-7Pm),18:48:00,19:02:00,6,29,7,14,No,No,Moderate (50-80%),Clear,Road Accident Nearby,139.00,1.9
TRP00918,28/08/2025,Thursday,No,Night (7-10Pm),21:06:00,21:04:00,10,24,1,-2,Yes,No,Low (<50%),Clear,None,70.00,4.4
TRP00707,04/05/2025,Sunday,Yes,Midday (9Am-4Pm),12:15:00,12:14:00,1,11,10,-1,Yes,No,Low (<50%),Clear,None,100.00,4.0
TRP02077,18/04/2025,Friday,No,Midday (9Am-4Pm),15:34:00,15:34:00,6,59,10,0,Yes,No,Full (80-100%),Clear,None,100.00,2.1
TRP02942,06/07/2025,Sunday,Yes,Midday (9Am-4Pm),12:06:00,12:03:00,1,75,,-3,Yes,No,Full (80-100%),Clear,None,100.00,4.2
TRP02802,15/03/2025,Saturday,Yes,Midday (9Am-4Pm),14:28:00,14:22:00,7,88,9,-6,Yes,No,Full (80-100%),Overcast,None,150.00,
TRP01061,02/01/2025,Thursday,No,Evening Peak (4-7Pm),17:08:00,17:28:00,9,76,8,20,No,No,Moderate (50-80%),Clear,Road Accident Nearby,121.00,2.8
TRP00994,20/04/2025,Sunday,Yes,Morning Peak (7-9Am),08:50:00,08:54:00,6,9,6,4,No,No,Moderate (50-80%),Clear,Police Checkpoint,158.00,3.3
TRP00118,09/05/2025,Friday,No,Night (7-10Pm),21:30:00,21:28:00,6,103,5,-2,Yes,No,Low (<50%),Clear,Police Checkpoint,100.00,3.5
TRP01554,19/04/2025,Saturday,Yes,Midday (9Am-4Pm),13:03:00,13:02:00,3,47,4,-1,Yes,No,Low (<50%),Light Rain,None,127.00,3.6
TRP02070,03/04/2025,Thursday,No,Early Morning (5-7Am),06:24:00,06:18:00,10,117,10,-6,Yes,No,Overloaded (>100%),Clear,None,70.00,2.7
TRP03081,28/02/2025,Friday,No,Early Morning (5-7Am),05:04:00,05:22:00,3,87,2,18,No,No,Moderate (50-80%),Clear,Road Accident Nearby,120.00,1.6
TRP03061,02/04/2025,Wednesday,No,Evening Peak (4-7Pm),17:20:00,17:22:00,6,32,5,2,No,No,Overloaded (>100%),Clear,Police Checkpoint,113.00,4.3
TRP00836,16/01/2025,Thursday,No,Midday (9Am-4Pm),15:12:00,15:09:00,4,52,7,-3,Yes,No,  Low (<50%)  ,Clear,None,80.00,3.9
TRP01695,02/01/2025,Thursday,No,Morning Peak (7-9Am),08:05:00,08:45:00,12,101,5,40,No,No,Full (80-100%),Clear,Vehicle Breakdown,185.00,
TRP01924,24/02/2025,Monday,No,Midday (9Am-4Pm),14:20:00,14:15:00,12,17,3,-5,Yes,No,Moderate (50-80%),Light Rain,None,194.00,4.2
TRP02840,19/02/2025,Wednesday,No,Evening Peak (4-7Pm),16:18:00,16:17:00,11,26,3,-1,Yes,No,Moderate (50-80%),Light Rain,Police Checkpoint,189.00,3.9
TRP00453,27/06/2025,Friday,No,Night (7-10Pm),19:37:00,19:33:00,8,93,4,-4,Yes,No,Moderate (50-80%),Overcast,None,60.00,
TRP01508,25/06/2025,Wednesday,No,Morning Peak (7-9Am),07:13:00,07:26:00,6,86,3,13,No,No,Full (80-100%),Clear,None,135.00,1.6
TRP00276,21/06/2025,Saturday,Yes,Midday (9Am-4Pm),10:45:00,10:40:00,6,49,2,-5,Yes,No,,Light Rain,None,117.00,3.0
TRP02746,06/08/2025,Wednesday,No,Morning Peak (7-9Am),08:58:00,09:02:00,10,44,10,4,No,No,Overloaded (>100%),,None,89.00,3.7
TRP00774,01/02/2025,Saturday,Yes,Evening Peak (4-7Pm),16:13:00,16:12:00,8,9,5,-1,Yes,No,Moderate (50-80%),Clear,None,92.00,4.3
TRP01770,09/06/2025,Monday,No,Early Morning (5-7Am),06:19:00,06:33:00,12,57,9,14,No,No,Moderate (50-80%),Light Rain,Road Accident Nearby,200.00,5.2
TRP03269,31/03/2025,Monday,No,Evening Peak (4-7Pm),16:27:00,16:30:00,4,50,9,3,No,No,Low (<50%),Clear,None,97.00,3.2
TRP02493,21/05/2025,Wednesday,No,Morning Peak (7-9Am),08:13:00,08:14:00,9,75,2,1,No,No,Full (80-100%),,None,114.00,4.7
TRP01546,23/06/2025,Monday,No,Evening Peak (4-7Pm),17:43:00,17:57:00,5,36,4,14,No,No,Full (80-100%),Overcast,None,79.00,3.0
TRP03355,05/07/2025,Saturday,Yes,Evening Peak (4-7Pm),17:06:00,17:06:00,1,35,9,0,Yes,No,Low (<50%),Clear,Traffic Jam,129.00,4.3
TRP00990,04/02/2025,Tuesday,No,Morning Peak (7-9Am),07:58:00,08:00:00,4,50,4,2,No,No,Moderate (50-80%),Clear,Overloading Delay,111.00,3.8
TRP01872,12/05/2025,Monday,No,Night (7-10Pm),21:52:00,21:56:00,1,50,3,4,No,No,Moderate (50-80%),Clear,None,100.00,
TRP02837,03/05/2025,Saturday,Yes,Evening Peak (4-7Pm),18:00:00,17:54:00,1,62,2,-6,Yes,No,Moderate (50-80%),Clear,None,143.00,2.8
TRP01101,27/04/2025,Sunday,Yes,Midday (9Am-4Pm),10:30:00,10:28:00,10,40,9,-2,Yes,No,Moderate (50-80%),Clear,None,70.00,4.5
TRP02047,30/07/2025,Wednesday,No,Morning Peak (7-9Am),07:50:00,08:02:00,5,57,11,12,No,No,Full (80-100%),Clear,Road Construction,108.00,2.2
TRP02420,13/05/2025,Tuesday,No,Night (7-10Pm),19:49:00,20:15:00,6,109,11,26,No,No,Low (<50%),Heavy Rain,Vehicle Breakdown,112.00,2.9
TRP03086,10/02/2025,Monday,No,Evening Peak (4-7Pm),18:36:00,18:49:00,1,39,7,13,No,No,Full (80-100%),Clear,Road Construction,144.00,2.0
TRP00816,10/04/2025,Thursday,No,Morning Peak (7-9Am),07:02:00,06:59:00,1,104,8,-3,Yes,No,Overloaded (>100%),Clear,None,110.00,3.4
TRP02295,29/05/2025,Thursday,No,Evening Peak (4-7Pm),18:39:00,19:15:00,7,102,7,36,No,No,,Clear,Vehicle Breakdown,183.00,1.5
TRP01644,17/07/2025,Thursday,No,Evening Peak (4-7Pm),18:23:00,18:21:00,8,73,7,-2,Yes,No,Overloaded (>100%),Light Rain,None,92.00,
TRP00595,17/02/2025,Monday,No,Night (7-10Pm),21:23:00,21:21:00,8,35,2,-2,Yes,No,Moderate (50-80%),Light Rain,None,76.00,4.1
TRP02949,13/02/2025,Thursday,No,Morning Peak (7-9Am),08:05:00,08:11:00,1,116,4,6,No,No,Full (80-100%),Clear,None,147.00,2.0
TRP01724,15/04/2025,Tuesday,No,Evening Peak (4-7Pm),17:03:00,17:10:00,2,114,7,7,No,No,Full (80-100%),Clear,Police Checkpoint,113.00,2.6
TRP01766,08/08/2025,Friday,No,Morning Peak (7-9Am),08:23:00,08:32:00,7,66,4,9,No,No,Moderate (50-80%),Clear,Road Construction,236.00,2.4
TRP00319,14/08/2025,Thursday,No,Evening Peak (4-7Pm),17:17:00,17:37:00,4,71,4,20,No,No,Overloaded (>100%),Clear,Vehicle Breakdown,112.00,3.0
TRP00069,15/05/2025,Thursday,No,Midday (9Am-4Pm),15:06:00,15:03:00,9,35,5,-3,Yes,No,Low (<50%),,None,80.00,3.7
TRP02985,14/02/2025,Friday,No,Night (7-10Pm),21:10:00,21:20:00,4,43,5,10,No,No,Moderate (50-80%),Clear,Road Construction,80.00,3.6
TRP03177,27/07/2025,Sunday,Yes,Midday (9Am-4Pm),13:46:00,13:53:00,6,94,2,7,No,No,Moderate (50-80%),Clear,Road Accident Nearby,100.00,2.8
TRP01477,28/05/2025,Wednesday,No,Night (7-10Pm),21:44:00,21:54:00,2,107,7,10,No,No,Low (<50%),Light Rain,Traffic Jam,99.00,2.4
TRP03389,23/08/2025,Saturday,Yes,Early Morning (5-7Am),05:19:00,05:13:00,5,117,2,-6,Yes,No,Low (<50%),Clear,None,70.00,2.3
TRP02203,06/06/2025,Friday,No,Morning Peak (7-9Am),08:28:00,08:45:00,1,71,3,17,No,No,,Clear,Police Checkpoint,158.00,2.6
TRP01938,11/02/2025,Tuesday,No,Evening Peak (4-7Pm),16:34:00,16:47:00,12,111,11,13,No,No,Moderate (50-80%),Clear,Police Checkpoint,201.00,2.9
TRP01558,19/05/2025,Monday,No,Evening Peak (4-7Pm),18:18:00,18:20:00,12,46,5,2,No,No,Full (80-100%),Clear,None,242.00,3.1
TRP01186,19/05/2025,Monday,No,Evening Peak (4-7Pm),18:50:00,18:59:00,10,42,4,9,No,No,Low (<50%),Clear,Police Checkpoint,94.00,1.4
TRP02813,19/01/2025,Sunday,Yes,Morning Peak (7-9Am),08:29:00,08:50:00,5,19,9,21,No,No,Overloaded (>100%),Light Rain,Traffic Jam,96.00,5.0
TRP02692,11/01/2025,Saturday,Yes,Midday (9Am-4Pm),11:50:00,11:55:00,8,80,4,5,No,No,,Clear,Road Accident Nearby,,
TRP01481,24/06/2025,Tuesday,No,Early Morning (5-7Am),06:27:00,06:22:00,6,65,2,-5,Yes,No,Overloaded (>100%),Overcast,None,100.00,4.1
TRP00653,08/08/2025,Friday,No,Evening Peak (4-7Pm),17:08:00,17:18:00,1,45,11,10,No,No,Moderate (50-80%),Light Rain,None,179.00,1.4
TRP00544,10/04/2025,Thursday,No,Morning Peak (7-9Am),08:43:00,08:58:00,6,18,3,15,No,No,Full (80-100%),Clear,Road Accident Nearby,142.00,3.6
TRP01098,27/05/2025,Tuesday,No,Evening Peak (4-7Pm),18:56:00,19:00:00,9,84,7,4,No,No,Moderate (50-80%),Clear,None,113.00,2.5
TRP01043,25/01/2025,Saturday,Yes,Morning Peak (7-9Am),07:20:00,07:20:00,1,20,1,0,Yes,No,Low (<50%),Clear,None,119.00,2.8
TRP00296,26/07/2025,Saturday,Yes,Midday (9Am-4Pm),13:01:00,13:14:00,10,119,9,13,No,No,Moderate (50-80%),Light Rain,Road Construction,77.00,3.4
TRP03137,24/06/2025,Tuesday,No,Night (7-10Pm),20:24:00,20:30:00,12,99,,6,No,No,Low (<50%),Clear,Road Construction,160.00,1.0
TRP00344,16/02/2025,Sunday,Yes,Night (7-10Pm),20:11:00,20:10:00,12,37,11,-1,Yes,No,Moderate (50-80%),Clear,None,160.00,3.5
TRP00938,15/04/2025,Tuesday,No,Evening Peak (4-7Pm),17:54:00,18:04:00,11,43,1,10,No,No,,Light Rain,None,147.00,3.5
TRP02002,23/01/2025,Thursday,No,Morning Peak (7-9Am),07:42:00,08:01:00,7,4,8,19,No,No,Overloaded (>100%),Overcast,Vehicle Breakdown,233.00,2.0
TRP01132,02/03/2025,Sunday,Yes,Evening Peak (4-7Pm),17:57:00,17:57:00,5,37,10,0,Yes,No,Full (80-100%),Clear,Overloading Delay,111.00,4.8
TRP00623,03/04/2025,Thursday,No,Morning Peak (7-9Am),07:24:00,07:23:00,4,69,8,-1,Yes,No,Low (<50%),Overcast,None,103.00,4.0
TRP01490,15/01/2025,Wednesday,No,Midday (9Am-4Pm),12:22:00,12:27:00,6,83,4,5,No,No,Moderate (50-80%),Clear,Overloading Delay,100.00,3.3
TRP01894,20/05/2025,Tuesday,No,Midday (9Am-4Pm),12:32:00,12:42:00,1,21,10,10,No,No,Moderate (50-80%),Clear,,100.00,2.6
TRP01328,28/06/2025,Saturday,Yes,Midday (9Am-4Pm),12:47:00,12:45:00,1,45,7,-2,Yes,No,,Clear,None,100.00,3.8
TRP02448,18/02/2025,Tuesday,No,Evening Peak (4-7Pm),17:05:00,17:21:00,7,96,2,16,No,No,Low (<50%),Light Rain,None,214.00,2.1
TRP03206,27/05/2025,Tuesday,No,Midday (9Am-4Pm),13:02:00,13:05:00,7,73,2,3,No,No,Moderate (50-80%),Light Rain,None,173.00,2.5
TRP03433,08/08/2025,Friday,No,Midday (9Am-4Pm),11:09:00,11:07:00,1,4,8,-2,Yes,No,Low (<50%),Clear,None,100.00,3.0
TRP02795,12/06/2025,Thursday,No,Evening Peak (4-7Pm),16:09:00,16:14:00,3,30,7,5,No,No,Overloaded (>100%),Light Rain,None,207.00,3.1
TRP02006,05/08/2025,Tuesday,No,Evening Peak (4-7Pm),17:51:00,17:55:00,4,21,9,4,No,No,Full (80-100%),Clear,None,95.00,4.0
TRP03300,20/06/2025,Friday,No,Midday (9Am-4Pm),13:08:00,13:06:00,11,52,5,-2,Yes,No,,Clear,None,,4.5
TRP00884,21/06/2025,Saturday,Yes,Midday (9Am-4Pm),13:01:00,12:57:00,7,79,10,-4,Yes,No,Full (80-100%),Clear,Police Checkpoint,150.00,4.0
TRP02960,20/01/2025,Monday,No,Midday (9Am-4Pm),10:44:00,10:45:00,11,53,8,1,No,No,Moderate (50-80%),Clear,None,110.00,3.7
TRP03361,13/05/2025,Tuesday,No,Midday (9Am-4Pm),10:50:00,10:48:00,4,12,11,-2,Yes,No,Full (80-100%),Clear,Overloading Delay,80.00,2.7
TRP00726,22/07/2025,Tuesday,No,Night (7-10Pm),21:34:00,21:39:00,3,118,9,5,No,No,Moderate (50-80%),Clear,Road Construction,120.00,2.1
TRP00797,16/06/2025,Monday,No,Evening Peak (4-7Pm),17:39:00,18:00:00,10,71,5,21,No,No,Full (80-100%),Clear,Road Accident Nearby,91.00,3.6
TRP02639,13/03/2025,Thursday,No,Morning Peak (7-9Am),08:24:00,08:59:00,11,84,7,35,No,No,Full (80-100%),Clear,Vehicle Breakdown,123.00,1.4
TRP01660,25/05/2025,Sunday,Yes,Morning Peak (7-9Am),08:54:00,08:54:00,3,33,5,0,Yes,No,Moderate (50-80%),Clear,None,186.00,4.8
TRP00610,12/08/2025,Tuesday,No,Midday (9Am-4Pm),11:02:00,11:05:00,4,25,3,3,No,No,,Clear,None,80.00,3.1
TRP02021,13/07/2025,Sunday,Yes,Midday (9Am-4Pm),15:16:00,15:12:00,9,60,4,-4,Yes,No,Low (<50%),,None,,
TRP01417,04/05/2025,Sunday,Yes,Midday (9Am-4Pm),12:47:00,12:56:00,3,52,9,9,No,No,Low (<50%),,Overloading Delay,132.00,3.3
TRP00317,11/06/2025,Wednesday,No,Morning Peak (7-9Am),08:59:00,09:14:00,3,33,9,15,No,No,Low (<50%),,Police Checkpoint,141.00,3.0
TRP01446,16/03/2025,Sunday,Yes,Midday (9Am-4Pm),13:43:00,14:02:00,5,21,8,19,No,No,Moderate (50-80%),Light Rain,Vehicle Breakdown,86.00,2.4
TRP01364,19/01/2025,Sunday,Yes,Midday (9Am-4Pm),13:08:00,13:10:00,8,18,7,2,No,No,Full (80-100%),Clear,Road Construction,60.00,1.7
TRP02001,24/06/2025,Tuesday,No,Evening Peak (4-7Pm),17:03:00,17:10:00,10,83,11,7,No,No,  Low (<50%)  ,Heavy Rain,None,113.00,1.0
TRP01536,08/01/2025,Wednesday,No,Midday (9Am-4Pm),09:42:00,09:58:00,5,35,11,16,No,No,Overloaded (>100%),Heavy Rain,Police Checkpoint,74.00,4.0
TRP02095,04/03/2025,Tuesday,No,Morning Peak (7-9Am),08:30:00,09:01:00,3,13,4,31,No,No,Low (<50%),Clear,Road Accident Nearby,171.00,
TRP00196,06/02/2025,Thursday,No,Morning Peak (7-9Am),07:13:00,07:23:00,7,29,8,10,No,No,Full (80-100%),Clear,None,176.00,3.5
TRP01261,03/07/2025,Thursday,No,Morning Peak (7-9Am),08:55:00,09:03:00,2,120,6,8,No,No,,Clear,Overloading Delay,114.00,2.2
TRP00045,26/03/2025,Wednesday,No,Evening Peak (4-7Pm),17:05:00,17:26:00,12,54,8,21,No,No,Full (80-100%),Overcast,Traffic Jam,249.00,2.4
TRP03128,12/04/2025,Saturday,Yes,Evening Peak (4-7Pm),16:38:00,16:43:00,1,106,8,5,No,No,,Clear,None,157.00,3.4
TRP00227,09/06/2025,Monday,No,Morning Peak (7-9Am),08:55:00,09:15:00,2,35,9,20,No,No,Low (<50%),Clear,Vehicle Breakdown,131.00,3.3
TRP00128,25/07/2025,Friday,No,Evening Peak (4-7Pm),17:42:00,18:11:00,12,95,10,29,No,No,Moderate (50-80%),Clear,Vehicle Breakdown,223.00,3.5
TRP02971,13/08/2025,Wednesday,No,Midday (9Am-4Pm),14:55:00,15:17:00,10,69,3,22,No,No,Moderate (50-80%),Heavy Rain,Road Accident Nearby,74.00,2.4
TRP02996,02/04/2025,Wednesday,No,Morning Peak (7-9Am),08:29:00,08:45:00,9,73,10,16,No,No,Moderate (50-80%),Overcast,Overloading Delay,97.00,3.7
TRP01472,15/07/2025,Tuesday,No,Morning Peak (7-9Am),08:07:00,08:14:00,1,36,9,7,No,No,Low (<50%),Clear,None,134.00,3.7
TRP00520,05/04/2025,Saturday,Yes,Midday (9Am-4Pm),11:59:00,11:54:00,2,70,10,-5,Yes,No,Overloaded (>100%),,None,90.00,4.1
TRP01929,04/08/2025,Monday,No,Morning Peak (7-9Am),07:29:00,07:35:00,4,37,5,6,No,No,Full (80-100%),Light Rain,None,123.00,3.0
TRP00311,21/08/2025,Thursday,No,Morning Peak (7-9Am),07:00:00,06:54:00,12,57,2,-6,Yes,No,Overloaded (>100%),Clear,None,241.00,3.0
TRP01388,19/05/2025,Monday,No,Midday (9Am-4Pm),15:20:00,15:15:00,6,48,2,-5,Yes,No,Overloaded (>100%),Clear,None,100.00,5.0
TRP01291,09/06/2025,Monday,No,Midday (9Am-4Pm),14:51:00,14:56:00,1,79,8,5,No,No,Moderate (50-80%),Light Rain,Road Accident Nearby,112.00,2.5
TRP01892,26/05/2025,Monday,No,Evening Peak (4-7Pm),17:03:00,17:30:00,2,45,2,27,No,No,Full (80-100%),Light Rain,Vehicle Breakdown,154.00,2.6
TRP03431,05/07/2025,Saturday,Yes,Midday (9Am-4Pm),12:55:00,12:57:00,11,8,5,2,No,No,Low (<50%),Clear,Traffic Jam,110.00,4.6
TRP02838,13/07/2025,Sunday,Yes,Evening Peak (4-7Pm),16:04:00,16:08:00,6,54,7,4,No,No,Overloaded (>100%),Clear,None,154.00,4.3
TRP00404,15/05/2025,Thursday,No,Midday (9Am-4Pm),15:08:00,15:14:00,10,31,2,6,No,No,Moderate (50-80%),Clear,Road Construction,70.00,3.4
TRP01950,01/08/2025,Friday,No,Evening Peak (4-7Pm),16:48:00,17:11:00,5,8,7,23,No,No,Full (80-100%),Heavy Rain,Road Construction,106.00,2.9
TRP02444,01/04/2025,Tuesday,No,Evening Peak (4-7Pm),17:51:00,18:06:00,9,36,2,15,No,No,,Clear,Road Construction,126.00,2.0
TRP00107,15/03/2025,Saturday,Yes,Midday (9Am-4Pm),15:16:00,15:19:00,5,89,5,3,No,No,,Light Rain,Overloading Delay,74.00,3.8
TRP02719,17/02/2025,Monday,No,Midday (9Am-4Pm),14:27:00,14:26:00,9,102,10,-1,Yes,No,Full (80-100%),,None,80.00,3.1
TRP00507,26/07/2025,Saturday,Yes,Morning Peak (7-9Am),08:18:00,08:22:00,12,92,1,4,No,No,Moderate (50-80%),Clear,None,232.00,5.0
TRP02945,14/02/2025,Friday,No,Night (7-10Pm),21:14:00,21:29:00,10,82,10,15,No,No,Moderate (50-80%),Heavy Rain,Traffic Jam,75.00,3.0
TRP03237,22/04/2025,Tuesday,No,Night (7-10Pm),20:25:00,20:24:00,9,81,1,-1,Yes,No,Low (<50%),Clear,None,80.00,2.4
TRP01995,23/04/2025,Wednesday,No,Morning Peak (7-9Am),08:48:00,08:47:00,5,18,8,-1,Yes,No,Moderate (50-80%),Light Rain,None,83.00,3.9
TRP01445,03/05/2025,Saturday,Yes,Night (7-10Pm),20:08:00,20:19:00,6,110,11,11,No,No,Moderate (50-80%),Clear,Road Accident Nearby,100.00,1.3
TRP01303,10/05/2025,Saturday,Yes,Evening Peak (4-7Pm),17:42:00,17:42:00,1,20,9,0,Yes,No,Full (80-100%),Clear,None,153.00,3.6
TRP03028,08/02/2025,Saturday,Yes,Midday (9Am-4Pm),15:42:00,15:51:00,8,94,2,9,No,No,Full (80-100%),Heavy Rain,None,69.00,1.4
TRP01432,14/07/2025,Monday,No,Midday (9Am-4Pm),15:27:00,15:34:00,5,72,6,7,No,No,Full (80-100%),Light Rain,None,85.00,2.8
TRP00250,06/04/2025,Sunday,Yes,Midday (9Am-4Pm),10:48:00,11:02:00,9,41,5,14,No,No,Moderate (50-80%),Clear,Traffic Jam,80.00,2.5
TRP00874,05/02/2025,Wednesday,No,Night (7-10Pm),21:11:00,21:21:00,2,105,5,10,No,No,Full (80-100%),Clear,Road Construction,90.00,4.5
TRP02999,26/03/2025,Wednesday,No,Midday (9Am-4Pm),12:04:00,12:05:00,2,96,9,1,No,No,Moderate (50-80%),Overcast,None,90.00,3.8
TRP03140,19/07/2025,Saturday,Yes,Midday (9Am-4Pm),10:33:00,10:37:00,2,97,8,4,No,No,Full (80-100%),Clear,None,,3.0
TRP02262,05/02/2025,Wednesday,No,Morning Peak (7-9Am),07:53:00,08:05:00,11,118,5,12,No,No,Full (80-100%),,Police Checkpoint,140.00,3.4
TRP01096,13/06/2025,Friday,No,Midday (9Am-4Pm),13:45:00,14:16:00,5,55,8,31,No,No,Full (80-100%),Light Rain,Vehicle Breakdown,79.00,2.7
TRP00661,21/02/2025,Friday,No,Morning Peak (7-9Am),08:42:00,08:46:00,3,40,1,4,No,Yes,Moderate (50-80%),Clear,None,183.00,1.7
TRP00758,30/03/2025,Sunday,Yes,Early Morning (5-7Am),05:26:00,05:23:00,9,35,5,-3,Yes,No,,Light Rain,None,103.00,3.9
TRP00567,04/04/2025,Friday,No,Morning Peak (7-9Am),07:32:00,07:30:00,11,,3,-2,Yes,No,Full (80-100%),Clear,None,135.00,8.8
TRP03060,23/07/2025,Wednesday,No,Morning Peak (7-9Am),07:52:00,07:52:00,6,74,8,0,Yes,No,Overloaded (>100%),Clear,None,113.00,4.8
TRP02423,09/04/2025,Wednesday,No,Midday (9Am-4Pm),11:13:00,11:21:00,12,78,8,8,No,No,Low (<50%),Clear,Overloading Delay,160.00,3.4
TRP02982,12/06/2025,Thursday,No,Evening Peak (4-7Pm),17:02:00,17:28:00,3,116,2,26,No,No,Moderate (50-80%),Heavy Rain,Traffic Jam,176.00,3.1
TRP01602,03/04/2025,Thursday,No,Morning Peak (7-9Am),07:17:00,07:49:00,11,10,7,32,No,No,Overloaded (>100%),Heavy Rain,Police Checkpoint,139.00,3.3
TRP00846,02/04/2025,Wednesday,No,Night (7-10Pm),21:31:00,21:30:00,3,40,5,-1,Yes,No,Moderate (50-80%),,None,120.00,
TRP02934,25/05/2025,Sunday,Yes,Midday (9Am-4Pm),14:58:00,15:08:00,3,54,11,10,No,No,Moderate (50-80%),Clear,,120.00,3.2
TRP02696,19/02/2025,Wednesday,No,Early Morning (5-7Am),06:31:00,06:25:00,10,73,5,-6,Yes,No,Full (80-100%),Clear,None,70.00,3.5
TRP03147,04/05/2025,Sunday,Yes,Midday (9Am-4Pm),10:11:00,10:12:00,8,89,8,1,No,No,Overloaded (>100%),Clear,Police Checkpoint,60.00,3.7
TRP00189,01/03/2025,Saturday,Yes,Midday (9Am-4Pm),10:44:00,10:48:00,4,62,1,4,No,No,Low (<50%),Light Rain,,90.00,
TRP01716,08/02/2025,Saturday,Yes,Evening Peak (4-7Pm),18:44:00,18:40:00,4,37,10,-4,Yes,No,Low (<50%),Clear,None,95.00,
TRP01597,08/07/2025,Tuesday,No,Evening Peak (4-7Pm),17:45:00,17:44:00,1,12,10,-1,Yes,No,Full (80-100%),Clear,None,135.00,
TRP02436,24/06/2025,Tuesday,No,Morning Peak (7-9Am),08:53:00,09:06:00,7,99,10,13,No,No,Low (<50%),Light Rain,None,291.00,2.5
TRP03098,14/01/2025,Tuesday,No,Night (7-10Pm),19:01:00,19:09:00,2,59,5,8,No,No,Overloaded (>100%),Heavy Rain,None,116.00,2.1
TRP00823,31/07/2025,Thursday,No,Evening Peak (4-7Pm),17:22:00,17:33:00,7,97,9,11,No,No,Moderate (50-80%),Light Rain,Overloading Delay,248.00,3.1
TRP00031,11/04/2025,Friday,No,Night (7-10Pm),20:59:00,21:15:00,8,55,8,16,No,No,Moderate (50-80%),,Vehicle Breakdown,60.00,1.0
TRP02492,24/01/2025,Friday,No,Morning Peak (7-9Am),08:33:00,09:00:00,12,12,10,27,No,No,Full (80-100%),Clear,Vehicle Breakdown,255.00,1.7
TRP01264,12/07/2025,Saturday,Yes,Midday (9Am-4Pm),09:01:00,08:56:00,6,58,11,-5,Yes,No,Full (80-100%),,None,100.00,2.7
TRP02380,07/03/2025,Friday,No,Midday (9Am-4Pm),09:56:00,09:53:00,4,18,3,-3,Yes,No,Low (<50%),Light Rain,None,96.00,4.5
TRP00727,01/07/2025,Tuesday,No,Morning Peak (7-9Am),08:53:00,08:59:00,6,95,3,6,No,No,Full (80-100%),Clear,None,157.00,2.3
TRP00843,04/08/2025,Monday,No,Midday (9Am-4Pm),13:34:00,13:36:00,6,36,6,2,No,No,Low (<50%),Clear,Road Construction,100.00,3.7
TRP02796,11/06/2025,Wednesday,No,Evening Peak (4-7Pm),17:16:00,17:26:00,5,45,10,10,No,No,Moderate (50-80%),Overcast,Road Construction,90.00,1.5
TRP02823,23/06/2025,Monday,No,Morning Peak (7-9Am),08:01:00,08:07:00,2,119,8,6,No,No,Full (80-100%),Clear,Traffic Jam,130.00,3.9
TRP01422,18/02/2025,Tuesday,No,Midday (9Am-4Pm),12:42:00,12:49:00,2,3,1,7,No,No,Overloaded (>100%),Light Rain,Road Construction,95.00,2.4
TRP02824,27/04/2025,Sunday,Yes,Early Morning (5-7Am),05:02:00,04:56:00,10,14,8,-6,Yes,No,Low (<50%),Clear,None,70.00,1.3
TRP02554,31/01/2025,Friday,No,Night (7-10Pm),19:26:00,19:25:00,6,6,1,-1,Yes,No,Full (80-100%),Overcast,None,100.00,4.1
TRP03229,10/06/2025,Tuesday,No,Midday (9Am-4Pm),10:53:00,10:58:00,8,42,1,5,No,No,Low (<50%),Clear,Overloading Delay,60.00,
TRP02992,26/01/2025,Sunday,Yes,Early Morning (5-7Am),06:29:00,06:25:00,4,92,10,-4,Yes,No,Moderate (50-80%),Light Rain,None,100.00,
TRP01673,29/03/2025,Saturday,Yes,Early Morning (5-7Am),05:56:00,05:53:00,10,85,8,-3,Yes,No,Low (<50%),Clear,None,70.00,3.4
TRP01006,16/06/2025,Monday,No,Morning Peak (7-9Am),08:26:00,08:53:00,9,36,6,27,No,No,Full (80-100%),Clear,Vehicle Breakdown,127.00,3.3
TRP03150,20/08/2025,Wednesday,No,Morning Peak (7-9Am),08:10:00,08:11:00,10,101,8,1,No,No,Full (80-100%),Clear,None,83.00,3.9
TRP00756,31/05/2025,Saturday,Yes,Midday (9Am-4Pm),15:49:00,15:51:00,12,61,10,2,No,No,Low (<50%),Clear,None,160.00,4.6
TRP00533,28/06/2025,Saturday,Yes,Evening Peak (4-7Pm),17:49:00,18:02:00,2,33,4,13,No,No,Low (<50%),Light Rain,Traffic Jam,123.00,
TRP01105,13/04/2025,Sunday,Yes,Midday (9Am-4Pm),14:56:00,14:52:00,12,52,4,-4,Yes,No,,Clear,None,160.00,3.7
TRP01965,19/05/2025,Monday,No,Early Morning (5-7Am),06:36:00,06:42:00,12,15,1,6,No,No,Moderate (50-80%),Light Rain,Road Construction,174.00,1.5
TRP00772,15/04/2025,Tuesday,No,Midday (9Am-4Pm),14:45:00,14:44:00,5,110,8,-1,Yes,No,Full (80-100%),Light Rain,None,84.00,4.6
TRP02893,23/03/2025,Sunday,Yes,Early Morning (5-7Am),06:21:00,06:29:00,12,107,3,8,No,No,Low (<50%),Clear,Road Construction,160.00,2.9
TRP03072,20/07/2025,Sunday,Yes,Evening Peak (4-7Pm),16:26:00,16:34:00,6,80,1,8,No,No,Moderate (50-80%),Clear,Traffic Jam,142.00,1.0
TRP03484,06/07/2025,Sunday,Yes,Morning Peak (7-9Am),08:37:00,08:34:00,6,25,10,-3,Yes,No,Full (80-100%),Clear,None,141.00,3.7
TRP03092,04/04/2025,Friday,No,Midday (9Am-4Pm),13:00:00,13:02:00,4,50,4,2,No,No,Full (80-100%),Clear,Road Construction,80.00,3.7
TRP00736,19/03/2025,Wednesday,No,Evening Peak (4-7Pm),18:43:00,18:54:00,10,112,8,11,No,No,,,None,97.00,3.0
TRP03033,02/07/2025,Wednesday,No,Midday (9Am-4Pm),13:26:00,13:27:00,3,47,4,1,No,No,Moderate (50-80%),Heavy Rain,None,151.00,3.3
TRP00930,21/01/2025,Tuesday,No,Evening Peak (4-7Pm),16:49:00,17:09:00,8,113,4,20,No,No,Moderate (50-80%),Clear,Traffic Jam,93.00,1.7
TRP02223,19/08/2025,Tuesday,No,Morning Peak (7-9Am),08:28:00,08:41:00,7,37,11,13,No,No,Full (80-100%),Clear,Overloading Delay,166.00,2.9
TRP00461,11/07/2025,Friday,No,Early Morning (5-7Am),05:09:00,05:25:00,6,86,4,16,No,No,Low (<50%),,Road Accident Nearby,100.00,3.3
TRP00648,26/08/2025,Tuesday,No,Midday (9Am-4Pm),09:37:00,09:54:00,2,91,5,17,No,No,Moderate (50-80%),Clear,Vehicle Breakdown,90.00,2.0
TRP00936,09/06/2025,Monday,No,Morning Peak (7-9Am),08:22:00,08:25:00,11,104,6,3,No,No,Moderate (50-80%),Clear,Overloading Delay,150.00,4.4
TRP00696,03/04/2025,Thursday,No,Evening Peak (4-7Pm),18:16:00,18:49:00,8,61,1,33,No,No,Moderate (50-80%),Clear,Road Accident Nearby,72.00,1.1
TRP02196,06/04/2025,Sunday,Yes,Evening Peak (4-7Pm),17:52:00,18:02:00,2,24,7,10,No,No,Full (80-100%),Clear,Overloading Delay,125.00,4.0
TRP00254,25/01/2025,Saturday,Yes,Midday (9Am-4Pm),09:07:00,09:09:00,10,92,2,2,No,No,Full (80-100%),Clear,Overloading Delay,70.00,4.6
TRP02725,09/07/2025,Wednesday,No,Midday (9Am-4Pm),11:05:00,11:15:00,11,23,9,10,No,No,Low (<50%),Heavy Rain,None,123.00,2.7
TRP01512,09/07/2025,Wednesday,No,Midday (9Am-4Pm),09:59:00,10:08:00,4,24,10,9,No,No,Moderate (50-80%),Heavy Rain,None,99.00,
TRP01363,16/02/2025,Sunday,Yes,Midday (9Am-4Pm),12:12:00,12:08:00,2,107,7,-4,Yes,No,Low (<50%),Clear,None,90.00,3.0
TRP01846,19/05/2025,Monday,No,Midday (9Am-4Pm),12:08:00,12:12:00,2,33,7,4,No,No,Moderate (50-80%),Clear,Road Construction,90.00,
TRP03399,06/04/2025,Sunday,Yes,Night (7-10Pm),20:05:00,20:25:00,2,39,4,20,No,No,Moderate (50-80%),Clear,Vehicle Breakdown,90.00,4.4
TRP03359,13/08/2025,Wednesday,No,Early Morning (5-7Am),05:37:00,05:37:00,2,8,5,0,Yes,No,Full (80-100%),Overcast,None,90.00,3.6
TRP00287,05/05/2025,Monday,No,Early Morning (5-7Am),06:05:00,06:03:00,10,24,4,-2,Yes,No,Moderate (50-80%),Clear,None,70.00,4.4
TRP01314,08/08/2025,Friday,No,Midday (9Am-4Pm),12:22:00,12:37:00,7,14,2,15,No,No,,Clear,Road Construction,150.00,1.8
TRP02217,20/06/2025,Friday,No,Midday (9Am-4Pm),13:02:00,13:07:00,12,22,7,5,No,No,,Clear,None,160.00,1.3
TRP01457,22/02/2025,Saturday,Yes,Morning Peak (7-9Am),07:12:00,07:23:00,8,45,8,11,No,No,Low (<50%),Light Rain,Police Checkpoint,99.00,1.9
TRP02396,26/04/2025,Saturday,Yes,Midday (9Am-4Pm),13:47:00,14:10:00,7,41,7,23,No,No,Full (80-100%),Heavy Rain,Traffic Jam,181.00,2.1
TRP02280,14/07/2025,Monday,No,Evening Peak (4-7Pm),17:57:00,18:07:00,1,10,7,10,No,No,Low (<50%),Clear,Police Checkpoint,124.00,2.3
TRP00292,14/03/2025,Friday,No,Early Morning (5-7Am),06:04:00,05:59:00,11,5,3,-5,Yes,No,Moderate (50-80%),Clear,None,110.00,5.0
TRP02694,20/07/2025,Sunday,Yes,Early Morning (5-7Am),06:05:00,06:04:00,12,42,2,-1,Yes,No,Low (<50%),Heavy Rain,Police Checkpoint,183.00,4.4
TRP00691,13/01/2025,Monday,No,Night (7-10Pm),21:41:00,22:03:00,5,49,7,22,No,No,Low (<50%),Heavy Rain,Road Accident Nearby,73.00,2.3
TRP01024,07/04/2025,Monday,No,Morning Peak (7-9Am),07:32:00,07:35:00,4,3,,3,No,No,Moderate (50-80%),Clear,None,103.00,4.4
TRP01740,15/07/2025,Tuesday,No,Morning Peak (7-9Am),08:12:00,08:19:00,5,76,6,7,No,No,Full (80-100%),Light Rain,Traffic Jam,108.00,3.2
TRP00208,31/05/2025,Saturday,Yes,Midday (9Am-4Pm),11:03:00,11:06:00,12,52,1,3,No,No,Low (<50%),Clear,Traffic Jam,160.00,4.3
TRP02162,25/01/2025,Saturday,Yes,Evening Peak (4-7Pm),17:10:00,17:14:00,2,12,3,4,No,No,Full (80-100%),Clear,None,118.00,3.9
TRP00670,23/08/2025,Saturday,Yes,Early Morning (5-7Am),05:20:00,05:19:00,5,93,6,-1,Yes,No,Moderate (50-80%),Light Rain,None,88.00,3.3
TRP00267,07/02/2025,Friday,No,Early Morning (5-7Am),05:31:00,05:35:00,6,116,10,4,No,No,Full (80-100%),Light Rain,None,113.00,3.0
TRP03384,19/08/2025,Tuesday,No,Morning Peak (7-9Am),07:40:00,07:52:00,12,55,2,12,No,No,Moderate (50-80%),Light Rain,Police Checkpoint,203.00,2.6
TRP00079,04/05/2025,Sunday,Yes,Early Morning (5-7Am),06:33:00,06:40:00,7,62,6,7,No,No,Moderate (50-80%),Light Rain,None,161.00,1.6
TRP01458,20/06/2025,Friday,No,Morning Peak (7-9Am),08:12:00,08:17:00,1,72,2,5,No,No,Full (80-100%),Clear,None,147.00,2.1
TRP01375,28/06/2025,Saturday,Yes,Midday (9Am-4Pm),13:04:00,13:02:00,2,118,3,-2,Yes,No,Low (<50%),Clear,Road Construction,152.00,2.0
TRP00447,15/02/2025,Saturday,Yes,Morning Peak (7-9Am),07:08:00,07:14:00,12,43,8,6,No,No,Low (<50%),Light Rain,Overloading Delay,196.00,2.2
TRP02682,31/01/2025,Friday,No,Midday (9Am-4Pm),12:39:00,12:42:00,3,32,4,3,No,No,Full (80-100%),Clear,None,120.00,4.7
TRP01487,17/05/2025,Saturday,Yes,Evening Peak (4-7Pm),18:02:00,18:09:00,6,41,11,7,No,No,Full (80-100%),Clear,Traffic Jam,110.00,3.8
TRP02180,25/04/2025,Friday,No,Midday (9Am-4Pm),10:08:00,10:06:00,1,100,5,-2,Yes,No,Full (80-100%),Clear,None,100.00,3.1
TRP00048,01/02/2025,Saturday,Yes,Morning Peak (7-9Am),07:45:00,07:59:00,12,88,7,14,No,No,Full (80-100%),Clear,Road Accident Nearby,234.00,2.0
TRP01854,16/08/2025,Saturday,Yes,Midday (9Am-4Pm),09:54:00,10:01:00,10,9,5,7,No,No,Full (80-100%),Clear,Police Checkpoint,70.00,2.8
TRP02343,26/03/2025,Wednesday,No,Midday (9Am-4Pm),11:24:00,11:24:00,12,75,7,0,Yes,No,Moderate (50-80%),Overcast,None,160.00,5.0
TRP03015,04/05/2025,Sunday,Yes,Morning Peak (7-9Am),07:58:00,08:01:00,9,25,2,3,No,No,Moderate (50-80%),Clear,Police Checkpoint,94.00,4.6
TRP01589,03/01/2025,Friday,No,Evening Peak (4-7Pm),17:22:00,17:37:00,8,60,10,15,No,No,Overloaded (>100%),Clear,None,94.00,2.1
TRP01818,31/01/2025,Friday,No,Evening Peak (4-7Pm),17:51:00,17:58:00,6,79,1,7,No,No,Low (<50%),Overcast,,141.00,3.1
TRP00242,13/03/2025,Thursday,No,Morning Peak (7-9Am),08:01:00,08:05:00,7,102,4,4,No,No,Full (80-100%),Clear,None,,5.0
TRP02543,10/05/2025,Saturday,Yes,Evening Peak (4-7Pm),16:39:00,16:37:00,11,30,6,-2,Yes,No,Low (<50%),Overcast,None,123.00,3.1
TRP02966,11/03/2025,Tuesday,No,Morning Peak (7-9Am),07:58:00,08:09:00,8,72,9,11,No,No,Moderate (50-80%),Overcast,None,77.00,1.0
TRP02980,23/02/2025,Sunday,Yes,Evening Peak (4-7Pm),16:25:00,16:31:00,5,107,3,6,No,No,Full (80-100%),Clear,None,107.00,3.3
TRP00540,30/05/2025,Friday,No,Morning Peak (7-9Am),08:22:00,08:30:00,1,47,4,8,No,No,  Full (80-100%)  ,Clear,Overloading Delay,121.00,
TRP00908,10/05/2025,Saturday,Yes,Morning Peak (7-9Am),07:17:00,07:20:00,2,71,7,3,No,No,Moderate (50-80%),Clear,Road Construction,100.00,4.6
TRP01019,23/06/2025,Monday,No,Midday (9Am-4Pm),13:45:00,13:45:00,8,22,8,0,Yes,No,Moderate (50-80%),Light Rain,None,63.00,3.3
TRP03472,11/05/2025,Sunday,Yes,Midday (9Am-4Pm),14:40:00,14:44:00,4,93,2,4,No,No,Low (<50%),,None,93.00,2.0
TRP01635,16/07/2025,Wednesday,No,Morning Peak (7-9Am),07:41:00,07:50:00,9,93,10,9,No,No,Moderate (50-80%),Clear,Road Construction,123.00,1.0
TRP03204,22/08/2025,Friday,No,Morning Peak (7-9Am),08:29:00,08:40:00,6,110,2,11,No,No,Full (80-100%),Clear,Police Checkpoint,119.00,2.9
TRP02497,21/01/2025,Tuesday,No,Evening Peak (4-7Pm),18:38:00,18:40:00,2,75,1,2,No,No,Full (80-100%),Clear,None,120.00,
TRP02920,21/06/2025,Saturday,Yes,Midday (9Am-4Pm),15:49:00,15:43:00,8,99,8,-6,Yes,No,Low (<50%),Clear,None,60.00,2.5
TRP02816,25/02/2025,Tuesday,No,Evening Peak (4-7Pm),18:26:00,18:34:00,1,30,3,8,No,No,Moderate (50-80%),,Police Checkpoint,114.00,3.5
TRP01823,04/04/2025,Friday,No,Morning Peak (7-9Am),07:46:00,07:48:00,11,32,5,2,No,No,,Clear,None,159.00,3.1
TRP02784,09/08/2025,Saturday,Yes,Early Morning (5-7Am),06:51:00,06:47:00,9,42,4,-4,Yes,No,Low (<50%),Clear,None,80.00,5.0
TRP00669,15/05/2025,Thursday,No,Evening Peak (4-7Pm),18:41:00,18:55:00,9,39,8,14,No,No,Moderate (50-80%),Heavy Rain,None,120.00,1.3
TRP02666,25/03/2025,Tuesday,No,Midday (9Am-4Pm),14:11:00,14:22:00,9,32,3,11,No,No,Full (80-100%),Clear,Road Accident Nearby,80.00,1.9
TRP00406,17/04/2025,Thursday,No,Evening Peak (4-7Pm),17:33:00,17:54:00,11,48,9,21,No,No,Low (<50%),Clear,Traffic Jam,160.00,2.2
TRP03127,21/06/2025,Saturday,Yes,Midday (9Am-4Pm),12:53:00,13:08:00,6,87,4,15,No,No,Low (<50%),Heavy Rain,Traffic Jam,126.00,3.1
TRP00176,26/07/2025,Saturday,Yes,Midday (9Am-4Pm),12:53:00,12:57:00,2,82,7,4,No,No,Low (<50%),Clear,Road Accident Nearby,90.00,4.3
TRP03447,01/05/2025,Thursday,No,Early Morning (5-7Am),05:42:00,05:45:00,7,20,1,3,No,No,Full (80-100%),Clear,None,150.00,3.1
TRP01233,02/09/2025,Sunday,Yes,Midday (9Am-4Pm),10:00:00,10:09:00,12,75,3,9,No,No,Full (80-100%),Clear,Vehicle Breakdown,160.00,1.7
TRP03115,23/05/2025,Friday,No,Evening Peak (4-7Pm),17:25:00,17:39:00,11,47,1,14,No,No,Moderate (50-80%),Heavy Rain,Road Construction,147.00,1.5
TRP02182,23/04/2025,Wednesday,No,Night (7-10Pm),21:49:00,21:43:00,5,18,8,-6,Yes,No,Moderate (50-80%),Clear,None,70.00,2.2
TRP01861,29/01/2025,Wednesday,No,Morning Peak (7-9Am),07:13:00,07:23:00,4,89,7,10,No,No,Moderate (50-80%),,Police Checkpoint,102.00,3.8
TRP00376,23/04/2025,Wednesday,No,Evening Peak (4-7Pm),18:04:00,18:11:00,5,117,10,7,No,No,Full (80-100%),Light Rain,None,105.00,2.1
TRP01958,28/03/2025,Friday,No,Evening Peak (4-7Pm),18:08:00,18:25:00,11,47,9,17,No,No,Moderate (50-80%),Clear,Overloading Delay,162.00,1.8
TRP01584,30/06/2025,Monday,No,Evening Peak (4-7Pm),18:35:00,19:22:00,8,56,2,47,No,No,Low (<50%),Heavy Rain,Vehicle Breakdown,95.00,2.6
TRP01286,09/07/2025,Wednesday,No,Morning Peak (7-9Am),08:04:00,08:16:00,7,70,2,12,No,No,Moderate (50-80%),Light Rain,None,199.00,2.2
TRP00988,19/05/2025,Monday,No,Midday (9Am-4Pm),13:55:00,13:51:00,2,59,4,-4,Yes,No,Moderate (50-80%),,Overloading Delay,110.00,5.6
TRP00732,26/06/2025,Thursday,No,Evening Peak (4-7Pm),16:58:00,17:09:00,5,66,11,11,No,No,Overloaded (>100%),Light Rain,None,91.00,1.8
TRP01227,11/08/2025,Monday,No,Early Morning (5-7Am),06:31:00,06:43:00,9,101,3,12,No,No,Moderate (50-80%),Clear,Traffic Jam,80.00,1.6
TRP02675,06/06/2025,Friday,No,Morning Peak (7-9Am),08:36:00,08:48:00,7,72,10,12,No,No,Overloaded (>100%),Clear,None,176.00,4.3
TRP03412,19/05/2025,Monday,No,Midday (9Am-4Pm),10:34:00,11:02:00,2,43,2,28,No,No,Low (<50%),,Traffic Jam,108.00,5.0
TRP02843,02/03/2025,Sunday,Yes,Midday (9Am-4Pm),11:56:00,11:50:00,8,76,1,-6,Yes,No,Overloaded (>100%),Clear,None,60.00,2.5
TRP00744,29/04/2025,Tuesday,No,Morning Peak (7-9Am),07:03:00,07:34:00,9,43,4,31,No,No,Overloaded (>100%),,Vehicle Breakdown,121.00,2.3
TRP02890,09/07/2025,Wednesday,No,Morning Peak (7-9Am),08:37:00,08:40:00,11,29,6,3,No,No,Full (80-100%),Clear,None,131.00,3.7
TRP01352,02/01/2025,Thursday,No,Evening Peak (4-7Pm),18:45:00,18:52:00,11,87,1,7,No,No,Full (80-100%),Light Rain,None,,3.3
TRP03013,23/05/2025,Friday,No,Morning Peak (7-9Am),07:04:00,07:13:00,3,75,7,9,No,No,Moderate (50-80%),Light Rain,None,227.00,3.1
TRP00773,04/02/2025,Tuesday,No,Midday (9Am-4Pm),12:37:00,12:38:00,2,22,6,1,No,No,Full (80-100%),Clear,None,90.00,4.2
TRP03381,08/05/2025,Thursday,No,Midday (9Am-4Pm),12:36:00,12:39:00,5,95,3,3,No,No,Low (<50%),Clear,None,70.00,3.2
TRP00807,08/02/2025,Saturday,Yes,Midday (9Am-4Pm),12:20:00,12:16:00,6,54,6,-4,Yes,No,Moderate (50-80%),Clear,Police Checkpoint,100.00,3.2
TRP00417,02/03/2025,Sunday,Yes,Midday (9Am-4Pm),12:29:00,12:26:00,2,1,5,-3,Yes,No,Full (80-100%),Clear,None,90.00,4.3
TRP01863,14/03/2025,Friday,No,Midday (9Am-4Pm),11:11:00,11:13:00,2,64,1,2,No,No,Low (<50%),Clear,Police Checkpoint,90.00,4.2
TRP02498,12/03/2025,Wednesday,No,Midday (9Am-4Pm),10:51:00,11:16:00,3,106,3,25,No,No,Moderate (50-80%),Clear,Road Accident Nearby,120.00,4.2
TRP02245,23/02/2025,Sunday,Yes,Midday (9Am-4Pm),09:34:00,09:55:00,7,8,10,21,No,No,Full (80-100%),,Vehicle Breakdown,150.00,3.3
TRP00072,13/04/2025,Sunday,Yes,Evening Peak (4-7Pm),16:46:00,17:07:00,3,14,4,21,No,No,,Clear,Road Accident Nearby,148.00,3.7
TRP02087,09/01/2025,Thursday,No,Morning Peak (7-9Am),07:27:00,07:26:00,8,71,9,-1,Yes,No,Overloaded (>100%),,None,,2.5
TRP01529,01/07/2025,Tuesday,No,Night (7-10Pm),21:55:00,22:01:00,4,30,11,6,No,No,Full (80-100%),,Traffic Jam,80.00,1.7
TRP03041,26/06/2025,Thursday,No,Early Morning (5-7Am),05:33:00,05:40:00,12,91,8,7,No,No,Low (<50%),Clear,Overloading Delay,160.00,2.6
TRP03076,28/02/2025,Friday,No,Midday (9Am-4Pm),09:50:00,09:52:00,10,54,5,2,No,No,Full (80-100%),Clear,None,70.00,5.0
TRP01966,15/08/2025,Friday,No,Evening Peak (4-7Pm),17:55:00,17:58:00,4,89,1,3,No,No,Full (80-100%),Overcast,None,110.00,4.0
TRP03311,20/03/2025,Thursday,No,Midday (9Am-4Pm),12:31:00,12:34:00,10,45,3,3,No,No,,Light Rain,None,75.00,3.2
TRP03331,01/02/2025,Saturday,Yes,Morning Peak (7-9Am),08:58:00,09:01:00,8,58,3,3,No,No,Full (80-100%),Clear,None,95.00,
TRP00655,31/05/2025,Saturday,Yes,Morning Peak (7-9Am),08:42:00,08:48:00,3,67,2,6,No,No,Overloaded (>100%),Clear,Overloading Delay,191.00,2.6
TRP00193,14/04/2025,Monday,No,Morning Peak (7-9Am),08:30:00,08:37:00,4,76,4,7,No,No,Overloaded (>100%),Light Rain,Overloading Delay,109.00,3.0
TRP01197,19/04/2025,Saturday,Yes,Morning Peak (7-9Am),08:40:00,08:45:00,1,91,7,5,No,No,Full (80-100%),Clear,None,143.00,2.2
TRP01960,02/01/2025,Thursday,No,Midday (9Am-4Pm),10:25:00,10:29:00,2,25,9,4,No,No,Moderate (50-80%),Clear,None,90.00,3.2
TRP00998,16/08/2025,Saturday,Yes,Evening Peak (4-7Pm),18:15:00,18:22:00,11,35,5,7,No,No,Low (<50%),,None,173.00,2.2
TRP00641,04/02/2025,Tuesday,No,Evening Peak (4-7Pm),17:37:00,17:57:00,4,34,2,20,No,No,Moderate (50-80%),Clear,Vehicle Breakdown,96.00,1.5
TRP01371,06/05/2025,Tuesday,No,Midday (9Am-4Pm),09:40:00,09:55:00,5,61,1,15,No,Yes,Full (80-100%),Light Rain,Road Construction,89.00,2.8
TRP00504,28/03/2025,Friday,No,Evening Peak (4-7Pm),18:58:00,19:05:00,3,78,8,7,No,Yes,Moderate (50-80%),Clear,Overloading Delay,178.00,1.9
TRP03491,04/04/2025,Friday,No,Early Morning (5-7Am),05:19:00,05:19:00,7,2,6,0,Yes,No,Full (80-100%),Clear,None,150.00,
TRP02294,24/06/2025,Tuesday,No,Early Morning (5-7Am),05:38:00,05:41:00,1,75,8,3,No,No,Moderate (50-80%),Light Rain,None,109.00,3.4
TRP02609,30/03/2025,Sunday,Yes,Night (7-10Pm),21:46:00,21:40:00,1,41,6,-6,Yes,No,Moderate (50-80%),Clear,None,100.00,2.9
TRP03358,23/05/2025,Friday,No,Midday (9Am-4Pm),12:05:00,12:19:00,7,11,5,14,No,No,Low (<50%),,None,173.00,2.5
TRP01282,14/06/2025,Saturday,Yes,Midday (9Am-4Pm),09:34:00,09:35:00,4,19,1,1,No,No,Moderate (50-80%),Clear,None,80.00,2.6
TRP01444,02/03/2025,Sunday,Yes,Midday (9Am-4Pm),12:32:00,12:33:00,4,120,10,1,No,No,Moderate (50-80%),Light Rain,None,97.00,2.5
TRP01430,19/05/2025,Monday,No,Morning Peak (7-9Am),07:27:00,07:34:00,3,6,6,7,No,No,Moderate (50-80%),Light Rain,None,173.00,2.3
TRP01553,05/08/2025,Tuesday,No,Night (7-10Pm),19:44:00,19:49:00,3,26,10,5,No,No,Full (80-100%),Light Rain,None,154.00,1.8
TRP01772,30/03/2025,Sunday,Yes,Midday (9Am-4Pm),11:04:00,11:33:00,9,105,7,29,No,No,Moderate (50-80%),Light Rain,Vehicle Breakdown,98.00,
TRP02651,22/04/2025,Tuesday,No,Morning Peak (7-9Am),08:05:00,08:19:00,12,45,7,14,No,No,Full (80-100%),Light Rain,None,258.00,2.9
TRP00203,12/08/2025,Tuesday,No,Evening Peak (4-7Pm),16:08:00,16:18:00,5,63,7,10,No,No,  Moderate (50-80%)  ,Heavy Rain,Overloading Delay,115.00,2.0
TRP02352,08/06/2025,Sunday,Yes,Midday (9Am-4Pm),09:07:00,09:06:00,6,68,7,-1,Yes,No,Full (80-100%),Clear,None,100.00,5.0
TRP03324,22/03/2025,Saturday,Yes,Evening Peak (4-7Pm),18:19:00,18:45:00,6,51,9,26,No,No,Low (<50%),Light Rain,Road Accident Nearby,167.00,1.6
TRP02327,15/05/2025,Thursday,No,Morning Peak (7-9Am),07:44:00,08:00:00,8,22,10,16,No,No,Moderate (50-80%),Light Rain,Overloading Delay,82.00,1.1
TRP00343,06/03/2025,Thursday,No,Morning Peak (7-9Am),07:56:00,07:58:00,9,16,1,2,No,No,Full (80-100%),Overcast,None,99.00,3.4
TRP02861,20/08/2025,Wednesday,No,Midday (9Am-4Pm),11:22:00,11:24:00,3,4,4,2,No,No,Low (<50%),Clear,Overloading Delay,120.00,4.3
TRP02208,01/08/2025,Friday,No,Morning Peak (7-9Am),07:57:00,08:19:00,7,28,11,22,No,No,Overloaded (>100%),Clear,Road Accident Nearby,224.00,
TRP00725,13/07/2025,Sunday,Yes,Evening Peak (4-7Pm),17:10:00,17:18:00,12,42,3,8,No,No,Moderate (50-80%),Light Rain,None,237.00,3.7
TRP01672,31/05/2025,Saturday,Yes,Midday (9Am-4Pm),10:18:00,10:13:00,8,102,8,-5,Yes,No,Low (<50%),Clear,None,60.00,3.9
TRP00492,14/07/2025,Monday,No,Midday (9Am-4Pm),09:33:00,09:36:00,3,88,9,3,No,No,Moderate (50-80%),Clear,None,120.00,3.6
TRP02453,10/04/2025,Thursday,No,Morning Peak (7-9Am),07:08:00,07:15:00,5,88,,7,No,No,Moderate (50-80%),Overcast,None,98.00,2.5
TRP02656,09/05/2025,Friday,No,Midday (9Am-4Pm),11:56:00,11:57:00,7,72,6,1,No,No,Low (<50%),Clear,Overloading Delay,150.00,4.1
TRP02013,17/06/2025,Tuesday,No,Evening Peak (4-7Pm),18:36:00,18:53:00,12,114,7,17,No,No,Overloaded (>100%),Clear,Traffic Jam,249.00,3.0
TRP02589,04/01/2025,Saturday,Yes,Midday (9Am-4Pm),13:49:00,13:45:00,11,17,8,-4,Yes,No,Full (80-100%),Light Rain,None,122.00,4.9
TRP01993,17/02/2025,Monday,No,Midday (9Am-4Pm),15:55:00,16:09:00,10,48,2,14,No,No,Moderate (50-80%),Clear,Vehicle Breakdown,168.00,1.3
TRP02750,05/06/2025,Thursday,No,Morning Peak (7-9Am),07:53:00,07:53:00,12,41,10,0,Yes,No,,Light Rain,None,234.00,4.6
TRP03146,16/06/2025,Monday,No,Evening Peak (4-7Pm),16:24:00,16:24:00,11,65,10,0,Yes,No,,Clear,None,133.00,1.9
TRP03020,19/05/2025,Monday,No,Night (7-10Pm),19:24:00,19:27:00,3,78,6,3,No,No,,Light Rain,None,149.00,4.9
TRP00989,11/02/2025,Tuesday,No,Midday (9Am-4Pm),09:29:00,09:30:00,7,120,8,1,No,No,Low (<50%),Clear,None,150.00,3.9
TRP02511,04/07/2025,Friday,No,Early Morning (5-7Am),06:21:00,06:20:00,6,66,9,-1,Yes,No,,Clear,,100.00,2.8
TRP00059,05/02/2025,Wednesday,No,Morning Peak (7-9Am),08:17:00,08:38:00,5,93,10,21,No,No,Overloaded (>100%),,Vehicle Breakdown,107.00,2.6
TRP01073,09/01/2025,Thursday,No,Evening Peak (4-7Pm),17:36:00,17:35:00,6,103,2,-1,Yes,No,Full (80-100%),Overcast,None,152.00,3.4
TRP02215,15/06/2025,Sunday,Yes,Midday (9Am-4Pm),12:52:00,12:54:00,7,27,11,2,No,No,Moderate (50-80%),Clear,Police Checkpoint,150.00,4.0
TRP02149,31/07/2025,Thursday,No,Night (7-10Pm),19:48:00,19:59:00,10,63,6,11,No,No,Moderate (50-80%),Heavy Rain,None,85.00,3.0
TRP02510,11/01/2025,Saturday,Yes,Midday (9Am-4Pm),14:56:00,14:52:00,2,17,7,-4,Yes,No,Moderate (50-80%),Clear,None,90.00,4.3
TRP02764,12/03/2025,Wednesday,No,Morning Peak (7-9Am),07:47:00,07:54:00,2,51,9,7,No,No,Full (80-100%),Clear,Road Construction,118.00,2.7
TRP02310,03/05/2025,Wednesday,No,Midday (9Am-4Pm),09:43:00,09:55:00,8,101,9,12,No,No,Low (<50%),Overcast,Traffic Jam,60.00,3.3
TRP02319,24/07/2025,Thursday,No,Night (7-10Pm),19:32:00,19:36:00,1,108,9,4,No,No,Full (80-100%),Light Rain,None,125.00,3.7
TRP00026,25/07/2025,Friday,No,Midday (9Am-4Pm),15:01:00,14:58:00,6,115,6,-3,Yes,No,Moderate (50-80%),,None,100.00,3.8
TRP01115,18/03/2025,Tuesday,No,Midday (9Am-4Pm),11:04:00,11:01:00,6,1,10,-3,Yes,No,Low (<50%),Overcast,None,100.00,2.5
TRP03071,08/08/2025,Friday,No,Midday (9Am-4Pm),13:50:00,13:51:00,7,109,2,1,No,No,Full (80-100%),,None,150.00,3.7
TRP00359,07/02/2025,Friday,No,Early Morning (5-7Am),06:30:00,06:42:00,10,53,8,12,No,No,Moderate (50-80%),Clear,Vehicle Breakdown,70.00,1.9
TRP02505,27/07/2025,Sunday,Yes,Early Morning (5-7Am),06:21:00,06:29:00,10,119,8,8,No,No,Moderate (50-80%),Clear,Traffic Jam,70.00,3.2
TRP02118,07/03/2025,Friday,No,Evening Peak (4-7Pm),17:34:00,17:45:00,7,20,5,11,No,No,Moderate (50-80%),Clear,Traffic Jam,173.00,2.1
TRP03159,22/08/2025,Friday,No,Midday (9Am-4Pm),10:06:00,10:10:00,11,84,3,4,No,No,Low (<50%),Clear,None,110.00,3.4
TRP00485,05/08/2025,Tuesday,No,Evening Peak (4-7Pm),16:11:00,16:27:00,9,9,9,16,No,No,Moderate (50-80%),Clear,Road Accident Nearby,97.00,1.8
TRP02187,22/07/2025,Tuesday,No,Early Morning (5-7Am),06:24:00,06:30:00,7,109,6,6,No,No,,Light Rain,Overloading Delay,183.00,2.6
TRP01366,02/03/2025,Sunday,Yes,Evening Peak (4-7Pm),18:22:00,18:24:00,12,101,4,2,No,No,Full (80-100%),Overcast,Overloading Delay,,
TRP00014,25/02/2025,Tuesday,No,Night (7-10Pm),21:37:00,21:43:00,11,77,5,6,No,No,Full (80-100%),,Traffic Jam,110.00,3.0
TRP02897,05/07/2025,Saturday,Yes,Midday (9Am-4Pm),11:03:00,11:04:00,5,41,10,1,No,No,Full (80-100%),Clear,Police Checkpoint,,4.7
TRP02769,17/06/2025,Tuesday,No,Evening Peak (4-7Pm),17:10:00,17:27:00,3,22,10,17,No,No,Low (<50%),Clear,Road Construction,142.00,
TRP01887,29/01/2025,Wednesday,No,Night (7-10Pm),20:22:00,20:30:00,9,29,7,8,No,No,Moderate (50-80%),Heavy Rain,Overloading Delay,92.00,3.0
TRP00551,05/06/2025,Thursday,No,Midday (9Am-4Pm),15:04:00,15:08:00,4,39,8,4,No,No,,Clear,Road Construction,80.00,
TRP02660,03/04/2025,Thursday,No,Evening Peak (4-7Pm),18:06:00,18:05:00,6,3,7,-1,Yes,No,Moderate (50-80%),,None,150.00,4.0
TRP00882,20/01/2025,Monday,No,Evening Peak (4-7Pm),18:45:00,19:01:00,3,117,11,16,No,No,Full (80-100%),Light Rain,Traffic Jam,168.00,2.7
TRP00439,13/01/2025,Monday,No,Midday (9Am-4Pm),15:20:00,15:34:00,3,26,9,14,No,No,Low (<50%),Light Rain,Road Accident Nearby,153.00,2.6
TRP03265,26/01/2025,Sunday,Yes,Morning Peak (7-9Am),07:30:00,07:35:00,10,81,3,5,No,No,Full (80-100%),Clear,None,78.00,3.3
TRP00458,10/02/2025,Monday,No,Midday (9Am-4Pm),12:15:00,12:21:00,5,76,9,6,No,No,Low (<50%),Heavy Rain,None,78.00,4.6
TRP03024,27/05/2025,Tuesday,No,Morning Peak (7-9Am),07:59:00,08:04:00,7,96,4,5,No,No,Moderate (50-80%),,None,232.00,2.3
TRP01931,05/07/2025,Saturday,Yes,Morning Peak (7-9Am),07:27:00,07:34:00,10,97,2,7,No,No,Full (80-100%),Clear,Traffic Jam,96.00,2.6
TRP03283,30/04/2025,Wednesday,No,Morning Peak (7-9Am),08:50:00,09:03:00,11,37,1,13,No,No,Moderate (50-80%),Clear,None,151.00,2.3
TRP03012,15/02/2025,Saturday,Yes,Morning Peak (7-9Am),08:37:00,08:49:00,7,46,9,12,No,No,Full (80-100%),Light Rain,Police Checkpoint,,2.7
TRP02552,07/01/2025,Tuesday,No,Evening Peak (4-7Pm),17:28:00,17:41:00,9,9,3,13,No,No,Moderate (50-80%),Light Rain,None,111.00,1.7
TRP01937,01/06/2025,Sunday,Yes,Midday (9Am-4Pm),15:40:00,15:51:00,11,16,7,11,No,No,Full (80-100%),Heavy Rain,,,2.2
TRP01312,30/06/2025,Monday,No,Early Morning (5-7Am),06:47:00,06:43:00,4,12,9,-4,Yes,No,Moderate (50-80%),Clear,None,80.00,
TRP00858,18/04/2025,Friday,No,Midday (9Am-4Pm),11:44:00,11:41:00,7,19,6,-3,Yes,No,Low (<50%),Clear,None,150.00,3.8
TRP01948,14/07/2025,Monday,No,Morning Peak (7-9Am),07:51:00,08:01:00,9,12,3,10,No,No,Low (<50%),Clear,Road Accident Nearby,96.00,2.1
TRP02250,13/02/2025,Thursday,No,Evening Peak (4-7Pm),17:31:00,18:12:00,1,2,8,41,No,No,Full (80-100%),Light Rain,Vehicle Breakdown,189.00,3.4
TRP02628,11/01/2025,Saturday,Yes,Midday (9Am-4Pm),09:10:00,09:19:00,8,95,2,9,No,No,Low (<50%),Heavy Rain,None,66.00,2.9
TRP00043,30/05/2025,Friday,No,Early Morning (5-7Am),05:48:00,06:07:00,10,47,8,19,No,No,Moderate (50-80%),Clear,Road Accident Nearby,70.00,2.2
TRP02091,25/08/2025,Monday,No,Morning Peak (7-9Am),08:31:00,08:35:00,9,44,11,4,No,No,Full (80-100%),Light Rain,None,129.00,3.5
TRP03262,29/05/2025,Thursday,No,Early Morning (5-7Am),06:26:00,06:27:00,12,102,6,1,No,No,Full (80-100%),Clear,None,160.00,3.3
TRP01504,21/06/2025,Saturday,Yes,Midday (9Am-4Pm),15:44:00,15:38:00,3,79,,-6,Yes,No,Moderate (50-80%),Clear,Police Checkpoint,,2.4
TRP01550,24/05/2025,Saturday,Yes,Midday (9Am-4Pm),15:18:00,15:12:00,6,7,8,-6,Yes,No,Moderate (50-80%),Clear,None,100.00,1.8
TRP02177,25/07/2025,Friday,No,Morning Peak (7-9Am),08:40:00,08:46:00,1,12,3,6,No,No,Overloaded (>100%),Clear,,114.00,2.8
TRP02545,26/07/2025,Saturday,Yes,Night (7-10Pm),21:38:00,21:40:00,8,32,5,2,No,No,Full (80-100%),Overcast,Traffic Jam,60.00,4.8
TRP02445,11/06/2025,Wednesday,No,Evening Peak (4-7Pm),16:52:00,17:11:00,12,89,2,19,No,No,Moderate (50-80%),Light Rain,Police Checkpoint,273.00,1.4
TRP03326,09/07/2025,Wednesday,No,Midday (9Am-4Pm),10:33:00,10:32:00,5,75,4,-1,Yes,No,Low (<50%),Overcast,None,70.00,4.8
TRP00361,10/07/2025,Thursday,No,Early Morning (5-7Am),05:14:00,05:21:00,12,68,7,7,No,No,Full (80-100%),Overcast,Road Construction,160.00,2.6
TRP02978,25/04/2025,Friday,No,Evening Peak (4-7Pm),17:20:00,17:43:00,2,87,9,23,No,No,Low (<50%),Clear,Vehicle Breakdown,133.00,4.0
TRP01752,22/08/2025,Friday,No,Evening Peak (4-7Pm),17:18:00,17:30:00,11,60,5,12,No,No,Moderate (50-80%),Overcast,None,143.00,1.8
TRP02841,14/08/2025,Thursday,No,Evening Peak (4-7Pm),17:49:00,18:02:00,1,63,8,13,No,No,Full (80-100%),Clear,Traffic Jam,119.00,2.8
TRP01028,18/05/2025,Sunday,Yes,Midday (9Am-4Pm),11:03:00,11:15:00,8,8,2,12,No,No,Full (80-100%),Heavy Rain,Road Accident Nearby,65.00,1.8
TRP03256,21/05/2025,Wednesday,No,Midday (9Am-4Pm),15:39:00,15:33:00,11,96,4,-6,Yes,No,Low (<50%),Clear,None,110.00,3.0
TRP00213,14/04/2025,Monday,No,Morning Peak (7-9Am),07:15:00,07:24:00,6,101,1,9,No,No,Overloaded (>100%),Clear,None,127.00,1.1
TRP01321,13/07/2025,Sunday,Yes,Night (7-10Pm),21:19:00,21:31:00,2,99,11,12,No,No,Low (<50%),Clear,Road Construction,90.00,1.8
TRP02820,21/06/2025,Saturday,Yes,Midday (9Am-4Pm),11:00:00,10:55:00,3,68,1,-5,Yes,No,Low (<50%),,None,120.00,4.4
TRP01800,30/03/2025,Sunday,Yes,Midday (9Am-4Pm),10:21:00,10:34:00,10,10,9,13,No,No,Moderate (50-80%),,Road Construction,78.00,2.7
TRP01018,02/12/2025,Wednesday,No,Night (7-10Pm),21:16:00,21:22:00,4,10,6,6,No,No,Moderate (50-80%),Clear,Overloading Delay,80.00,1.2
TRP01136,26/08/2025,Tuesday,No,Evening Peak (4-7Pm),18:07:00,18:05:00,3,43,1,-2,Yes,No,Full (80-100%),Clear,None,135.00,3.3
TRP02131,16/05/2025,Friday,No,Morning Peak (7-9Am),08:52:00,08:57:00,8,33,8,5,No,No,Full (80-100%),Clear,None,89.00,
TRP01581,25/06/2025,Wednesday,No,Night (7-10Pm),21:39:00,21:40:00,12,35,11,1,No,No,Low (<50%),Clear,None,160.00,4.4
TRP00605,05/02/2025,Wednesday,No,Evening Peak (4-7Pm),17:32:00,17:38:00,2,99,9,6,No,No,Full (80-100%),Clear,None,120.00,2.0
TRP00412,06/08/2025,Sunday,Yes,Evening Peak (4-7Pm),16:27:00,16:28:00,5,116,2,1,No,No,Overloaded (>100%),Light Rain,None,122.00,2.9
TRP01648,25/04/2025,Friday,No,Evening Peak (4-7Pm),16:55:00,17:12:00,12,79,7,17,No,Yes,Full (80-100%),Heavy Rain,Road Accident Nearby,280.00,2.9
TRP02629,20/06/2025,Friday,No,Morning Peak (7-9Am),08:33:00,08:41:00,4,110,7,8,No,No,Full (80-100%),,Road Construction,115.00,3.4
TRP00639,12/02/2025,Wednesday,No,Morning Peak (7-9Am),07:26:00,07:32:00,5,100,6,6,No,No,Full (80-100%),Clear,None,86.00,2.1
TRP00598,05/01/2025,Sunday,Yes,Evening Peak (4-7Pm),18:05:00,17:59:00,3,18,4,-6,Yes,No,Full (80-100%),Clear,None,151.00,3.2
TRP02923,01/02/2025,Saturday,Yes,Night (7-10Pm),21:35:00,21:37:00,2,100,9,2,No,No,Moderate (50-80%),Clear,Road Construction,90.00,3.1
TRP02080,30/07/2025,Wednesday,No,Morning Peak (7-9Am),08:32:00,08:37:00,12,116,1,5,No,No,Full (80-100%),Clear,None,244.00,3.3
TRP01224,23/08/2025,Saturday,Yes,Midday (9Am-4Pm),12:06:00,12:18:00,3,98,6,12,No,No,Moderate (50-80%),Clear,Road Construction,120.00,3.0
TRP03170,05/05/2025,Monday,No,Night (7-10Pm),21:07:00,21:04:00,7,28,5,-3,Yes,No,Moderate (50-80%),Clear,None,150.00,3.3
TRP00281,08/07/2025,Tuesday,No,Morning Peak (7-9Am),07:46:00,07:54:00,3,106,7,8,No,No,Full (80-100%),Overcast,None,142.00,2.3
TRP00030,02/08/2025,Saturday,Yes,Midday (9Am-4Pm),09:08:00,09:14:00,5,10,4,6,No,No,Low (<50%),Overcast,,70.00,1.6
TRP02638,03/08/2025,Sunday,Yes,Night (7-10Pm),19:05:00,18:59:00,1,66,2,-6,Yes,No,Low (<50%),Clear,None,100.00,
TRP01609,24/06/2025,Tuesday,No,Midday (9Am-4Pm),09:00:00,09:08:00,5,16,6,8,No,No,Moderate (50-80%),Clear,Overloading Delay,70.00,1.9
TRP01552,22/04/2025,Tuesday,No,Midday (9Am-4Pm),11:02:00,10:59:00,5,32,5,-3,Yes,No,Low (<50%),Clear,None,70.00,3.4
TRP02777,22/03/2025,Saturday,Yes,Evening Peak (4-7Pm),16:06:00,16:05:00,9,21,6,-1,Yes,No,Overloaded (>100%),Light Rain,None,112.00,4.9
TRP00705,13/04/2025,Sunday,Yes,Evening Peak (4-7Pm),16:02:00,16:09:00,4,64,11,7,No,No,,Clear,Road Construction,105.00,1.8
TRP03353,19/03/2025,Wednesday,No,Early Morning (5-7Am),06:29:00,06:26:00,3,72,10,-3,Yes,No,Low (<50%),Clear,None,120.00,4.2
TRP01399,16/02/2025,Sunday,Yes,Midday (9Am-4Pm),11:19:00,11:15:00,9,57,9,-4,Yes,No,Full (80-100%),Clear,None,80.00,3.4
TRP01491,06/01/2025,Monday,No,Evening Peak (4-7Pm),18:39:00,18:51:00,1,89,8,12,No,No,Full (80-100%),Clear,None,149.00,
TRP00140,04/06/2025,Wednesday,No,Morning Peak (7-9Am),08:26:00,08:23:00,4,38,1,-3,Yes,No,Overloaded (>100%),Overcast,None,99.00,3.0
TRP03377,08/03/2025,Saturday,Yes,Midday (9Am-4Pm),10:47:00,10:42:00,11,64,8,-5,Yes,No,Moderate (50-80%),Clear,None,110.00,4.8
TRP00517,27/04/2025,Sunday,Yes,Midday (9Am-4Pm),11:12:00,11:30:00,5,10,2,18,No,No,Moderate (50-80%),Overcast,Vehicle Breakdown,70.00,2.6
TRP02353,20/06/2025,Friday,No,Night (7-10Pm),21:20:00,21:18:00,9,18,10,-2,Yes,No,Moderate (50-80%),Clear,None,80.00,5.0
TRP03337,21/03/2025,Friday,No,Morning Peak (7-9Am),08:37:00,08:46:00,1,10,11,9,No,No,Low (<50%),Overcast,Road Accident Nearby,156.00,2.2
TRP01765,13/02/2025,Thursday,No,Morning Peak (7-9Am),07:09:00,07:18:00,4,61,11,9,No,No,Full (80-100%),Clear,Overloading Delay,112.00,4.3
TRP00353,08/06/2025,Sunday,Yes,Midday (9Am-4Pm),11:52:00,12:09:00,12,18,5,17,No,No,Full (80-100%),Clear,Vehicle Breakdown,160.00,2.9
TRP00849,13/08/2025,Wednesday,No,Morning Peak (7-9Am),07:01:00,07:04:00,2,13,5,3,No,No,Moderate (50-80%),Clear,None,127.00,4.6
TRP01567,27/03/2025,Thursday,No,Evening Peak (4-7Pm),18:46:00,18:59:00,7,88,7,13,No,No,Full (80-100%),Clear,Traffic Jam,207.00,2.4
TRP03037,17/05/2025,Saturday,Yes,Midday (9Am-4Pm),09:58:00,09:54:00,4,,6,-4,Yes,No,Full (80-100%),Clear,None,,2.2
TRP00425,07/06/2025,Saturday,Yes,Morning Peak (7-9Am),08:17:00,08:16:00,5,30,1,-1,Yes,No,,Clear,Traffic Jam,105.00,3.3
TRP01759,30/01/2025,Thursday,No,Evening Peak (4-7Pm),16:10:00,16:33:00,8,2,1,23,No,No,,Clear,Vehicle Breakdown,90.00,3.6
TRP00206,16/07/2025,Wednesday,No,Morning Peak (7-9Am),08:20:00,08:35:00,5,99,2,15,No,No,Moderate (50-80%),Overcast,Road Accident Nearby,94.00,1.6
TRP02110,09/01/2025,Thursday,No,Evening Peak (4-7Pm),16:26:00,16:42:00,3,83,6,16,No,No,Low (<50%),Heavy Rain,Overloading Delay,220.00,3.0
TRP02176,11/04/2025,Friday,No,Night (7-10Pm),20:34:00,20:28:00,8,73,8,-6,Yes,No,Moderate (50-80%),Clear,None,60.00,3.8
TRP02191,20/06/2025,Friday,No,Evening Peak (4-7Pm),18:30:00,18:34:00,2,12,4,4,No,No,Moderate (50-80%),Overcast,Road Construction,99.00,3.7
TRP01459,13/04/2025,Sunday,Yes,Midday (9Am-4Pm),12:57:00,12:57:00,4,64,9,0,Yes,No,Moderate (50-80%),Clear,None,80.00,3.4
TRP00013,04/03/2025,Tuesday,No,Midday (9Am-4Pm),15:39:00,15:40:00,5,68,7,1,No,No,Low (<50%),,None,70.00,2.8
TRP00509,07/01/2025,Tuesday,No,Morning Peak (7-9Am),08:55:00,09:01:00,8,112,3,6,No,No,Full (80-100%),Clear,None,86.00,3.3
TRP02345,08/07/2025,Tuesday,No,Night (7-10Pm),19:07:00,19:06:00,6,16,8,-1,Yes,No,Moderate (50-80%),Clear,None,100.00,4.0
TRP02846,06/08/2025,Wednesday,No,Early Morning (5-7Am),06:32:00,06:30:00,10,24,6,-2,Yes,No,  Full (80-100%)  ,Clear,None,70.00,3.5
TRP02768,06/03/2025,Thursday,No,Evening Peak (4-7Pm),16:21:00,16:26:00,12,23,3,5,No,No,Low (<50%),Clear,None,245.00,2.2
TRP01022,14/04/2025,Monday,No,Midday (9Am-4Pm),12:21:00,12:28:00,1,84,10,7,No,No,Low (<50%),Clear,Overloading Delay,100.00,3.4
TRP02873,04/08/2025,Monday,No,Midday (9Am-4Pm),13:47:00,13:52:00,8,110,3,5,No,No,Low (<50%),Clear,Road Accident Nearby,149.00,4.1
TRP01535,22/04/2025,Tuesday,No,Morning Peak (7-9Am),08:44:00,09:04:00,8,4,11,20,No,No,Full (80-100%),Clear,Road Accident Nearby,71.00,1.9
TRP00792,30/06/2025,Monday,No,Evening Peak (4-7Pm),18:20:00,18:30:00,5,36,11,10,No,No,Low (<50%),Clear,Road Construction,105.00,1.2
TRP02582,27/07/2025,Sunday,Yes,Midday (9Am-4Pm),10:10:00,10:06:00,3,7,11,-4,Yes,No,Low (<50%),Clear,None,120.00,4.4
TRP02643,19/03/2025,Wednesday,No,Night (7-10Pm),19:43:00,20:09:00,2,111,8,26,No,No,Moderate (50-80%),,Vehicle Breakdown,90.00,2.8
TRP00219,06/07/2025,Saturday,Yes,Evening Peak (4-7Pm),16:31:00,16:57:00,3,92,7,26,No,No,Moderate (50-80%),Light Rain,Vehicle Breakdown,201.00,
TRP00714,03/04/2025,Thursday,No,Midday (9Am-4Pm),15:27:00,15:39:00,10,88,3,12,No,No,Low (<50%),Light Rain,Road Construction,90.00,2.3
TRP01627,05/04/2025,Saturday,Yes,Midday (9Am-4Pm),11:37:00,11:49:00,1,81,9,12,No,No,Moderate (50-80%),Clear,Vehicle Breakdown,100.00,2.1
TRP00868,24/01/2025,Friday,No,Morning Peak (7-9Am),07:24:00,07:30:00,5,97,10,6,No,No,Overloaded (>100%),Clear,None,87.00,2.1
TRP03039,13/03/2025,Thursday,No,Early Morning (5-7Am),06:28:00,06:22:00,10,55,4,-6,Yes,No,Moderate (50-80%),Clear,None,70.00,8.8
TRP01272,06/02/2025,Thursday,No,Morning Peak (7-9Am),08:48:00,08:58:00,10,15,10,10,No,No,Full (80-100%),,Traffic Jam,111.00,
TRP02967,27/08/2025,Wednesday,No,Evening Peak (4-7Pm),18:36:00,18:40:00,10,55,6,4,No,No,Full (80-100%),Clear,Overloading Delay,77.00,4.8
TRP01667,25/07/2025,Friday,No,Morning Peak (7-9Am),08:32:00,08:56:00,10,3,5,24,No,No,Full (80-100%),Clear,Road Accident Nearby,80.00,2.3
TRP00921,03/01/2025,Friday,No,Evening Peak (4-7Pm),17:00:00,17:10:00,5,104,6,10,No,No,Moderate (50-80%),Light Rain,None,117.00,1.4
TRP01017,24/08/2025,Sunday,Yes,Evening Peak (4-7Pm),18:28:00,18:34:00,12,20,8,6,No,No,Moderate (50-80%),Clear,Vehicle Breakdown,197.00,2.7
TRP02011,16/03/2025,Sunday,Yes,Midday (9Am-4Pm),11:17:00,11:22:00,12,48,11,5,No,No,Moderate (50-80%),Light Rain,None,194.00,3.5
TRP02285,04/01/2025,Saturday,Yes,Evening Peak (4-7Pm),18:53:00,19:09:00,7,9,1,16,No,No,Full (80-100%),Light Rain,None,250.00,3.0
TRP00863,16/03/2025,Sunday,Yes,Evening Peak (4-7Pm),18:12:00,18:20:00,6,52,2,8,No,No,Full (80-100%),Clear,,137.00,
TRP01068,19/04/2025,Saturday,Yes,Evening Peak (4-7Pm),16:18:00,16:21:00,7,23,7,3,No,No,Overloaded (>100%),Clear,None,213.00,4.1
TRP02734,05/08/2025,Tuesday,No,Evening Peak (4-7Pm),16:06:00,16:24:00,3,68,9,18,No,No,Moderate (50-80%),Clear,Road Construction,132.00,2.3
TRP01255,30/07/2025,Wednesday,No,Early Morning (5-7Am),05:01:00,05:06:00,10,70,3,5,No,No,Low (<50%),Light Rain,Police Checkpoint,79.00,1.5
TRP03129,26/02/2025,Wednesday,No,Midday (9Am-4Pm),09:09:00,09:11:00,10,63,7,2,No,No,Low (<50%),Clear,None,70.00,3.3
TRP01748,21/03/2025,Friday,No,Evening Peak (4-7Pm),16:48:00,17:21:00,1,35,1,33,No,No,Full (80-100%),Clear,Vehicle Breakdown,143.00,2.4
TRP03396,17/04/2025,Thursday,No,Night (7-10Pm),21:40:00,21:42:00,6,119,9,2,No,No,Low (<50%),Clear,None,100.00,4.4
TRP02365,14/02/2025,Friday,No,Morning Peak (7-9Am),08:35:00,08:42:00,8,94,1,7,No,No,Low (<50%),Clear,None,70.00,2.8
TRP03242,21/04/2025,Monday,No,Morning Peak (7-9Am),08:41:00,08:43:00,12,79,10,2,No,No,Overloaded (>100%),Clear,None,183.00,3.0
TRP00547,13/03/2025,Thursday,No,Morning Peak (7-9Am),07:14:00,07:19:00,8,1,4,5,No,No,Moderate (50-80%),Clear,None,92.00,4.2
TRP01728,17/01/2025,Friday,No,Morning Peak (7-9Am),08:48:00,09:08:00,3,61,6,20,No,No,Moderate (50-80%),Light Rain,Road Accident Nearby,194.00,2.7
TRP02375,24/08/2025,Sunday,Yes,Early Morning (5-7Am),06:50:00,06:54:00,2,99,9,4,No,No,Moderate (50-80%),Clear,Police Checkpoint,90.00,3.3
TRP02313,04/05/2025,Sunday,Yes,Evening Peak (4-7Pm),16:43:00,17:08:00,1,50,5,25,No,No,Overloaded (>100%),Overcast,Traffic Jam,133.00,3.6
TRP00523,07/03/2025,Friday,No,Early Morning (5-7Am),05:04:00,05:04:00,5,7,5,0,Yes,No,Full (80-100%),Light Rain,None,84.00,4.3
TRP02653,02/01/2025,Thursday,No,Midday (9Am-4Pm),11:27:00,11:24:00,4,76,2,-3,Yes,No,Full (80-100%),Clear,None,80.00,
TRP02072,07/04/2025,Monday,No,Early Morning (5-7Am),05:57:00,06:11:00,1,64,5,14,No,No,Full (80-100%),Heavy Rain,None,123.00,1.5
TRP01675,26/05/2025,Monday,No,Midday (9Am-4Pm),15:38:00,15:38:00,2,87,3,0,Yes,No,Full (80-100%),Light Rain,None,95.00,2.5
TRP03106,06/06/2025,Friday,No,Morning Peak (7-9Am),08:07:00,08:22:00,7,6,1,15,No,No,Moderate (50-80%),Heavy Rain,None,189.00,1.7
TRP03143,05/04/2025,Saturday,Yes,Morning Peak (7-9Am),07:04:00,07:17:00,7,116,,13,No,No,Low (<50%),Light Rain,Overloading Delay,268.00,2.3
TRP00143,02/06/2025,Monday,No,Evening Peak (4-7Pm),18:46:00,19:03:00,6,70,5,17,No,No,Moderate (50-80%),Clear,Road Construction,155.00,2.4
TRP01157,08/08/2025,Friday,No,Morning Peak (7-9Am),07:57:00,08:05:00,6,49,8,8,No,No,Moderate (50-80%),Light Rain,None,140.00,3.3
TRP02292,18/01/2025,Saturday,Yes,Midday (9Am-4Pm),11:45:00,11:58:00,12,59,11,13,No,No,Low (<50%),,Traffic Jam,160.00,2.6
TRP02514,06/06/2025,Friday,No,Midday (9Am-4Pm),11:18:00,11:38:00,2,89,5,20,No,No,Full (80-100%),,Traffic Jam,90.00,1.9
TRP03049,04/03/2025,Tuesday,No,Early Morning (5-7Am),05:04:00,05:01:00,1,42,7,-3,Yes,No,Full (80-100%),Clear,None,100.00,3.7
TRP00838,21/01/2025,Tuesday,No,Evening Peak (4-7Pm),16:55:00,17:03:00,3,4,1,8,No,No,Full (80-100%),Light Rain,None,172.00,2.6
TRP02151,09/03/2025,Sunday,Yes,Morning Peak (7-9Am),07:25:00,07:28:00,9,67,7,3,No,No,Full (80-100%),Clear,Overloading Delay,118.00,3.5
TRP02055,16/01/2025,Thursday,No,Midday (9Am-4Pm),15:16:00,15:12:00,10,18,2,-4,Yes,No,Low (<50%),Clear,None,70.00,5.0
TRP00729,15/06/2025,Sunday,Yes,Night (7-10Pm),21:33:00,21:42:00,7,9,2,9,No,No,Low (<50%),Clear,Traffic Jam,150.00,3.4
TRP00712,21/07/2025,Monday,No,Early Morning (5-7Am),05:00:00,05:24:00,2,41,4,24,No,No,Low (<50%),Light Rain,Vehicle Breakdown,114.00,1.6
TRP02611,07/03/2025,Friday,No,Midday (9Am-4Pm),09:10:00,09:12:00,3,57,8,2,No,No,Full (80-100%),Clear,None,120.00,3.8
TRP02083,05/02/2025,Wednesday,No,Midday (9Am-4Pm),12:44:00,13:11:00,9,109,9,27,No,No,Low (<50%),Clear,Vehicle Breakdown,80.00,1.5
TRP03278,16/03/2025,Sunday,Yes,Evening Peak (4-7Pm),18:13:00,18:16:00,2,40,7,3,No,No,,Clear,None,141.00,4.9
TRP03430,03/03/2025,Monday,No,Early Morning (5-7Am),06:46:00,06:45:00,8,12,,-1,Yes,No,  Moderate (50-80%)  ,Clear,None,60.00,2.8
TRP00815,10/05/2025,Saturday,Yes,Midday (9Am-4Pm),09:20:00,09:14:00,1,111,4,-6,Yes,No,Overloaded (>100%),Clear,None,100.00,1.0
TRP02564,21/02/2025,Friday,No,Evening Peak (4-7Pm),18:16:00,18:33:00,5,17,8,17,No,No,Low (<50%),Clear,Traffic Jam,93.00,1.9
TRP03123,21/03/2025,Friday,No,Midday (9Am-4Pm),12:54:00,13:16:00,8,81,7,22,No,No,Full (80-100%),Clear,Vehicle Breakdown,,
TRP00617,08/06/2025,Sunday,Yes,Midday (9Am-4Pm),15:50:00,15:53:00,10,67,9,3,No,No,Full (80-100%),Clear,Police Checkpoint,70.00,4.8
TRP01488,24/08/2025,Sunday,Yes,Midday (9Am-4Pm),14:35:00,14:42:00,1,65,9,7,No,No,Low (<50%),,Road Accident Nearby,100.00,2.7
TRP01494,28/06/2025,Saturday,Yes,Midday (9Am-4Pm),10:18:00,10:45:00,1,88,4,27,No,No,Moderate (50-80%),Overcast,Vehicle Breakdown,100.00,2.3
TRP01421,22/02/2025,Saturday,Yes,Midday (9Am-4Pm),12:08:00,12:05:00,10,95,4,-3,Yes,No,Overloaded (>100%),,None,70.00,4.5
TRP01240,14/04/2025,Monday,No,Midday (9Am-4Pm),10:08:00,10:17:00,7,46,1,9,No,No,Low (<50%),Clear,Police Checkpoint,150.00,3.6
TRP02307,18/01/2025,Saturday,Yes,Midday (9Am-4Pm),13:42:00,14:01:00,4,68,3,19,No,No,Low (<50%),Light Rain,Vehicle Breakdown,89.00,2.4
TRP01514,14/06/2025,Saturday,Yes,Midday (9Am-4Pm),10:29:00,10:27:00,6,91,10,-2,Yes,No,Moderate (50-80%),Clear,None,100.00,4.2
TRP03179,20/01/2025,Monday,No,Midday (9Am-4Pm),12:53:00,13:09:00,7,77,1,16,No,No,Low (<50%),Clear,Road Accident Nearby,150.00,1.6
TRP03334,24/05/2025,Saturday,Yes,Evening Peak (4-7Pm),16:30:00,16:50:00,7,5,2,20,No,No,Overloaded (>100%),Light Rain,Traffic Jam,186.00,2.3
TRP02461,17/01/2025,Friday,No,Evening Peak (4-7Pm),16:04:00,16:19:00,8,79,5,15,No,No,Full (80-100%),Clear,Vehicle Breakdown,87.00,3.6
TRP02008,01/05/2025,Thursday,No,Midday (9Am-4Pm),15:26:00,15:49:00,2,12,,23,No,No,Moderate (50-80%),Heavy Rain,Road Accident Nearby,108.00,
TRP02194,28/07/2025,Monday,No,Midday (9Am-4Pm),12:50:00,13:04:00,1,99,11,14,No,No,Low (<50%),,Vehicle Breakdown,100.00,4.1
TRP03297,05/02/2025,Wednesday,No,Midday (9Am-4Pm),13:49:00,13:59:00,10,77,3,10,No,No,Full (80-100%),Clear,Road Accident Nearby,70.00,1.8
TRP02732,23/04/2025,Wednesday,No,Morning Peak (7-9Am),07:48:00,08:26:00,12,19,5,38,No,No,Moderate (50-80%),Clear,Vehicle Breakdown,219.00,2.1
TRP00789,20/05/2025,Tuesday,No,Evening Peak (4-7Pm),18:21:00,18:39:00,8,114,1,18,No,No,Moderate (50-80%),Overcast,,86.00,1.7
TRP02335,18/03/2025,Tuesday,No,Evening Peak (4-7Pm),18:06:00,18:14:00,3,11,7,8,No,No,Overloaded (>100%),Clear,Road Construction,,1.4
TRP02277,15/07/2025,Tuesday,No,Midday (9Am-4Pm),09:26:00,09:38:00,7,104,7,12,No,No,Low (<50%),Heavy Rain,Road Construction,193.00,3.5
TRP03382,24/05/2025,Saturday,Yes,Evening Peak (4-7Pm),17:56:00,18:01:00,6,45,3,5,No,No,Moderate (50-80%),Clear,None,132.00,4.2
TRP01384,17/01/2025,Friday,No,Morning Peak (7-9Am),08:17:00,08:18:00,8,31,3,1,No,No,Low (<50%),Clear,None,78.00,4.6
TRP01450,08/07/2025,Tuesday,No,Morning Peak (7-9Am),07:17:00,07:30:00,2,120,6,13,No,No,Full (80-100%),Clear,Road Construction,130.00,3.0
TRP01569,14/01/2025,Tuesday,No,Evening Peak (4-7Pm),17:32:00,17:34:00,4,72,11,2,No,No,Moderate (50-80%),Clear,None,106.00,
TRP00588,02/03/2025,Sunday,Yes,Evening Peak (4-7Pm),17:13:00,17:12:00,1,47,5,-1,Yes,No,Overloaded (>100%),Clear,None,123.00,3.4
TRP00169,08/12/2025,Tuesday,No,Midday (9Am-4Pm),10:54:00,10:59:00,10,70,11,5,No,No,Low (<50%),Clear,Overloading Delay,70.00,3.7
TRP02953,08/07/2025,Tuesday,No,Night (7-10Pm),20:35:00,20:35:00,5,41,8,0,Yes,No,Low (<50%),Clear,None,70.00,4.1
TRP03429,08/08/2025,Friday,No,Early Morning (5-7Am),06:58:00,07:24:00,7,119,11,26,No,No,Low (<50%),Clear,Vehicle Breakdown,150.00,2.0
TRP02659,10/06/2025,Tuesday,No,Morning Peak (7-9Am),07:29:00,08:01:00,3,27,4,32,No,No,Moderate (50-80%),Clear,Vehicle Breakdown,,3.5
TRP01840,24/03/2025,Monday,No,Midday (9Am-4Pm),10:00:00,10:01:00,11,41,11,1,No,No,Full (80-100%),Clear,None,,
TRP01895,15/08/2025,Friday,No,Morning Peak (7-9Am),08:22:00,08:22:00,1,5,1,0,Yes,No,Moderate (50-80%),Overcast,None,153.00,3.2
TRP01674,25/05/2025,Sunday,Yes,Morning Peak (7-9Am),07:32:00,07:30:00,11,38,7,-2,Yes,No,,Light Rain,None,213.00,4.3
TRP03346,26/04/2025,Saturday,Yes,Evening Peak (4-7Pm),18:16:00,18:29:00,12,25,4,13,No,No,Moderate (50-80%),Light Rain,Vehicle Breakdown,268.00,3.1
TRP01659,03/03/2025,Monday,No,Morning Peak (7-9Am),07:41:00,08:17:00,4,75,8,36,No,No,Full (80-100%),Light Rain,Road Accident Nearby,123.00,2.1
TRP02079,12/08/2025,Tuesday,No,Night (7-10Pm),20:16:00,20:20:00,9,8,7,4,No,No,Moderate (50-80%),Light Rain,None,97.00,4.0
TRP02254,13/05/2025,Tuesday,No,Midday (9Am-4Pm),13:07:00,13:19:00,4,49,6,12,No,No,Moderate (50-80%),Light Rain,Vehicle Breakdown,89.00,3.7
TRP01638,15/05/2025,Thursday,No,Midday (9Am-4Pm),10:27:00,10:30:00,6,56,4,3,No,Yes,Moderate (50-80%),Clear,Police Checkpoint,100.00,2.2
TRP02240,15/05/2025,Thursday,No,Morning Peak (7-9Am),07:25:00,07:31:00,11,108,6,6,No,No,Full (80-100%),Overcast,Overloading Delay,142.00,2.8
TRP02298,23/03/2025,Sunday,Yes,Early Morning (5-7Am),06:40:00,06:49:00,8,1,5,9,No,No,Low (<50%),Clear,Road Accident Nearby,60.00,3.9
TRP02805,20/05/2025,Tuesday,No,Midday (9Am-4Pm),10:04:00,10:07:00,11,56,7,3,No,No,Full (80-100%),Clear,None,110.00,5.0
TRP03101,15/06/2025,Sunday,Yes,Midday (9Am-4Pm),10:40:00,10:39:00,10,77,3,-1,Yes,No,Moderate (50-80%),Light Rain,None,78.00,4.5
TRP02326,28/07/2025,Monday,No,Morning Peak (7-9Am),08:25:00,08:39:00,10,1,10,14,No,No,Full (80-100%),Clear,Police Checkpoint,88.00,3.4
TRP01162,25/05/2025,Sunday,Yes,Midday (9Am-4Pm),11:31:00,11:38:00,6,107,2,7,No,No,Low (<50%),Overcast,Road Construction,100.00,2.0
TRP02716,01/03/2025,Saturday,Yes,Morning Peak (7-9Am),07:31:00,07:59:00,3,51,9,28,No,No,Full (80-100%),Light Rain,Vehicle Breakdown,155.00,3.0
TRP00766,19/03/2025,Wednesday,No,Morning Peak (7-9Am),07:16:00,07:20:00,10,25,5,4,No,No,Low (<50%),Clear,Road Construction,107.00,3.1
TRP01848,17/08/2025,Sunday,Yes,Midday (9Am-4Pm),09:39:00,09:44:00,8,24,7,5,No,No,Full (80-100%),Clear,Road Accident Nearby,60.00,
TRP03007,13/06/2025,Friday,No,Early Morning (5-7Am),05:47:00,05:52:00,1,110,10,5,No,No,Low (<50%),Clear,Police Checkpoint,100.00,3.6
TRP00479,01/04/2025,Tuesday,No,Midday (9Am-4Pm),13:01:00,13:05:00,9,115,1,4,No,No,Full (80-100%),Light Rain,Police Checkpoint,89.00,2.8
TRP02701,09/01/2025,Thursday,No,Midday (9Am-4Pm),09:51:00,09:46:00,9,32,6,-5,Yes,No,Moderate (50-80%),Clear,None,80.00,3.0
TRP00848,22/02/2025,Saturday,Yes,Midday (9Am-4Pm),10:12:00,10:11:00,4,42,10,-1,Yes,No,Moderate (50-80%),Clear,Overloading Delay,80.00,2.7
TRP01827,18/06/2025,Wednesday,No,Morning Peak (7-9Am),08:23:00,08:33:00,10,82,3,10,No,No,Moderate (50-80%),,Road Accident Nearby,96.00,1.8
TRP00233,13/03/2025,Thursday,No,Morning Peak (7-9Am),07:09:00,07:21:00,3,106,3,12,No,No,Full (80-100%),Clear,Overloading Delay,181.00,3.1
TRP01056,26/03/2025,Wednesday,No,Evening Peak (4-7Pm),17:19:00,17:28:00,12,40,5,9,No,No,Low (<50%),Clear,Police Checkpoint,214.00,
TRP02765,18/08/2025,Monday,No,Evening Peak (4-7Pm),17:46:00,18:00:00,3,80,6,14,No,No,,Clear,Road Accident Nearby,134.00,2.9
TRP02398,26/06/2025,Thursday,No,Morning Peak (7-9Am),08:00:00,07:56:00,6,82,2,-4,Yes,No,Moderate (50-80%),,None,126.00,4.1
TRP00364,06/07/2025,Sunday,Yes,Midday (9Am-4Pm),15:09:00,15:16:00,4,44,9,7,No,No,Moderate (50-80%),Light Rain,None,102.00,3.3
TRP02927,06/06/2025,Friday,No,Evening Peak (4-7Pm),16:01:00,16:07:00,9,78,3,6,No,No,Overloaded (>100%),Light Rain,Overloading Delay,104.00,2.4
TRP00946,16/03/2025,Sunday,Yes,Evening Peak (4-7Pm),16:42:00,16:56:00,10,79,8,14,No,No,Full (80-100%),Heavy Rain,None,126.00,2.2
TRP03232,27/02/2025,Thursday,No,Morning Peak (7-9Am),08:05:00,08:08:00,7,101,2,3,No,No,,Clear,None,221.00,4.1
TRP03025,24/08/2025,Sunday,Yes,Midday (9Am-4Pm),13:36:00,14:07:00,8,26,7,31,No,No,Full (80-100%),Heavy Rain,Vehicle Breakdown,63.00,3.5
TRP00097,25/01/2025,Saturday,Yes,Midday (9Am-4Pm),09:57:00,09:53:00,7,113,6,-4,Yes,No,Low (<50%),Clear,,150.00,3.4
TRP00469,09/05/2025,Friday,No,Morning Peak (7-9Am),08:19:00,08:29:00,11,1,10,10,No,No,Full (80-100%),Overcast,Road Construction,171.00,4.4
TRP02825,26/03/2025,Wednesday,No,Evening Peak (4-7Pm),17:00:00,17:07:00,7,3,3,7,No,No,Full (80-100%),Clear,None,202.00,1.3
TRP01712,13/06/2025,Friday,No,Midday (9Am-4Pm),14:53:00,15:02:00,3,109,8,9,No,No,Low (<50%),Clear,Traffic Jam,120.00,1.0
TRP02853,18/01/2025,Saturday,Yes,Evening Peak (4-7Pm),17:13:00,17:11:00,2,62,8,-2,Yes,No,Moderate (50-80%),Clear,None,122.00,
TRP00084,27/08/2025,Wednesday,No,Midday (9Am-4Pm),14:32:00,14:30:00,7,103,2,-2,Yes,No,Moderate (50-80%),Overcast,None,150.00,4.1
TRP03350,15/04/2025,Tuesday,No,Midday (9Am-4Pm),10:15:00,10:27:00,6,104,4,12,No,No,,Clear,Road Accident Nearby,100.00,1.3
TRP02186,24/02/2025,Monday,No,Morning Peak (7-9Am),08:04:00,08:24:00,3,43,2,20,No,No,Moderate (50-80%),Clear,Police Checkpoint,172.00,3.7
TRP02952,25/04/2025,Friday,No,Evening Peak (4-7Pm),16:27:00,16:37:00,9,114,3,10,No,No,Full (80-100%),Light Rain,Overloading Delay,,3.7
TRP02409,04/08/2025,Monday,No,Evening Peak (4-7Pm),17:14:00,17:08:00,3,18,4,-6,Yes,No,Full (80-100%),Clear,None,151.00,3.0
TRP00718,17/05/2025,Saturday,Yes,Midday (9Am-4Pm),14:22:00,14:30:00,12,104,10,8,No,No,Overloaded (>100%),Clear,Road Construction,160.00,1.8
TRP01090,16/04/2025,Wednesday,No,Midday (9Am-4Pm),12:24:00,12:32:00,4,65,2,8,No,No,Low (<50%),Clear,None,80.00,1.0
TRP03341,15/06/2025,Sunday,Yes,Morning Peak (7-9Am),08:21:00,08:17:00,6,118,9,-4,Yes,No,Full (80-100%),Light Rain,None,166.00,2.3
TRP00539,07/02/2025,Friday,No,Midday (9Am-4Pm),12:30:00,12:57:00,5,53,8,27,No,No,Low (<50%),Clear,Vehicle Breakdown,70.00,
TRP02691,28/08/2025,Thursday,No,Evening Peak (4-7Pm),16:49:00,16:53:00,3,120,4,4,No,No,Moderate (50-80%),Clear,None,161.00,4.2
TRP01398,13/08/2025,Wednesday,No,Evening Peak (4-7Pm),16:14:00,16:13:00,5,105,10,-1,Yes,No,,Overcast,None,111.00,5.0
TRP01777,21/01/2025,Tuesday,No,Morning Peak (7-9Am),07:32:00,07:41:00,1,101,4,9,No,No,Overloaded (>100%),Clear,Overloading Delay,146.00,1.5
TRP00232,14/05/2025,Wednesday,No,Midday (9Am-4Pm),12:36:00,12:49:00,11,106,3,13,No,No,Moderate (50-80%),Heavy Rain,None,122.00,2.4
TRP02030,26/07/2025,Saturday,Yes,Midday (9Am-4Pm),15:44:00,15:55:00,12,47,11,11,No,No,,Heavy Rain,None,204.00,3.2
TRP01968,24/05/2025,Saturday,Yes,Evening Peak (4-7Pm),17:07:00,17:03:00,11,83,5,-4,Yes,No,Moderate (50-80%),Clear,None,156.00,1.3
TRP02891,05/04/2025,Saturday,Yes,Night (7-10Pm),21:39:00,21:49:00,1,1,8,10,No,No,,Heavy Rain,None,110.00,1.7
TRP00448,12/06/2025,Thursday,No,Morning Peak (7-9Am),07:10:00,07:24:00,12,54,2,14,No,No,Overloaded (>100%),Clear,Road Construction,233.00,1.0
TRP00676,12/05/2025,Monday,No,Midday (9Am-4Pm),11:20:00,11:21:00,6,34,11,1,No,No,Moderate (50-80%),,None,100.00,3.6
TRP01562,05/02/2025,Wednesday,No,Morning Peak (7-9Am),07:53:00,07:57:00,2,118,4,4,No,No,Moderate (50-80%),Light Rain,None,144.00,3.9
TRP00180,18/04/2025,Friday,No,Early Morning (5-7Am),06:43:00,06:49:00,8,68,5,6,No,No,Moderate (50-80%),Light Rain,Road Construction,65.00,2.8
TRP01358,03/08/2025,Sunday,Yes,Midday (9Am-4Pm),09:09:00,09:17:00,9,28,1,8,No,No,Low (<50%),Light Rain,Traffic Jam,97.00,2.4
TRP02844,16/08/2025,Saturday,Yes,Early Morning (5-7Am),06:53:00,07:06:00,12,12,10,13,No,No,Moderate (50-80%),Heavy Rain,,176.00,2.4
TRP02252,26/03/2025,Wednesday,No,Midday (9Am-4Pm),15:46:00,15:45:00,9,24,2,-1,Yes,No,  Moderate (50-80%)  ,Clear,Overloading Delay,80.00,4.3
TRP01909,23/03/2025,Sunday,Yes,Morning Peak (7-9Am),07:26:00,07:31:00,2,106,9,5,No,No,Moderate (50-80%),Clear,Overloading Delay,119.00,3.4
TRP01753,21/05/2025,Wednesday,No,Evening Peak (4-7Pm),18:54:00,18:54:00,8,29,9,0,Yes,No,Moderate (50-80%),Overcast,Overloading Delay,78.00,4.5
TRP01046,28/06/2025,Saturday,Yes,Evening Peak (4-7Pm),16:46:00,16:53:00,2,14,6,7,No,No,Moderate (50-80%),Light Rain,None,130.00,2.8
TRP01473,28/04/2025,Monday,No,Morning Peak (7-9Am),07:47:00,07:57:00,1,57,1,10,No,No,Overloaded (>100%),Clear,None,146.00,
TRP02117,01/06/2025,Sunday,Yes,Early Morning (5-7Am),05:14:00,05:09:00,1,103,11,-5,Yes,No,Low (<50%),Clear,Police Checkpoint,100.00,3.6
TRP01471,13/02/2025,Thursday,No,Morning Peak (7-9Am),08:22:00,08:35:00,3,19,1,13,No,No,Low (<50%),Clear,Road Construction,145.00,3.5
TRP00066,19/03/2025,Wednesday,No,Midday (9Am-4Pm),09:25:00,09:25:00,2,113,11,0,Yes,No,Low (<50%),Clear,None,90.00,3.6
TRP02706,07/03/2025,Friday,No,Midday (9Am-4Pm),15:48:00,16:14:00,7,106,9,26,No,No,Full (80-100%),Heavy Rain,Traffic Jam,174.00,2.1
TRP02856,29/05/2025,Thursday,No,Evening Peak (4-7Pm),17:55:00,18:04:00,8,33,2,9,No,No,Moderate (50-80%),Clear,Road Construction,80.00,2.9
TRP02268,19/04/2025,Saturday,Yes,Midday (9Am-4Pm),12:42:00,12:42:00,5,39,8,0,Yes,No,Moderate (50-80%),Clear,Road Construction,70.00,4.3
TRP03074,01/03/2025,Saturday,Yes,Midday (9Am-4Pm),09:05:00,09:00:00,3,49,5,-5,Yes,No,Overloaded (>100%),Clear,None,120.00,3.3
TRP00895,04/05/2025,Sunday,Yes,Midday (9Am-4Pm),15:55:00,15:53:00,11,70,10,-2,Yes,No,Moderate (50-80%),Clear,Police Checkpoint,110.00,3.6
TRP03490,22/07/2025,Tuesday,No,Night (7-10Pm),20:52:00,21:03:00,2,72,4,11,No,No,Full (80-100%),Light Rain,Road Construction,109.00,2.4
TRP02209,22/06/2025,Sunday,Yes,Midday (9Am-4Pm),15:00:00,14:56:00,6,49,11,-4,Yes,No,Overloaded (>100%),Light Rain,Overloading Delay,106.00,5.0
TRP00450,19/02/2025,Wednesday,No,Morning Peak (7-9Am),08:16:00,08:24:00,3,111,5,8,No,No,Overloaded (>100%),Clear,Overloading Delay,191.00,1.9
TRP01374,12/07/2025,Saturday,Yes,Early Morning (5-7Am),06:56:00,06:59:00,12,9,7,3,No,No,Low (<50%),Light Rain,None,172.00,3.7
TRP02293,10/05/2025,Saturday,Yes,Midday (9Am-4Pm),10:24:00,10:24:00,5,6,6,0,Yes,No,Moderate (50-80%),Clear,Overloading Delay,70.00,3.7
TRP00681,09/01/2025,Thursday,No,Evening Peak (4-7Pm),17:40:00,17:50:00,10,4,10,10,No,No,Full (80-100%),Clear,Road Construction,97.00,2.6
TRP02337,19/07/2025,Saturday,Yes,Midday (9Am-4Pm),15:50:00,15:44:00,9,94,1,-6,Yes,No,Low (<50%),Clear,None,80.00,2.2
TRP02147,19/07/2025,Saturday,Yes,Night (7-10Pm),19:19:00,19:17:00,12,31,8,-2,Yes,No,Low (<50%),Clear,None,160.00,3.6
TRP03275,17/01/2025,Friday,No,Early Morning (5-7Am),06:51:00,07:17:00,7,112,6,26,No,No,Full (80-100%),,Vehicle Breakdown,150.00,2.0
TRP01696,07/08/2025,Thursday,No,Midday (9Am-4Pm),12:00:00,12:00:00,8,81,10,0,Yes,No,,Overcast,None,60.00,4.9
TRP00002,18/04/2025,Friday,No,Early Morning (5-7Am),06:44:00,07:00:00,6,104,11,16,No,No,Full (80-100%),Light Rain,Road Accident Nearby,106.00,2.0
TRP00408,16/07/2025,Wednesday,No,Midday (9Am-4Pm),15:40:00,15:44:00,7,104,3,4,No,No,,Clear,None,150.00,4.1
TRP01004,10/02/2025,Monday,No,Evening Peak (4-7Pm),16:26:00,16:34:00,9,115,5,8,No,No,Low (<50%),Clear,None,108.00,3.0
TRP03339,06/01/2025,Monday,No,Morning Peak (7-9Am),07:14:00,07:16:00,4,79,3,2,No,No,  Full (80-100%)  ,,Police Checkpoint,136.00,4.4
TRP03285,14/08/2025,Thursday,No,Morning Peak (7-9Am),07:11:00,07:38:00,5,13,11,27,No,No,Overloaded (>100%),Clear,Traffic Jam,95.00,1.0
TRP00738,05/05/2025,Monday,No,Midday (9Am-4Pm),10:30:00,10:53:00,3,33,7,23,No,No,Moderate (50-80%),Clear,Vehicle Breakdown,120.00,2.5
TRP03215,01/01/2025,Wednesday,No,Evening Peak (4-7Pm),17:16:00,17:30:00,2,18,5,14,No,No,Moderate (50-80%),Overcast,Traffic Jam,104.00,1.7
TRP02430,26/08/2025,Tuesday,No,Morning Peak (7-9Am),07:05:00,07:30:00,9,47,6,25,No,No,Full (80-100%),Clear,Vehicle Breakdown,,3.2
TRP01283,30/05/2025,Friday,No,Morning Peak (7-9Am),08:27:00,08:40:00,7,53,10,13,No,No,Moderate (50-80%),Clear,Overloading Delay,222.00,2.2
TRP01114,04/04/2025,Friday,No,Morning Peak (7-9Am),07:43:00,07:49:00,8,76,2,6,No,No,Moderate (50-80%),Clear,None,88.00,2.5
TRP01869,31/03/2025,Monday,No,Morning Peak (7-9Am),08:47:00,08:50:00,11,4,6,3,No,No,Full (80-100%),Clear,Road Construction,138.00,4.5
TRP02847,03/05/2025,Saturday,Yes,Night (7-10Pm),21:34:00,21:28:00,8,65,7,-6,Yes,No,Moderate (50-80%),Clear,None,60.00,2.7
TRP02869,20/07/2025,Sunday,Yes,Midday (9Am-4Pm),13:39:00,13:54:00,2,26,7,15,No,No,Low (<50%),Heavy Rain,Overloading Delay,100.00,2.8
TRP03045,17/04/2025,Thursday,No,Evening Peak (4-7Pm),16:16:00,16:22:00,2,53,3,6,No,No,Full (80-100%),Clear,None,137.00,3.9
TRP01172,09/03/2025,Sunday,Yes,Early Morning (5-7Am),05:37:00,05:35:00,4,42,9,-2,Yes,No,Low (<50%),Clear,None,80.00,3.7
TRP00563,08/03/2025,Saturday,Yes,Midday (9Am-4Pm),15:10:00,15:21:00,9,21,7,11,No,No,Moderate (50-80%),Clear,Traffic Jam,80.00,3.0
TRP02484,15/02/2025,Saturday,Yes,Midday (9Am-4Pm),14:00:00,14:17:00,12,13,4,17,No,No,Full (80-100%),Light Rain,Traffic Jam,172.00,2.3
TRP01281,27/01/2025,Monday,No,Evening Peak (4-7Pm),16:26:00,16:45:00,11,86,2,19,No,No,Full (80-100%),Clear,Vehicle Breakdown,137.00,1.9
TRP00373,25/03/2025,Tuesday,No,Morning Peak (7-9Am),08:04:00,08:15:00,7,77,2,11,No,No,Moderate (50-80%),Heavy Rain,None,226.00,2.8
TRP03413,22/08/2025,Friday,No,Evening Peak (4-7Pm),17:08:00,17:41:00,8,70,10,33,No,No,Overloaded (>100%),Overcast,Vehicle Breakdown,72.00,2.7
TRP03446,30/04/2025,Wednesday,No,Morning Peak (7-9Am),08:00:00,08:05:00,10,42,6,5,No,No,Moderate (50-80%),Light Rain,Overloading Delay,127.00,3.0
TRP02571,26/05/2025,Monday,No,Morning Peak (7-9Am),07:12:00,07:19:00,2,69,4,7,No,No,Full (80-100%),Clear,Police Checkpoint,123.00,1.2
TRP01732,05/07/2025,Saturday,Yes,Midday (9Am-4Pm),15:10:00,15:05:00,10,62,6,-5,Yes,No,Moderate (50-80%),Overcast,None,70.00,5.0
TRP02076,18/06/2025,Wednesday,No,Midday (9Am-4Pm),14:11:00,14:08:00,10,119,,-3,Yes,No,Moderate (50-80%),Clear,None,70.00,3.8
TRP01549,07/01/2025,Tuesday,No,Evening Peak (4-7Pm),16:34:00,16:37:00,2,13,9,3,No,No,Full (80-100%),Clear,None,120.00,3.1
TRP01411,14/08/2025,Thursday,No,Evening Peak (4-7Pm),17:32:00,17:36:00,10,78,8,4,No,No,Moderate (50-80%),Light Rain,None,117.00,3.8
TRP00690,20/06/2025,Friday,No,Midday (9Am-4Pm),10:36:00,10:54:00,5,113,8,18,No,No,Full (80-100%),Light Rain,Road Accident Nearby,85.00,1.6
TRP01656,29/07/2025,Tuesday,No,Morning Peak (7-9Am),08:22:00,08:23:00,6,51,,1,No,No,Full (80-100%),Clear,None,110.00,5.0
TRP02067,12/02/2025,Wednesday,No,Morning Peak (7-9Am),07:49:00,07:55:00,3,43,8,6,No,No,Moderate (50-80%),Light Rain,None,228.00,1.6
TRP00123,16/04/2025,Wednesday,No,Midday (9Am-4Pm),13:02:00,13:03:00,10,47,6,1,No,Yes,Moderate (50-80%),Overcast,Road Construction,70.00,1.9
TRP01147,04/03/2025,Tuesday,No,Midday (9Am-4Pm),15:18:00,15:24:00,4,79,11,6,No,No,Full (80-100%),Clear,Road Accident Nearby,80.00,4.8
TRP00009,20/03/2025,Thursday,No,Evening Peak (4-7Pm),17:09:00,17:22:00,6,70,10,13,No,No,Moderate (50-80%),Clear,Road Accident Nearby,155.00,2.1
TRP01026,21/06/2025,Saturday,Yes,Midday (9Am-4Pm),12:45:00,13:03:00,2,84,9,18,No,Yes,Full (80-100%),Clear,Vehicle Breakdown,90.00,1.9
TRP01372,23/05/2025,Friday,No,Morning Peak (7-9Am),08:18:00,08:28:00,9,7,8,10,No,No,Moderate (50-80%),Clear,Police Checkpoint,109.00,
TRP01559,30/01/2025,Thursday,No,Midday (9Am-4Pm),10:32:00,10:50:00,8,68,11,18,No,No,Moderate (50-80%),Overcast,Road Accident Nearby,60.00,3.3
TRP01919,11/02/2025,Tuesday,No,Morning Peak (7-9Am),07:44:00,07:50:00,3,120,1,6,No,No,Full (80-100%),Clear,Police Checkpoint,157.00,
TRP00315,03/08/2025,Sunday,Yes,Night (7-10Pm),20:42:00,20:38:00,2,106,2,-4,Yes,No,Moderate (50-80%),,None,90.00,3.5
TRP01901,23/05/2025,Friday,No,Evening Peak (4-7Pm),18:23:00,18:29:00,6,76,2,6,No,No,,,Traffic Jam,159.00,4.3
TRP01556,19/03/2025,Wednesday,No,Evening Peak (4-7Pm),17:32:00,17:57:00,6,51,2,25,No,No,Full (80-100%),Clear,Vehicle Breakdown,129.00,1.7
TRP01053,18/05/2025,Sunday,Yes,Midday (9Am-4Pm),14:09:00,14:11:00,5,31,3,2,No,No,Moderate (50-80%),Clear,Road Accident Nearby,70.00,2.5
TRP02316,10/02/2025,Monday,No,Midday (9Am-4Pm),10:27:00,10:45:00,12,87,5,18,No,No,Moderate (50-80%),Clear,Road Accident Nearby,160.00,2.8
TRP01538,14/07/2025,Monday,No,Evening Peak (4-7Pm),17:56:00,18:24:00,7,43,6,28,No,No,Moderate (50-80%),Overcast,Vehicle Breakdown,205.00,2.5
TRP02026,10/03/2025,Monday,No,Midday (9Am-4Pm),14:21:00,14:15:00,5,21,9,-6,Yes,No,Moderate (50-80%),Clear,None,70.00,
TRP03120,20/06/2025,Friday,No,Evening Peak (4-7Pm),18:38:00,18:38:00,3,113,2,0,Yes,No,Full (80-100%),Heavy Rain,None,223.00,3.6
TRP01365,15/07/2025,Tuesday,No,Midday (9Am-4Pm),10:43:00,11:07:00,3,102,11,24,No,No,Full (80-100%),Clear,Road Accident Nearby,120.00,
TRP00717,17/06/2025,Tuesday,No,Night (7-10Pm),20:20:00,20:20:00,4,80,8,0,Yes,No,Full (80-100%),Clear,None,80.00,5.0
TRP03287,11/01/2025,Saturday,Yes,Midday (9Am-4Pm),09:38:00,09:43:00,8,81,2,5,No,No,Low (<50%),Light Rain,Road Construction,64.00,1.7
TRP02347,23/07/2025,Wednesday,No,Evening Peak (4-7Pm),16:21:00,16:42:00,3,71,11,21,No,No,Full (80-100%),Light Rain,Road Accident Nearby,160.00,2.2
TRP00877,21/03/2025,Friday,No,Evening Peak (4-7Pm),17:00:00,17:22:00,7,113,3,22,No,No,Overloaded (>100%),Overcast,Road Accident Nearby,233.00,
TRP00062,03/02/2025,Monday,No,Evening Peak (4-7Pm),18:43:00,18:54:00,8,36,4,11,No,Yes,Full (80-100%),,None,114.00,1.6
TRP00631,30/04/2025,Wednesday,No,Morning Peak (7-9Am),08:54:00,09:07:00,7,6,1,13,No,No,Full (80-100%),Light Rain,Road Construction,212.00,3.8
TRP00781,28/03/2025,Friday,No,Evening Peak (4-7Pm),17:00:00,17:15:00,10,70,5,15,No,No,Moderate (50-80%),Light Rain,Overloading Delay,109.00,
TRP03067,27/05/2025,Tuesday,No,Morning Peak (7-9Am),07:59:00,08:04:00,12,85,2,5,No,No,Full (80-100%),Light Rain,None,293.00,2.6
TRP01148,23/03/2025,Sunday,Yes,Midday (9Am-4Pm),14:52:00,15:11:00,4,97,4,19,No,No,Moderate (50-80%),Overcast,Vehicle Breakdown,80.00,4.4
TRP02812,01/04/2025,Tuesday,No,Evening Peak (4-7Pm),16:02:00,16:27:00,11,55,10,25,No,No,Full (80-100%),Clear,Vehicle Breakdown,140.00,1.3
TRP00646,10/07/2025,Thursday,No,Morning Peak (7-9Am),08:02:00,08:12:00,1,120,6,10,No,No,Low (<50%),Clear,Road Construction,118.00,1.9
TRP03173,13/07/2025,Sunday,Yes,Midday (9Am-4Pm),13:16:00,13:16:00,9,19,2,0,Yes,No,Overloaded (>100%),,None,88.00,3.9
TRP00832,18/03/2025,Tuesday,No,Midday (9Am-4Pm),09:07:00,09:15:00,12,103,9,8,No,No,Moderate (50-80%),Clear,Road Construction,160.00,
TRP01834,04/06/2025,Wednesday,No,Midday (9Am-4Pm),13:01:00,13:06:00,7,82,1,5,No,No,Full (80-100%),Light Rain,Traffic Jam,168.00,2.7
TRP03236,19/06/2025,Thursday,No,Midday (9Am-4Pm),09:59:00,10:06:00,12,106,4,7,No,No,Low (<50%),Light Rain,None,194.00,1.7
TRP02081,19/07/2025,Saturday,Yes,Early Morning (5-7Am),06:02:00,06:14:00,4,105,9,12,No,No,Full (80-100%),Clear,Vehicle Breakdown,80.00,2.2
TRP02833,17/07/2025,Thursday,No,Midday (9Am-4Pm),12:08:00,12:21:00,7,117,1,13,No,No,Low (<50%),Light Rain,Road Accident Nearby,174.00,1.4
TRP00829,27/01/2025,Monday,No,Midday (9Am-4Pm),13:24:00,13:34:00,6,34,4,10,No,No,Moderate (50-80%),Clear,Traffic Jam,100.00,5.0
TRP02549,14/07/2025,Monday,No,Early Morning (5-7Am),05:09:00,05:19:00,1,70,8,10,No,No,Low (<50%),Heavy Rain,None,120.00,
TRP03485,22/02/2025,Saturday,Yes,Early Morning (5-7Am),05:43:00,05:44:00,6,110,10,1,No,No,Moderate (50-80%),Heavy Rain,None,121.00,4.0
TRP01994,01/08/2025,Friday,No,Morning Peak (7-9Am),08:07:00,08:28:00,12,120,1,21,No,No,Full (80-100%),Clear,Traffic Jam,237.00,
TRP02916,02/07/2025,Wednesday,No,Morning Peak (7-9Am),08:49:00,09:24:00,2,94,1,35,No,No,Full (80-100%),Clear,Vehicle Breakdown,141.00,2.8
TRP01628,30/03/2025,Sunday,Yes,Midday (9Am-4Pm),10:25:00,10:19:00,3,59,11,-6,Yes,No,Full (80-100%),Clear,None,120.00,2.6
TRP01734,04/05/2025,Sunday,Yes,Morning Peak (7-9Am),07:58:00,07:54:00,5,64,11,-4,Yes,No,Full (80-100%),Clear,None,109.00,4.3
TRP03158,10/06/2025,Tuesday,No,Morning Peak (7-9Am),07:45:00,07:46:00,11,91,7,1,No,No,Low (<50%),Clear,None,135.00,2.4
TRP00222,03/07/2025,Thursday,No,Evening Peak (4-7Pm),17:13:00,17:34:00,3,99,6,21,No,No,Full (80-100%),Heavy Rain,None,225.00,2.3
TRP01825,16/07/2025,Wednesday,No,Evening Peak (4-7Pm),16:05:00,16:14:00,7,115,9,9,No,No,Moderate (50-80%),Clear,Police Checkpoint,231.00,3.7
TRP00649,25/07/2025,Friday,No,Midday (9Am-4Pm),12:01:00,12:17:00,12,29,3,16,No,No,Full (80-100%),Clear,Road Accident Nearby,160.00,3.4
   ,18/06/2025,Wednesday,No,Early Morning (5-7Am),05:26:00,05:30:00,8,120,8,4,No,No,Full (80-100%),Clear,Police Checkpoint,60.00,
TRP01835,19/05/2025,Monday,No,Evening Peak (4-7Pm),18:17:00,18:29:00,4,95,3,12,No,No,Low (<50%),Overcast,Traffic Jam,126.00,2.9
TRP01572,27/06/2025,Friday,No,Night (7-10Pm),20:01:00,20:29:00,12,76,9,28,No,No,,Clear,Vehicle Breakdown,160.00,
TRP02544,21/02/2025,Friday,No,Midday (9Am-4Pm),15:54:00,16:03:00,5,88,4,9,No,No,Moderate (50-80%),Light Rain,None,77.00,3.4
TRP00590,11/08/2025,Monday,No,Evening Peak (4-7Pm),17:42:00,17:53:00,2,67,3,11,No,No,Full (80-100%),Clear,Road Construction,132.00,1.8
TRP03421,20/04/2025,Sunday,Yes,Evening Peak (4-7Pm),17:14:00,17:20:00,3,28,1,6,No,No,Full (80-100%),Overcast,None,139.00,1.5
TRP00474,10/03/2025,Monday,No,Midday (9Am-4Pm),11:44:00,11:59:00,12,37,4,15,No,No,,Clear,Road Accident Nearby,160.00,
TRP00175,27/04/2025,Sunday,Yes,Night (7-10Pm),20:50:00,20:49:00,3,32,3,-1,Yes,No,Full (80-100%),Light Rain,Police Checkpoint,130.00,3.8
TRP01100,10/05/2025,Saturday,Yes,Evening Peak (4-7Pm),16:07:00,16:30:00,12,15,1,23,No,No,Moderate (50-80%),Heavy Rain,Road Construction,207.00,2.0
TRP02595,18/05/2025,Sunday,Yes,Midday (9Am-4Pm),09:13:00,09:10:00,7,18,5,-3,Yes,No,Low (<50%),Clear,Overloading Delay,,3.6
TRP01323,19/07/2025,Saturday,Yes,Night (7-10Pm),19:07:00,19:12:00,9,1,6,5,No,No,Full (80-100%),Clear,Traffic Jam,80.00,3.6
TRP03271,18/02/2025,Tuesday,No,Midday (9Am-4Pm),12:12:00,12:34:00,10,63,6,22,No,No,Low (<50%),Light Rain,Road Accident Nearby,82.00,
TRP01625,14/06/2025,Saturday,Yes,Morning Peak (7-9Am),08:59:00,09:01:00,12,80,2,2,No,No,,Light Rain,None,281.00,2.9
TRP01396,29/01/2025,Wednesday,No,Midday (9Am-4Pm),12:33:00,12:40:00,7,36,9,7,No,No,Low (<50%),Clear,Overloading Delay,150.00,1.2
TRP01910,28/01/2025,Tuesday,No,Midday (9Am-4Pm),09:59:00,10:21:00,4,102,7,22,No,No,Full (80-100%),Clear,Road Accident Nearby,80.00,2.4
TRP01273,05/03/2025,Wednesday,No,Morning Peak (7-9Am),07:41:00,07:45:00,7,119,11,4,No,No,Full (80-100%),Clear,None,177.00,4.3
TRP01979,21/01/2025,Tuesday,No,Evening Peak (4-7Pm),16:26:00,16:33:00,8,51,4,7,No,No,Moderate (50-80%),Clear,None,83.00,2.4
TRP00767,08/07/2025,Tuesday,No,Night (7-10Pm),21:14:00,21:14:00,1,46,9,0,Yes,No,Low (<50%),Clear,None,100.00,4.9
TRP01164,21/08/2025,Thursday,No,Early Morning (5-7Am),06:17:00,06:28:00,8,86,9,11,No,No,Low (<50%),Clear,Traffic Jam,60.00,2.8
TRP03469,22/03/2025,Saturday,Yes,Midday (9Am-4Pm),09:50:00,09:51:00,10,7,10,1,No,Yes,Moderate (50-80%),Clear,None,70.00,1.0
TRP02050,21/05/2025,Wednesday,No,Morning Peak (7-9Am),07:34:00,07:45:00,10,114,4,11,No,No,Overloaded (>100%),Heavy Rain,None,102.00,2.3
TRP01699,05/01/2025,Sunday,Yes,Midday (9Am-4Pm),12:05:00,12:06:00,8,16,2,1,No,No,Low (<50%),Light Rain,None,64.00,3.6
TRP03014,31/05/2025,Saturday,Yes,Early Morning (5-7Am),06:58:00,06:57:00,8,20,5,-1,Yes,No,Moderate (50-80%),Light Rain,None,64.00,4.5
TRP01207,25/02/2025,Tuesday,No,Evening Peak (4-7Pm),18:27:00,18:36:00,12,92,4,9,No,No,Overloaded (>100%),Light Rain,Road Construction,216.00,3.4
TRP01166,06/05/2025,Tuesday,No,Morning Peak (7-9Am),07:47:00,07:58:00,5,90,2,11,No,No,Full (80-100%),Heavy Rain,None,111.00,3.7
TRP03164,16/05/2025,Friday,No,Morning Peak (7-9Am),07:46:00,08:03:00,11,59,5,17,No,No,Moderate (50-80%),Light Rain,Traffic Jam,196.00,2.2
TRP02963,06/08/2025,Wednesday,No,Early Morning (5-7Am),06:42:00,06:47:00,12,37,6,5,No,No,Low (<50%),Light Rain,None,173.00,3.7
TRP03065,05/06/2025,Thursday,No,Evening Peak (4-7Pm),17:56:00,18:14:00,6,32,1,18,No,No,Full (80-100%),Light Rain,Vehicle Breakdown,147.00,1.8
TRP02520,04/04/2025,Friday,No,Midday (9Am-4Pm),12:52:00,13:04:00,11,97,10,12,No,No,Full (80-100%),Clear,Road Accident Nearby,110.00,1.8
TRP01688,26/01/2025,Sunday,Yes,Midday (9Am-4Pm),15:23:00,15:22:00,7,49,5,-1,Yes,No,Moderate (50-80%),Clear,None,150.00,2.8
TRP02705,09/02/2025,Sunday,Yes,Morning Peak (7-9Am),07:14:00,07:08:00,6,114,10,-6,Yes,No,Moderate (50-80%),Clear,None,143.00,
TRP02865,22/08/2025,Friday,No,Morning Peak (7-9Am),08:04:00,08:14:00,10,19,8,10,No,No,Full (80-100%),Clear,None,91.00,2.1
TRP02010,19/02/2025,Wednesday,No,Midday (9Am-4Pm),15:49:00,15:47:00,7,118,2,-2,Yes,No,Moderate (50-80%),Clear,None,150.00,4.3
TRP01590,18/01/2025,Saturday,Yes,Midday (9Am-4Pm),13:32:00,13:32:00,9,57,3,0,Yes,No,Moderate (50-80%),,Police Checkpoint,80.00,1.6
TRP00510,23/04/2025,Wednesday,No,Midday (9Am-4Pm),15:28:00,15:30:00,7,42,3,2,No,No,,Clear,None,150.00,3.7
TRP02329,15/08/2025,Friday,No,Evening Peak (4-7Pm),18:29:00,18:35:00,2,115,8,6,No,No,Low (<50%),Clear,None,117.00,3.0
TRP00321,25/04/2025,Friday,No,Evening Peak (4-7Pm),18:12:00,18:26:00,11,65,9,14,No,No,Full (80-100%),Overcast,Traffic Jam,158.00,2.0
TRP02898,16/01/2025,Thursday,No,Morning Peak (7-9Am),07:25:00,07:30:00,9,67,7,5,No,No,Overloaded (>100%),Clear,None,102.00,1.2
TRP01653,24/07/2025,Thursday,No,Evening Peak (4-7Pm),16:59:00,16:57:00,9,75,1,-2,Yes,No,Low (<50%),Light Rain,None,105.00,4.0
TRP02558,26/05/2025,Monday,No,Early Morning (5-7Am),06:54:00,06:48:00,9,6,4,-6,Yes,No,Moderate (50-80%),Clear,None,80.00,2.9
TRP00579,04/06/2025,Wednesday,No,Midday (9Am-4Pm),12:26:00,12:38:00,3,98,5,12,No,No,Full (80-100%),,Road Construction,120.00,1.8
TRP00850,13/05/2025,Tuesday,No,Early Morning (5-7Am),06:14:00,06:19:00,7,43,4,5,No,No,Moderate (50-80%),Overcast,None,150.00,
TRP00021,04/07/2025,Friday,No,Night (7-10Pm),21:19:00,21:19:00,4,99,4,0,Yes,No,Low (<50%),Clear,None,80.00,3.0
TRP03006,02/07/2025,Wednesday,No,Midday (9Am-4Pm),13:31:00,13:31:00,1,81,3,0,Yes,No,Low (<50%),Clear,Road Construction,100.00,3.4
TRP01873,09/05/2025,Friday,No,Evening Peak (4-7Pm),17:07:00,17:17:00,12,76,11,10,No,No,Moderate (50-80%),Clear,Police Checkpoint,179.00,2.7
TRP03362,20/04/2025,Sunday,Yes,Evening Peak (4-7Pm),16:20:00,16:42:00,8,113,3,22,No,No,Moderate (50-80%),Overcast,Vehicle Breakdown,92.00,
TRP00782,16/05/2025,Friday,No,Evening Peak (4-7Pm),16:39:00,17:08:00,4,103,3,29,No,No,Moderate (50-80%),Heavy Rain,Road Accident Nearby,120.00,3.8
TRP02661,09/03/2025,Sunday,Yes,Midday (9Am-4Pm),12:08:00,12:09:00,4,4,2,1,No,No,Full (80-100%),Clear,Police Checkpoint,80.00,2.7
TRP02828,11/08/2025,Monday,No,Morning Peak (7-9Am),07:49:00,08:00:00,6,51,6,11,No,No,Full (80-100%),Clear,Road Accident Nearby,123.00,3.3
TRP03456,02/02/2025,Sunday,Yes,Early Morning (5-7Am),05:01:00,05:01:00,4,4,9,0,Yes,No,Moderate (50-80%),Overcast,Police Checkpoint,80.00,3.3
TRP02822,09/06/2025,Monday,No,Morning Peak (7-9Am),07:20:00,07:37:00,8,4,3,17,No,No,Overloaded (>100%),Light Rain,Traffic Jam,,5.8
TRP00604,31/07/2025,Thursday,No,Midday (9Am-4Pm),14:03:00,14:05:00,4,42,5,2,No,No,Moderate (50-80%),Light Rain,None,97.00,3.7
TRP01078,16/06/2025,Monday,No,Midday (9Am-4Pm),11:00:00,11:01:00,8,15,8,1,No,No,Overloaded (>100%),Overcast,Overloading Delay,60.00,4.2
TRP00172,30/07/2025,Wednesday,No,Morning Peak (7-9Am),07:30:00,07:40:00,2,103,2,10,No,No,Low (<50%),Clear,Road Construction,140.00,1.7
TRP02741,08/06/2025,Sunday,Yes,Midday (9Am-4Pm),13:47:00,13:49:00,8,48,7,2,No,No,Low (<50%),Clear,Road Construction,60.00,5.0
TRP02645,10/06/2025,Tuesday,No,Morning Peak (7-9Am),07:20:00,07:23:00,3,21,5,3,No,No,Moderate (50-80%),Clear,None,146.00,4.0
TRP00778,20/05/2025,Tuesday,No,Night (7-10Pm),21:40:00,21:48:00,4,53,3,8,No,No,Moderate (50-80%),Clear,Road Construction,80.00,3.1
TRP02227,10/02/2025,Monday,No,Morning Peak (7-9Am),07:30:00,07:33:00,4,4,8,3,No,No,Overloaded (>100%),,Overloading Delay,107.00,3.4
TRP02433,24/07/2025,Thursday,No,Morning Peak (7-9Am),07:37:00,07:52:00,2,80,8,15,No,No,Moderate (50-80%),,Police Checkpoint,128.00,1.5
TRP02931,12/05/2025,Monday,No,Morning Peak (7-9Am),07:22:00,07:42:00,2,37,9,20,No,No,Full (80-100%),Clear,Vehicle Breakdown,136.00,4.4
TRP00170,03/05/2025,Saturday,Yes,Night (7-10Pm),20:57:00,20:57:00,3,4,9,0,Yes,No,Low (<50%),Clear,Road Construction,120.00,3.8
TRP00514,12/02/2025,Wednesday,No,Morning Peak (7-9Am),08:15:00,08:35:00,10,65,8,20,No,No,Moderate (50-80%),Light Rain,Traffic Jam,101.00,2.8
TRP00294,20/02/2025,Thursday,No,Morning Peak (7-9Am),08:17:00,08:23:00,8,53,2,6,No,No,Overloaded (>100%),Clear,None,,3.2
TRP01497,22/03/2025,Saturday,Yes,Midday (9Am-4Pm),09:57:00,10:05:00,12,103,,8,No,No,Full (80-100%),Overcast,Road Construction,160.00,3.4
TRP02642,14/05/2025,Wednesday,No,Evening Peak (4-7Pm),17:49:00,17:57:00,2,79,,8,No,No,Low (<50%),Clear,None,108.00,2.4
TRP03438,11/06/2025,Wednesday,No,Evening Peak (4-7Pm),16:42:00,16:59:00,10,67,2,17,No,No,Full (80-100%),Clear,None,109.00,1.1
TRP01852,23/03/2025,Sunday,Yes,Morning Peak (7-9Am),08:02:00,08:04:00,5,35,4,2,No,No,Moderate (50-80%),Light Rain,None,108.00,3.2
TRP01782,22/06/2025,Sunday,Yes,Morning Peak (7-9Am),08:46:00,09:05:00,12,80,8,19,No,No,Low (<50%),Clear,Vehicle Breakdown,202.00,1.5
TRP01262,03/06/2025,Tuesday,No,Night (7-10Pm),20:53:00,20:50:00,9,84,9,-3,Yes,No,Overloaded (>100%),,Overloading Delay,80.00,3.0
TRP01808,12/07/2025,Saturday,Yes,Evening Peak (4-7Pm),18:06:00,18:11:00,3,76,9,5,No,No,Full (80-100%),,None,182.00,3.5
TRP00114,18/03/2025,Tuesday,No,Midday (9Am-4Pm),14:15:00,14:20:00,7,73,10,5,No,No,Low (<50%),Clear,Overloading Delay,150.00,2.6
TRP01708,20/05/2025,Tuesday,No,Night (7-10Pm),20:55:00,21:10:00,4,28,10,15,No,No,Moderate (50-80%),Clear,Road Accident Nearby,80.00,3.0
TRP02830,27/04/2025,Sunday,Yes,Night (7-10Pm),19:31:00,19:30:00,3,106,10,-1,Yes,No,Moderate (50-80%),Clear,None,120.00,4.1
TRP00929,05/03/2025,Wednesday,No,Midday (9Am-4Pm),15:08:00,15:07:00,11,57,8,-1,Yes,No,Moderate (50-80%),Clear,,110.00,3.8
TRP03051,04/01/2025,Saturday,Yes,Midday (9Am-4Pm),14:00:00,13:54:00,8,1,8,-6,Yes,No,Moderate (50-80%),Clear,None,60.00,
TRP02938,12/06/2025,Thursday,No,Midday (9Am-4Pm),10:17:00,10:43:00,11,60,9,26,No,No,,Light Rain,Vehicle Breakdown,123.00,3.4
TRP01601,17/08/2025,Sunday,Yes,Morning Peak (7-9Am),07:03:00,07:04:00,12,3,7,1,No,No,Moderate (50-80%),Clear,None,188.00,2.9
TRP03230,06/03/2025,Thursday,No,Evening Peak (4-7Pm),18:52:00,18:57:00,10,119,11,5,No,No,Overloaded (>100%),Clear,None,98.00,1.2
TRP00314,23/02/2025,Sunday,Yes,Evening Peak (4-7Pm),16:50:00,17:02:00,6,43,5,12,No,No,Overloaded (>100%),Clear,Traffic Jam,145.00,2.5
TRP01819,23/05/2025,Friday,No,Evening Peak (4-7Pm),18:00:00,18:08:00,2,2,4,8,No,No,Moderate (50-80%),Clear,None,142.00,2.4
TRP00612,06/02/2025,Thursday,No,Morning Peak (7-9Am),07:33:00,07:42:00,3,17,1,9,No,No,Moderate (50-80%),,Road Construction,133.00,
TRP00825,04/02/2025,Tuesday,No,Morning Peak (7-9Am),07:48:00,08:05:00,10,66,8,17,No,No,Overloaded (>100%),Clear,Road Construction,95.00,3.3
TRP01230,09/06/2025,Monday,No,Midday (9Am-4Pm),10:13:00,10:13:00,2,95,10,0,Yes,No,Full (80-100%),Overcast,None,90.00,1.9
TRP00803,14/01/2025,Tuesday,No,Early Morning (5-7Am),05:40:00,05:35:00,7,44,8,-5,Yes,No,Moderate (50-80%),,Police Checkpoint,150.00,4.7
TRP01451,09/05/2025,Friday,No,Evening Peak (4-7Pm),16:35:00,16:48:00,12,31,9,13,No,No,Full (80-100%),Clear,Vehicle Breakdown,230.00,2.3
TRP01866,01/04/2025,Tuesday,No,Evening Peak (4-7Pm),16:33:00,16:56:00,1,50,2,23,No,No,Low (<50%),Light Rain,Traffic Jam,165.00,2.6
TRP02532,07/02/2025,Friday,No,Midday (9Am-4Pm),14:20:00,14:17:00,11,75,7,-3,Yes,No,Moderate (50-80%),Clear,None,110.00,2.6
TRP02959,19/08/2025,Tuesday,No,Midday (9Am-4Pm),09:52:00,09:55:00,8,104,10,3,No,No,Low (<50%),Clear,None,60.00,3.4
TRP01814,26/03/2025,Wednesday,No,Morning Peak (7-9Am),07:06:00,07:33:00,10,28,8,27,No,No,Overloaded (>100%),Clear,Vehicle Breakdown,93.00,4.6
TRP00966,17/03/2025,Monday,No,Early Morning (5-7Am),06:35:00,06:41:00,10,80,6,6,No,No,Full (80-100%),Clear,Road Accident Nearby,70.00,3.3
TRP03428,16/04/2025,Wednesday,No,Evening Peak (4-7Pm),16:45:00,16:53:00,7,76,11,8,No,No,Moderate (50-80%),Clear,Police Checkpoint,215.00,2.2
TRP02158,01/01/2025,Wednesday,No,Midday (9Am-4Pm),12:09:00,12:10:00,12,104,11,1,No,No,Moderate (50-80%),Clear,None,,4.0
TRP01070,23/08/2025,Saturday,Yes,Night (7-10Pm),21:03:00,21:24:00,3,111,2,21,No,No,Low (<50%),Clear,Vehicle Breakdown,120.00,3.0
   ,07/06/2025,Saturday,Yes,Evening Peak (4-7Pm),17:14:00,17:11:00,2,98,4,-3,Yes,No,Full (80-100%),Clear,Police Checkpoint,110.00,4.2
TRP00019,08/01/2025,Friday,No,Midday (9Am-4Pm),12:48:00,12:47:00,8,85,5,-1,Yes,No,Full (80-100%),Clear,Police Checkpoint,60.00,
TRP00779,11/01/2025,Saturday,Yes,Evening Peak (4-7Pm),17:04:00,17:08:00,11,74,7,4,No,No,Low (<50%),Light Rain,None,193.00,4.3
TRP03375,26/05/2025,Monday,No,Early Morning (5-7Am),06:00:00,06:10:00,3,94,8,10,No,No,Full (80-100%),Light Rain,Road Construction,154.00,4.2
TRP00427,09/04/2025,Wednesday,No,Evening Peak (4-7Pm),16:51:00,16:51:00,1,59,6,0,Yes,No,Full (80-100%),Clear,None,146.00,3.0
TRP00371,20/08/2025,Wednesday,No,Evening Peak (4-7Pm),16:58:00,17:03:00,6,101,3,5,No,Yes,Moderate (50-80%),Light Rain,None,132.00,4.0
TRP01747,28/02/2025,Friday,No,Midday (9Am-4Pm),10:34:00,11:04:00,11,23,9,30,No,No,Moderate (50-80%),,Vehicle Breakdown,134.00,2.5
TRP00159,15/06/2025,Sunday,Yes,Midday (9Am-4Pm),10:52:00,10:46:00,10,87,3,-6,Yes,No,Low (<50%),Clear,None,70.00,2.6
TRP02271,11/06/2025,Wednesday,No,Midday (9Am-4Pm),12:55:00,13:16:00,7,27,2,21,No,No,Moderate (50-80%),Clear,,150.00,2.2
TRP01040,13/05/2025,Tuesday,No,Midday (9Am-4Pm),12:30:00,12:32:00,3,85,8,2,No,No,  Moderate (50-80%)  ,Clear,None,120.00,2.9
TRP02617,12/01/2025,Sunday,Yes,Midday (9Am-4Pm),15:22:00,15:19:00,12,113,5,-3,Yes,No,Low (<50%),Clear,None,160.00,3.5
TRP02276,18/01/2025,Saturday,Yes,Morning Peak (7-9Am),08:03:00,08:10:00,9,117,5,7,No,No,Full (80-100%),Clear,Traffic Jam,102.00,3.5
TRP00490,18/08/2025,Monday,No,Midday (9Am-4Pm),12:54:00,12:54:00,1,67,5,0,Yes,No,Low (<50%),Light Rain,None,107.00,4.0
TRP00771,22/05/2025,Thursday,No,Midday (9Am-4Pm),09:18:00,09:33:00,6,107,9,15,No,No,Moderate (50-80%),Clear,Road Accident Nearby,100.00,2.0
TRP00854,31/05/2025,Saturday,Yes,Evening Peak (4-7Pm),18:54:00,18:55:00,3,70,5,1,No,No,Moderate (50-80%),Clear,None,136.00,3.2
TRP01847,12/02/2025,Wednesday,No,Morning Peak (7-9Am),08:25:00,08:33:00,6,92,11,8,No,No,Full (80-100%),Light Rain,None,150.00,2.5
TRP00088,17/02/2025,Monday,No,Midday (9Am-4Pm),11:31:00,11:29:00,9,96,5,-2,Yes,No,Low (<50%),Clear,None,80.00,4.4
TRP01824,28/05/2025,Wednesday,No,Morning Peak (7-9Am),08:58:00,08:55:00,9,43,3,-3,Yes,No,Full (80-100%),Clear,Overloading Delay,121.00,4.2
TRP02646,04/08/2025,Monday,No,Evening Peak (4-7Pm),18:13:00,18:41:00,3,118,10,28,No,No,Moderate (50-80%),,Road Accident Nearby,200.00,1.9
TRP00350,07/06/2025,Saturday,Yes,Evening Peak (4-7Pm),18:51:00,19:00:00,11,59,1,9,No,No,Overloaded (>100%),Light Rain,Vehicle Breakdown,163.00,1.4
TRP02995,05/05/2025,Monday,No,Evening Peak (4-7Pm),18:15:00,18:36:00,2,93,2,21,No,No,Full (80-100%),Light Rain,Vehicle Breakdown,129.00,4.2
TRP00768,27/06/2025,Friday,No,Morning Peak (7-9Am),07:28:00,07:36:00,1,103,2,8,No,No,Moderate (50-80%),Clear,Police Checkpoint,145.00,1.3
TRP02373,01/12/2025,Sunday,Yes,Morning Peak (7-9Am),08:12:00,08:26:00,7,61,3,14,No,No,Overloaded (>100%),Clear,Traffic Jam,193.00,3.7
TRP00351,11/08/2025,Monday,No,Midday (9Am-4Pm),09:40:00,09:56:00,3,52,3,16,No,No,Moderate (50-80%),Clear,Road Accident Nearby,120.00,1.0
TRP02644,26/05/2025,Monday,No,Morning Peak (7-9Am),08:37:00,08:58:00,6,71,11,21,No,No,Overloaded (>100%),Clear,Road Accident Nearby,139.00,2.5
TRP00008,15/08/2025,Friday,No,Morning Peak (7-9Am),08:16:00,08:21:00,1,22,8,5,No,No,Overloaded (>100%),Clear,None,127.00,3.1
TRP00285,05/05/2025,Monday,No,Midday (9Am-4Pm),12:28:00,12:28:00,9,87,11,0,Yes,No,Moderate (50-80%),Clear,Police Checkpoint,80.00,4.2
TRP02023,20/02/2025,Thursday,No,Morning Peak (7-9Am),07:50:00,08:04:00,8,61,5,14,No,No,Moderate (50-80%),Clear,Road Construction,84.00,3.0
TRP02955,10/05/2025,Saturday,Yes,Morning Peak (7-9Am),08:24:00,08:25:00,6,58,,1,No,No,Moderate (50-80%),Clear,None,149.00,5.0
TRP02427,27/05/2025,Tuesday,No,Early Morning (5-7Am),06:38:00,06:33:00,1,77,10,-5,Yes,No,,Clear,None,100.00,3.4
TRP01822,16/06/2025,Monday,No,Evening Peak (4-7Pm),17:06:00,17:05:00,4,78,2,-1,Yes,No,Full (80-100%),Clear,None,95.00,4.3
TRP03174,06/05/2025,Tuesday,No,Evening Peak (4-7Pm),16:43:00,16:45:00,12,84,9,2,No,No,Full (80-100%),Clear,None,226.00,3.3
TRP00234,27/05/2025,Tuesday,No,Midday (9Am-4Pm),12:55:00,13:11:00,2,11,6,16,No,No,  Low (<50%)  ,Clear,Traffic Jam,90.00,1.0
TRP01990,19/02/2025,Wednesday,No,Midday (9Am-4Pm),09:18:00,09:41:00,12,74,11,23,No,No,Moderate (50-80%),Heavy Rain,Traffic Jam,187.00,1.3
TRP01142,31/01/2025,Friday,No,Midday (9Am-4Pm),09:19:00,09:24:00,7,7,7,5,No,No,Moderate (50-80%),,Police Checkpoint,194.00,3.0
TRP01914,06/01/2025,Monday,No,Midday (9Am-4Pm),10:43:00,11:06:00,2,13,7,23,No,No,Low (<50%),Clear,Vehicle Breakdown,90.00,3.5
TRP00841,26/05/2025,Monday,No,Evening Peak (4-7Pm),18:42:00,18:47:00,7,50,6,5,No,No,Moderate (50-80%),Clear,None,165.00,3.8
TRP01681,06/09/2025,Monday,No,Night (7-10Pm),21:44:00,21:53:00,8,38,6,9,No,No,Low (<50%),Clear,Road Accident Nearby,60.00,3.1
TRP01170,02/01/2025,Thursday,No,Midday (9Am-4Pm),13:03:00,13:00:00,7,119,4,-3,Yes,No,Low (<50%),,None,150.00,3.5
TRP01783,19/04/2025,Saturday,Yes,Night (7-10Pm),20:42:00,20:44:00,1,37,9,2,No,No,Low (<50%),Clear,Overloading Delay,100.00,3.7
TRP02713,05/06/2025,Thursday,No,Midday (9Am-4Pm),09:20:00,09:29:00,5,40,2,9,No,No,Moderate (50-80%),Clear,,70.00,2.3
TRP02751,24/03/2025,Monday,No,Morning Peak (7-9Am),08:43:00,08:42:00,4,97,10,-1,Yes,No,Moderate (50-80%),,None,91.00,2.9
TRP03216,23/01/2025,Thursday,No,Morning Peak (7-9Am),07:23:00,07:23:00,12,57,8,0,Yes,No,Full (80-100%),Clear,None,180.00,3.8
TRP01862,26/03/2025,Wednesday,No,Evening Peak (4-7Pm),17:24:00,17:23:00,2,120,6,-1,Yes,No,Moderate (50-80%),Clear,None,122.00,4.0
TRP01347,05/02/2025,Wednesday,No,Morning Peak (7-9Am),07:31:00,08:09:00,12,74,1,38,No,No,Overloaded (>100%),Clear,Vehicle Breakdown,178.00,
TRP00011,09/06/2025,Monday,No,Night (7-10Pm),21:38:00,21:47:00,12,55,8,9,No,No,Moderate (50-80%),Heavy Rain,None,184.00,
TRP02044,13/07/2025,Sunday,Yes,Midday (9Am-4Pm),09:11:00,09:05:00,8,73,7,-6,Yes,No,Low (<50%),Clear,None,60.00,3.5
TRP03453,26/08/2025,Tuesday,No,Midday (9Am-4Pm),13:46:00,14:04:00,3,47,2,18,No,No,Low (<50%),Heavy Rain,Road Accident Nearby,129.00,2.1
TRP02318,04/07/2025,Friday,No,Evening Peak (4-7Pm),16:03:00,16:16:00,1,115,10,13,No,No,Overloaded (>100%),Heavy Rain,None,167.00,1.8
TRP02783,04/05/2025,Sunday,Yes,Morning Peak (7-9Am),08:22:00,08:31:00,10,77,7,9,No,No,Low (<50%),Clear,Road Construction,110.00,1.2
TRP01317,15/08/2025,Friday,No,Early Morning (5-7Am),06:22:00,06:29:00,3,5,3,7,No,No,Low (<50%),Clear,,120.00,2.3
TRP02986,08/08/2025,Friday,No,Early Morning (5-7Am),05:37:00,05:38:00,8,85,11,1,No,No,Full (80-100%),Clear,None,60.00,3.1
TRP01652,01/08/2025,Friday,No,Early Morning (5-7Am),06:38:00,06:37:00,5,8,8,-1,Yes,No,Full (80-100%),Clear,None,70.00,4.3
TRP00888,20/05/2025,Tuesday,No,Morning Peak (7-9Am),07:11:00,07:22:00,3,73,2,11,No,No,Full (80-100%),Light Rain,None,212.00,2.1
TRP02164,26/05/2025,Monday,No,Early Morning (5-7Am),06:48:00,07:02:00,5,21,5,14,No,No,Moderate (50-80%),Clear,Traffic Jam,70.00,
TRP02852,11/08/2025,Monday,No,Morning Peak (7-9Am),07:55:00,08:05:00,12,43,4,10,No,No,Low (<50%),Clear,Police Checkpoint,204.00,2.8
TRP00529,11/06/2025,Wednesday,No,Night (7-10Pm),20:14:00,20:29:00,10,98,10,15,No,No,Low (<50%),,Traffic Jam,70.00,3.2
TRP02663,04/08/2025,Monday,No,Night (7-10Pm),21:47:00,22:10:00,1,20,11,23,No,No,Full (80-100%),Clear,Vehicle Breakdown,100.00,2.8
TRP00814,21/01/2025,Tuesday,No,Evening Peak (4-7Pm),16:42:00,16:53:00,6,25,5,11,No,No,Moderate (50-80%),,Road Construction,150.00,
TRP00999,19/08/2025,Tuesday,No,Early Morning (5-7Am),05:24:00,05:25:00,5,85,1,1,No,No,Full (80-100%),Light Rain,None,83.00,3.7
TRP02940,05/03/2025,Wednesday,No,Early Morning (5-7Am),05:29:00,05:35:00,11,11,9,6,No,No,Low (<50%),Clear,Road Construction,110.00,3.2
TRP01091,09/08/2025,Saturday,Yes,Night (7-10Pm),21:20:00,21:20:00,7,51,11,0,Yes,No,Low (<50%),Clear,None,150.00,4.4
TRP03475,16/04/2025,Wednesday,No,Morning Peak (7-9Am),08:51:00,08:59:00,11,24,7,8,No,No,Moderate (50-80%),Clear,None,140.00,2.6
TRP00051,03/05/2025,Saturday,Yes,Midday (9Am-4Pm),11:43:00,11:54:00,11,38,3,11,No,No,Low (<50%),Clear,Road Accident Nearby,110.00,3.3
TRP03422,01/01/2025,Wednesday,No,Midday (9Am-4Pm),12:47:00,12:48:00,2,30,7,1,No,No,Low (<50%),Clear,Police Checkpoint,90.00,4.1
TRP00541,01/05/2025,Thursday,No,Midday (9Am-4Pm),11:36:00,11:40:00,8,91,1,4,No,No,Moderate (50-80%),Overcast,Road Construction,60.00,2.3
TRP02597,25/05/2025,Sunday,Yes,Morning Peak (7-9Am),07:00:00,07:01:00,4,77,5,1,No,No,Low (<50%),Clear,None,98.00,3.9
TRP03043,19/08/2025,Tuesday,No,Midday (9Am-4Pm),10:45:00,11:02:00,2,117,7,17,No,No,Moderate (50-80%),Clear,Vehicle Breakdown,90.00,1.2
TRP03474,18/08/2025,Monday,No,Evening Peak (4-7Pm),18:22:00,18:28:00,1,8,6,6,No,No,Full (80-100%),Clear,Overloading Delay,114.00,2.9
TRP00955,19/02/2025,Wednesday,No,Night (7-10Pm),21:37:00,21:43:00,3,90,6,6,No,No,Moderate (50-80%),Light Rain,Police Checkpoint,135.00,1.2
TRP00560,27/05/2025,Tuesday,No,Evening Peak (4-7Pm),16:35:00,16:39:00,12,47,5,4,No,No,Low (<50%),Light Rain,None,299.00,4.2
TRP03005,11/05/2025,Sunday,Yes,Evening Peak (4-7Pm),16:38:00,16:47:00,8,27,9,9,No,No,Overloaded (>100%),Clear,Vehicle Breakdown,93.00,1.6
TRP00152,09/05/2025,Friday,No,Midday (9Am-4Pm),14:37:00,14:31:00,4,96,11,-6,Yes,No,Overloaded (>100%),Clear,None,80.00,3.1
TRP02616,25/08/2025,Monday,No,Night (7-10Pm),21:05:00,21:00:00,12,97,4,-5,Yes,No,Moderate (50-80%),Clear,None,160.00,3.1
TRP03419,08/07/2025,Tuesday,No,Morning Peak (7-9Am),08:01:00,08:25:00,2,34,11,24,No,No,  Moderate (50-80%)  ,Heavy Rain,Police Checkpoint,161.00,1.8
TRP00334,23/06/2025,Monday,No,Midday (9Am-4Pm),15:57:00,15:55:00,4,35,8,-2,Yes,No,Low (<50%),,None,80.00,3.3
TRP01886,18/03/2025,Tuesday,No,Morning Peak (7-9Am),07:02:00,07:17:00,1,50,8,15,No,No,Full (80-100%),Clear,Traffic Jam,142.00,2.6
TRP00622,30/01/2025,Thursday,No,Early Morning (5-7Am),06:32:00,06:29:00,5,107,,-3,Yes,No,Full (80-100%),Clear,None,70.00,3.8
TRP02253,19/04/2025,Saturday,Yes,Morning Peak (7-9Am),07:44:00,07:53:00,3,26,4,9,No,No,Moderate (50-80%),,None,207.00,2.4
TRP00928,12/04/2025,Saturday,Yes,Midday (9Am-4Pm),09:30:00,09:25:00,11,14,9,-5,Yes,No,Low (<50%),Light Rain,None,121.00,4.8
TRP00844,18/01/2025,Saturday,Yes,Evening Peak (4-7Pm),17:09:00,17:20:00,11,81,11,11,No,No,Full (80-100%),Clear,None,174.00,2.7
TRP01086,28/01/2025,Tuesday,No,Evening Peak (4-7Pm),17:07:00,17:13:00,3,43,8,6,No,No,Full (80-100%),Clear,None,169.00,3.3
TRP03048,28/02/2025,Friday,No,Morning Peak (7-9Am),08:03:00,08:06:00,1,47,10,3,No,No,Full (80-100%),Clear,None,125.00,4.1
TRP02125,20/01/2025,Monday,No,Midday (9Am-4Pm),12:41:00,12:46:00,7,76,7,5,No,No,Moderate (50-80%),Clear,None,150.00,
TRP01234,28/03/2025,Friday,No,Evening Peak (4-7Pm),17:18:00,17:40:00,1,,6,22,No,No,Moderate (50-80%),Overcast,Vehicle Breakdown,144.00,3.3
TRP00757,06/06/2025,Friday,No,Morning Peak (7-9Am),08:31:00,09:04:00,11,89,3,33,No,No,Moderate (50-80%),Clear,Vehicle Breakdown,161.00,1.6
TRP03293,14/05/2025,Wednesday,No,Morning Peak (7-9Am),08:30:00,08:41:00,1,65,2,11,No,No,,Light Rain,None,190.00,2.2
TRP00095,29/06/2025,Sunday,Yes,Midday (9Am-4Pm),10:22:00,10:16:00,2,48,10,-6,Yes,No,Full (80-100%),Clear,None,90.00,
TRP03202,22/08/2025,Friday,No,Midday (9Am-4Pm),14:48:00,14:48:00,4,35,3,0,Yes,No,Low (<50%),Clear,None,80.00,4.0
TRP01798,11/03/2025,Tuesday,No,Midday (9Am-4Pm),10:55:00,10:58:00,6,5,5,3,No,No,Low (<50%),Clear,None,100.00,3.7
TRP03313,05/04/2025,Saturday,Yes,Early Morning (5-7Am),06:41:00,06:49:00,1,2,10,8,No,No,Low (<50%),Clear,Road Accident Nearby,100.00,1.9
TRP00478,27/01/2025,Monday,No,Evening Peak (4-7Pm),17:47:00,18:00:00,4,102,3,13,No,No,Low (<50%),Overcast,Traffic Jam,108.00,1.8
TRP02172,02/06/2025,Monday,No,Midday (9Am-4Pm),14:27:00,14:33:00,7,21,9,6,No,No,Low (<50%),Overcast,Police Checkpoint,150.00,2.7
TRP01420,08/03/2025,Saturday,Yes,Midday (9Am-4Pm),10:27:00,10:21:00,2,23,7,-6,Yes,No,Low (<50%),Clear,None,90.00,3.2
TRP00970,13/06/2025,Friday,No,Evening Peak (4-7Pm),18:23:00,18:43:00,6,95,6,20,No,No,,Clear,Traffic Jam,155.00,2.6
TRP02025,16/06/2025,Monday,No,Early Morning (5-7Am),06:55:00,06:56:00,7,117,9,1,No,No,Full (80-100%),Clear,None,150.00,3.3
TRP00893,05/07/2025,Saturday,Yes,Evening Peak (4-7Pm),17:05:00,17:00:00,11,65,4,-5,Yes,No,Moderate (50-80%),Clear,None,157.00,4.3
TRP02501,19/05/2025,Monday,No,Morning Peak (7-9Am),08:41:00,08:51:00,4,64,1,10,No,No,Full (80-100%),,None,145.00,2.4
TRP03322,09/02/2025,Sunday,Yes,Evening Peak (4-7Pm),16:07:00,16:26:00,4,46,2,19,No,No,Moderate (50-80%),Clear,Road Accident Nearby,94.00,
TRP01885,11/03/2025,Tuesday,No,Evening Peak (4-7Pm),16:12:00,16:22:00,12,17,4,10,No,No,Moderate (50-80%),Clear,Road Construction,226.00,
TRP01934,18/03/2025,Tuesday,No,Early Morning (5-7Am),05:59:00,06:10:00,11,51,6,11,No,No,Moderate (50-80%),Clear,Vehicle Breakdown,110.00,1.9
TRP02321,03/03/2025,Monday,No,Midday (9Am-4Pm),14:14:00,14:12:00,6,107,10,-2,Yes,No,Low (<50%),Clear,None,100.00,4.3
TRP01037,07/02/2025,Friday,No,Midday (9Am-4Pm),11:20:00,11:24:00,12,1,3,4,No,No,Moderate (50-80%),Clear,None,160.00,3.1
TRP01767,25/07/2025,Friday,No,Morning Peak (7-9Am),07:32:00,07:43:00,10,40,9,11,No,No,Overloaded (>100%),Clear,,93.00,1.9
TRP00035,27/07/2025,Sunday,Yes,Early Morning (5-7Am),05:34:00,05:36:00,12,19,4,2,No,No,Low (<50%),Clear,Police Checkpoint,160.00,3.9
TRP00426,22/06/2025,Sunday,Yes,Midday (9Am-4Pm),10:58:00,10:59:00,8,40,1,1,No,No,Low (<50%),Clear,Overloading Delay,,4.2
TRP01057,08/02/2025,Saturday,Yes,Early Morning (5-7Am),06:23:00,06:22:00,3,46,4,-1,Yes,No,Low (<50%),Clear,Overloading Delay,120.00,4.1
TRP03205,02/02/2025,Sunday,Yes,Evening Peak (4-7Pm),17:35:00,17:39:00,4,33,2,4,No,No,Full (80-100%),Clear,Overloading Delay,99.00,5.0
TRP02711,30/03/2025,Sunday,Yes,Evening Peak (4-7Pm),18:29:00,18:23:00,7,38,2,-6,Yes,No,Full (80-100%),Clear,None,220.00,5.0
TRP02674,14/01/2025,Tuesday,No,Evening Peak (4-7Pm),18:22:00,18:32:00,8,45,3,10,No,No,Moderate (50-80%),Clear,Road Construction,71.00,2.6
TRP03315,06/03/2025,Thursday,No,Early Morning (5-7Am),05:31:00,05:35:00,12,11,7,4,No,No,Full (80-100%),Clear,Police Checkpoint,160.00,4.6
TRP01970,31/05/2025,Saturday,Yes,Evening Peak (4-7Pm),18:42:00,18:42:00,7,82,1,0,Yes,No,Full (80-100%),Light Rain,None,230.00,2.7
TRP03286,31/03/2025,Monday,No,Morning Peak (7-9Am),07:24:00,07:42:00,3,80,2,18,No,No,Low (<50%),Clear,Road Accident Nearby,169.00,2.4
TRP02204,13/01/2025,Monday,No,Night (7-10Pm),21:01:00,20:58:00,11,77,4,-3,Yes,No,Full (80-100%),Clear,None,110.00,4.2
TRP00562,29/05/2025,Thursday,No,Morning Peak (7-9Am),07:03:00,07:15:00,1,28,1,12,No,No,Full (80-100%),Overcast,Police Checkpoint,117.00,
TRP02432,14/05/2025,Wednesday,No,Early Morning (5-7Am),06:31:00,06:27:00,9,83,6,-4,Yes,No,Full (80-100%),Clear,None,80.00,3.4
TRP03018,23/03/2025,Sunday,Yes,Midday (9Am-4Pm),14:56:00,14:50:00,2,59,7,-6,Yes,No,Moderate (50-80%),Overcast,None,90.00,2.9
TRP01357,19/03/2025,Wednesday,No,Evening Peak (4-7Pm),17:28:00,17:47:00,5,32,8,19,No,No,Full (80-100%),Heavy Rain,Police Checkpoint,100.00,2.7
TRP02513,06/04/2025,Sunday,Yes,Early Morning (5-7Am),05:32:00,05:28:00,9,111,5,-4,Yes,No,Low (<50%),Clear,None,80.00,4.6
TRP03257,15/01/2025,Wednesday,No,Early Morning (5-7Am),05:12:00,05:38:00,3,77,9,26,No,No,Full (80-100%),Clear,Vehicle Breakdown,120.00,3.3
TRP00907,27/06/2025,Friday,No,Morning Peak (7-9Am),08:15:00,08:13:00,1,95,8,-2,Yes,No,Low (<50%),Clear,None,146.00,3.1
TRP00760,11/07/2025,Friday,No,Morning Peak (7-9Am),07:42:00,07:54:00,4,81,11,12,No,No,Moderate (50-80%),Clear,None,105.00,1.0
TRP00739,25/03/2025,Tuesday,No,Morning Peak (7-9Am),08:54:00,09:13:00,1,65,7,19,No,No,Moderate (50-80%),Light Rain,Vehicle Breakdown,163.00,2.6
TRP02078,11/02/2025,Tuesday,No,Morning Peak (7-9Am),08:55:00,09:03:00,9,24,6,8,No,No,Overloaded (>100%),Clear,Road Construction,113.00,3.1
TRP01289,11/07/2025,Friday,No,Midday (9Am-4Pm),13:37:00,13:36:00,9,12,9,-1,Yes,No,Low (<50%),Clear,None,80.00,
TRP00327,11/01/2025,Saturday,Yes,Evening Peak (4-7Pm),17:21:00,17:20:00,11,,11,-1,Yes,No,Moderate (50-80%),Light Rain,None,199.00,4.5
TRP02649,09/04/2025,Wednesday,No,Midday (9Am-4Pm),13:00:00,13:22:00,9,70,1,22,No,No,Full (80-100%),Clear,Vehicle Breakdown,,3.7
TRP01329,02/03/2025,Sunday,Yes,Midday (9Am-4Pm),10:19:00,10:33:00,2,2,4,14,No,No,Full (80-100%),Light Rain,Road Accident Nearby,114.00,2.0
TRP01109,23/03/2025,Sunday,Yes,Midday (9Am-4Pm),13:43:00,13:37:00,1,47,8,-6,Yes,No,Moderate (50-80%),Clear,None,100.00,2.3
TRP00476,02/04/2025,Wednesday,No,Morning Peak (7-9Am),07:25:00,07:35:00,11,36,9,10,No,No,Moderate (50-80%),Clear,None,162.00,1.5
TRP00528,30/07/2025,Wednesday,No,Midday (9Am-4Pm),15:36:00,15:33:00,1,100,5,-3,Yes,No,Full (80-100%),Clear,None,100.00,4.2
TRP01689,25/08/2025,Monday,No,Midday (9Am-4Pm),15:45:00,15:47:00,1,19,6,2,No,No,Low (<50%),Clear,None,100.00,3.5
TRP02133,05/01/2025,Sunday,Yes,Morning Peak (7-9Am),07:58:00,07:55:00,8,113,2,-3,Yes,No,Low (<50%),Clear,None,82.00,2.1
TRP01156,25/02/2025,Tuesday,No,Midday (9Am-4Pm),12:21:00,12:23:00,11,97,3,2,No,No,Low (<50%),Overcast,None,110.00,7.8
TRP03073,30/01/2025,Thursday,No,Evening Peak (4-7Pm),16:45:00,16:53:00,11,81,3,8,No,No,Moderate (50-80%),Light Rain,None,164.00,
TRP01225,09/04/2025,Wednesday,No,Evening Peak (4-7Pm),16:14:00,16:24:00,9,104,5,10,No,No,,Clear,Road Construction,100.00,3.1
TRP00592,24/03/2025,Monday,No,Morning Peak (7-9Am),08:18:00,08:38:00,12,66,7,20,No,No,Moderate (50-80%),Clear,Vehicle Breakdown,223.00,1.4
TRP01313,06/03/2025,Thursday,No,Early Morning (5-7Am),05:35:00,05:48:00,12,21,1,13,No,No,Low (<50%),Clear,Road Accident Nearby,160.00,2.6
TRP01995,23/04/2025,Wednesday,No,Morning Peak (7-9Am),08:48:00,08:47:00,5,18,8,-1,Yes,No,Moderate (50-80%),Light Rain,None,85.00,4.6
TRP02896,02/07/2025,Wednesday,No,Evening Peak (4-7Pm),16:40:00,16:51:00,4,3,4,11,No,No,Overloaded (>100%),,None,107.00,1.3
TRP03267,16/01/2025,Thursday,No,Morning Peak (7-9Am),07:41:00,07:44:00,4,118,2,3,No,No,Full (80-100%),Clear,None,95.00,3.0
TRP03029,21/05/2025,Wednesday,No,Midday (9Am-4Pm),12:58:00,12:58:00,11,20,,0,Yes,No,Full (80-100%),Light Rain,Road Construction,133.00,
TRP03405,22/05/2025,Thursday,No,Midday (9Am-4Pm),09:24:00,09:29:00,5,1,6,5,No,No,Full (80-100%),Clear,Road Construction,70.00,1.3
TRP01007,25/02/2025,Tuesday,No,Night (7-10Pm),20:24:00,20:19:00,9,14,10,-5,Yes,No,Moderate (50-80%),Overcast,None,80.00,
TRP02239,02/03/2025,Sunday,Yes,Morning Peak (7-9Am),07:59:00,08:08:00,12,86,4,9,No,Yes,Overloaded (>100%),Clear,Overloading Delay,208.00,4.8
TRP02943,22/04/2025,Tuesday,No,Night (7-10Pm),20:42:00,20:42:00,5,9,11,0,Yes,No,Moderate (50-80%),Clear,None,70.00,4.6
TRP00389,14/03/2025,Friday,No,Night (7-10Pm),20:34:00,20:29:00,4,116,7,-5,Yes,No,Low (<50%),Light Rain,None,92.00,4.6
TRP01711,19/01/2025,Sunday,Yes,Midday (9Am-4Pm),12:16:00,12:11:00,11,44,4,-5,Yes,No,Moderate (50-80%),Clear,Overloading Delay,110.00,4.5
TRP00396,04/03/2025,Tuesday,No,Early Morning (5-7Am),05:49:00,05:59:00,10,109,8,10,No,No,Moderate (50-80%),Clear,Vehicle Breakdown,70.00,3.3
TRP02408,15/05/2025,Thursday,No,Early Morning (5-7Am),06:18:00,06:16:00,12,107,4,-2,Yes,No,  Low (<50%)  ,Clear,None,160.00,4.3
TRP03277,16/08/2025,Saturday,Yes,Evening Peak (4-7Pm),18:06:00,18:18:00,8,2,7,12,No,No,Moderate (50-80%),Clear,Vehicle Breakdown,67.00,2.4
TRP01915,16/03/2025,Sunday,Yes,Early Morning (5-7Am),06:22:00,06:25:00,11,1,8,3,No,No,Full (80-100%),Clear,Road Accident Nearby,110.00,2.6
TRP02559,17/03/2025,Monday,No,Early Morning (5-7Am),05:33:00,05:33:00,1,56,4,0,Yes,No,Moderate (50-80%),Overcast,None,100.00,5.0
TRP00328,11/05/2025,Sunday,Yes,Midday (9Am-4Pm),13:58:00,14:04:00,12,26,2,6,No,No,Low (<50%),,Road Construction,160.00,2.5
TRP02005,08/01/2025,Wednesday,No,Early Morning (5-7Am),06:15:00,06:13:00,6,21,2,-2,Yes,No,Moderate (50-80%),Clear,None,100.00,5.0
TRP01978,18/04/2025,Friday,No,Morning Peak (7-9Am),08:22:00,08:31:00,10,41,9,9,No,No,Overloaded (>100%),Heavy Rain,Police Checkpoint,97.00,3.1
TRP00410,06/08/2025,Wednesday,No,Early Morning (5-7Am),05:31:00,05:31:00,9,96,7,0,Yes,No,Moderate (50-80%),Clear,None,80.00,3.3
TRP03141,02/02/2025,Sunday,Yes,Midday (9Am-4Pm),10:02:00,10:00:00,5,4,8,-2,Yes,No,Moderate (50-80%),Clear,None,70.00,4.3
TRP00910,12/01/2025,Sunday,Yes,Morning Peak (7-9Am),07:31:00,07:51:00,7,97,8,20,No,No,,Clear,Road Accident Nearby,229.00,2.4
TRP03284,16/06/2025,Monday,No,Evening Peak (4-7Pm),18:03:00,18:42:00,12,118,6,39,No,No,Low (<50%),Heavy Rain,Vehicle Breakdown,214.00,3.1
TRP02004,10/06/2025,Tuesday,No,Morning Peak (7-9Am),08:45:00,09:03:00,7,4,10,18,No,No,Low (<50%),Heavy Rain,None,227.00,2.5
TRP01075,03/03/2025,Monday,No,Evening Peak (4-7Pm),17:02:00,17:18:00,10,21,5,16,No,No,Overloaded (>100%),Light Rain,Police Checkpoint,112.00,1.5
TRP01758,21/04/2025,Monday,No,Evening Peak (4-7Pm),16:00:00,16:25:00,7,39,5,25,No,No,Full (80-100%),Clear,,188.00,1.6
TRP03259,16/03/2025,Sunday,Yes,Midday (9Am-4Pm),09:38:00,09:42:00,5,103,11,4,No,No,Moderate (50-80%),Clear,Road Construction,70.00,4.1
TRP02169,06/07/2025,Sunday,Yes,Midday (9Am-4Pm),13:22:00,13:18:00,10,61,3,-4,Yes,No,Low (<50%),,Traffic Jam,70.00,3.3
TRP02228,05/03/2025,Wednesday,No,Night (7-10Pm),21:12:00,21:30:00,12,100,6,18,No,No,Moderate (50-80%),Heavy Rain,Police Checkpoint,186.00,2.7
TRP01452,27/06/2025,Friday,No,Evening Peak (4-7Pm),18:17:00,18:22:00,7,75,7,5,No,No,Low (<50%),Clear,None,224.00,1.0
TRP00190,16/04/2025,Wednesday,No,Morning Peak (7-9Am),07:06:00,07:14:00,1,41,2,8,No,No,Moderate (50-80%),Clear,Road Construction,,3.1
TRP00574,11/02/2025,Tuesday,No,Morning Peak (7-9Am),08:37:00,08:58:00,4,24,9,21,No,No,Full (80-100%),Overcast,Vehicle Breakdown,117.00,2.0
TRP02556,15/05/2025,Thursday,No,Midday (9Am-4Pm),15:31:00,15:36:00,9,112,2,5,No,No,Low (<50%),Clear,Police Checkpoint,80.00,1.9
TRP01246,17/01/2025,Friday,No,Night (7-10Pm),20:32:00,20:34:00,9,34,8,2,No,No,Full (80-100%),Clear,Road Construction,80.00,2.6
TRP02721,17/01/2025,Friday,No,Morning Peak (7-9Am),08:05:00,08:15:00,9,88,5,10,No,No,Moderate (50-80%),Clear,Traffic Jam,123.00,2.3
TRP00527,19/02/2025,Wednesday,No,Evening Peak (4-7Pm),17:23:00,17:53:00,9,95,9,30,No,No,Low (<50%),Light Rain,Vehicle Breakdown,127.00,1.5
TRP00153,07/07/2025,Monday,No,Evening Peak (4-7Pm),16:47:00,16:45:00,11,55,4,-2,Yes,No,Full (80-100%),Overcast,None,141.00,4.2
TRP02394,27/07/2025,Sunday,Yes,Morning Peak (7-9Am),07:32:00,07:33:00,1,110,11,1,No,No,Overloaded (>100%),,Overloading Delay,115.00,4.0
TRP02622,22/06/2025,Sunday,Yes,Evening Peak (4-7Pm),18:23:00,18:29:00,8,19,9,6,No,No,Moderate (50-80%),Clear,Overloading Delay,70.00,2.3
TRP02857,21/07/2025,Monday,No,Early Morning (5-7Am),05:07:00,05:14:00,8,96,11,7,No,No,Low (<50%),Light Rain,Road Accident Nearby,71.00,2.7
TRP00896,28/05/2025,Wednesday,No,Morning Peak (7-9Am),07:55:00,08:00:00,8,6,9,5,No,No,Moderate (50-80%),Clear,None,82.00,2.1
TRP03249,22/02/2025,Saturday,Yes,Morning Peak (7-9Am),08:42:00,09:17:00,3,20,10,35,No,No,Low (<50%),Light Rain,Vehicle Breakdown,206.00,2.0
TRP01158,27/05/2025,Tuesday,No,Midday (9Am-4Pm),09:13:00,09:18:00,3,87,7,5,No,No,Moderate (50-80%),Clear,None,120.00,3.7
TRP01215,31/05/2025,Saturday,Yes,Midday (9Am-4Pm),12:24:00,12:31:00,2,97,10,7,No,No,Moderate (50-80%),Light Rain,Police Checkpoint,109.00,
TRP03181,22/06/2025,Sunday,Yes,Midday (9Am-4Pm),15:11:00,15:14:00,3,96,5,3,No,No,Overloaded (>100%),Clear,Traffic Jam,120.00,3.1
TRP00265,29/04/2025,Tuesday,No,Morning Peak (7-9Am),07:06:00,07:18:00,6,59,1,12,No,No,Overloaded (>100%),Clear,Road Construction,145.00,1.6
TRP00947,28/08/2025,Thursday,No,Morning Peak (7-9Am),08:30:00,08:37:00,11,116,8,7,No,No,Moderate (50-80%),,None,153.00,1.6
TRP02116,10/04/2025,Thursday,No,Night (7-10Pm),19:02:00,19:04:00,12,72,5,2,No,No,Full (80-100%),,None,160.00,3.9
TRP00119,26/04/2025,Saturday,Yes,Morning Peak (7-9Am),07:08:00,07:48:00,7,59,6,40,No,No,Low (<50%),Heavy Rain,Vehicle Breakdown,246.00,2.1
TRP02502,27/04/2025,Sunday,Yes,Early Morning (5-7Am),05:43:00,05:52:00,7,58,5,9,No,No,,Clear,Vehicle Breakdown,150.00,1.7
TRP01081,13/08/2025,Wednesday,No,Early Morning (5-7Am),06:55:00,07:08:00,12,50,7,13,No,No,Moderate (50-80%),Clear,Traffic Jam,160.00,1.5
TRP01354,24/03/2025,Monday,No,Night (7-10Pm),21:17:00,21:27:00,4,70,2,10,No,No,Low (<50%),Clear,Vehicle Breakdown,80.00,1.4
TRP02572,18/02/2025,Tuesday,No,Early Morning (5-7Am),06:11:00,06:05:00,10,92,8,-6,Yes,No,Moderate (50-80%),Clear,None,70.00,2.3
TRP01277,16/07/2025,Wednesday,No,Morning Peak (7-9Am),07:58:00,08:05:00,3,16,4,7,No,No,Full (80-100%),Clear,Police Checkpoint,154.00,1.9
TRP02449,10/04/2025,Thursday,No,Morning Peak (7-9Am),08:44:00,08:42:00,1,12,10,-2,Yes,No,,Clear,None,112.00,4.2
TRP01743,11/03/2025,Tuesday,No,Midday (9Am-4Pm),10:46:00,10:46:00,6,111,7,0,Yes,No,Moderate (50-80%),Clear,None,100.00,2.4
TRP00459,20/03/2025,Thursday,No,Night (7-10Pm),20:08:00,20:13:00,5,30,5,5,No,No,Low (<50%),Clear,Road Construction,70.00,3.4
TRP00305,07/03/2025,Friday,No,Evening Peak (4-7Pm),17:30:00,17:56:00,3,101,,26,No,Yes,Overloaded (>100%),Light Rain,Road Accident Nearby,183.00,2.3
TRP00644,03/07/2025,Thursday,No,Midday (9Am-4Pm),10:39:00,10:39:00,3,64,1,0,Yes,No,Low (<50%),Clear,None,120.00,
TRP03493,25/08/2025,Monday,No,Night (7-10Pm),21:26:00,21:44:00,2,54,10,18,No,No,Low (<50%),,Vehicle Breakdown,90.00,1.5
TRP03305,05/01/2025,Sunday,Yes,Midday (9Am-4Pm),14:34:00,14:36:00,11,14,8,2,No,No,Moderate (50-80%),Light Rain,None,,3.3
TRP01900,15/06/2025,Sunday,Yes,Midday (9Am-4Pm),13:08:00,13:06:00,5,78,1,-2,Yes,No,,Clear,None,70.00,4.3
TRP02807,16/03/2025,Sunday,Yes,Midday (9Am-4Pm),14:42:00,14:52:00,1,33,10,10,No,No,Low (<50%),Heavy Rain,Overloading Delay,118.00,3.1
TRP02665,03/03/2025,Monday,No,Early Morning (5-7Am),05:35:00,05:31:00,9,74,6,-4,Yes,No,Full (80-100%),Clear,None,80.00,
TRP01483,30/03/2025,Sunday,Yes,Morning Peak (7-9Am),07:01:00,07:00:00,10,72,1,-1,Yes,No,Low (<50%),Clear,None,109.00,3.7
TRP03414,25/06/2025,Wednesday,No,Morning Peak (7-9Am),08:34:00,08:42:00,5,57,10,8,No,No,Moderate (50-80%),Clear,None,80.00,3.5
TRP00386,23/02/2025,Sunday,Yes,Early Morning (5-7Am),06:57:00,07:01:00,5,54,1,4,No,No,Full (80-100%),Light Rain,Police Checkpoint,,
TRP00455,10/08/2025,Sunday,Yes,Midday (9Am-4Pm),15:59:00,16:03:00,12,38,5,4,No,No,Moderate (50-80%),Heavy Rain,None,174.00,4.0
TRP02905,18/08/2025,Monday,No,Midday (9Am-4Pm),14:28:00,14:47:00,8,97,5,19,No,No,Low (<50%),Clear,Road Accident Nearby,60.00,1.1
TRP00405,31/05/2025,Saturday,Yes,Morning Peak (7-9Am),07:58:00,08:06:00,7,117,11,8,No,No,Moderate (50-80%),Overcast,None,187.00,3.5
TRP00724,03/01/2025,Friday,No,Midday (9Am-4Pm),12:17:00,12:17:00,11,32,,0,Yes,No,Moderate (50-80%),Clear,Road Construction,110.00,3.2
TRP01079,16/01/2025,Thursday,No,Midday (9Am-4Pm),11:51:00,12:02:00,1,39,9,11,No,No,Moderate (50-80%),Clear,Traffic Jam,100.00,
TRP02137,05/01/2025,Sunday,Yes,Midday (9Am-4Pm),09:57:00,10:06:00,7,104,5,9,No,No,Full (80-100%),Clear,Road Construction,150.00,2.7
TRP01350,16/08/2025,Saturday,Yes,Evening Peak (4-7Pm),17:19:00,17:19:00,10,39,9,0,Yes,No,Low (<50%),Clear,None,107.00,2.5
TRP02596,25/07/2025,Friday,No,Night (7-10Pm),21:10:00,21:04:00,1,18,1,-6,Yes,No,Full (80-100%),Clear,None,100.00,1.6
TRP02626,27/08/2025,Wednesday,No,Evening Peak (4-7Pm),16:14:00,16:30:00,12,97,7,16,No,No,Moderate (50-80%),Overcast,Traffic Jam,233.00,2.2
TRP01199,01/03/2025,Saturday,Yes,Midday (9Am-4Pm),13:50:00,13:45:00,9,90,8,-5,Yes,No,Low (<50%),Clear,None,80.00,3.5
TRP02583,26/01/2025,Sunday,Yes,Midday (9Am-4Pm),09:47:00,09:54:00,1,109,8,7,No,No,Moderate (50-80%),Overcast,Traffic Jam,100.00,3.5
TRP00875,18/05/2025,Sunday,Yes,Midday (9Am-4Pm),11:15:00,11:11:00,6,9,11,-4,Yes,No,Moderate (50-80%),Clear,None,100.00,3.3
TRP01524,09/05/2025,Friday,No,Midday (9Am-4Pm),15:13:00,15:15:00,8,29,7,2,No,No,Moderate (50-80%),Clear,None,60.00,3.5
TRP00608,03/04/2025,Thursday,No,Early Morning (5-7Am),05:32:00,05:37:00,7,78,4,5,No,No,Low (<50%),Clear,Overloading Delay,150.00,2.7
TRP02359,09/08/2025,Saturday,Yes,Midday (9Am-4Pm),14:17:00,14:20:00,11,62,10,3,No,No,Overloaded (>100%),Clear,Road Construction,110.00,4.8
TRP02974,22/02/2025,Saturday,Yes,Midday (9Am-4Pm),13:48:00,14:14:00,7,36,1,26,No,No,Low (<50%),Heavy Rain,Vehicle Breakdown,186.00,2.9
TRP02760,14/08/2025,Thursday,No,Night (7-10Pm),21:29:00,21:59:00,11,71,1,30,No,No,,Light Rain,Vehicle Breakdown,123.00,1.4
TRP03443,12/03/2025,Wednesday,No,Evening Peak (4-7Pm),16:43:00,16:51:00,1,23,5,8,No,No,Moderate (50-80%),Clear,Vehicle Breakdown,110.00,2.1
TRP03088,24/03/2025,Monday,No,Midday (9Am-4Pm),10:23:00,10:23:00,9,65,9,0,Yes,No,Low (<50%),Clear,Road Construction,80.00,4.0
TRP01104,28/06/2025,Saturday,Yes,Midday (9Am-4Pm),10:05:00,10:27:00,9,71,6,22,No,No,Low (<50%),Clear,Vehicle Breakdown,80.00,6.6
TRP03090,22/06/2025,Sunday,Yes,Evening Peak (4-7Pm),18:32:00,18:34:00,7,37,1,2,No,No,Overloaded (>100%),Clear,None,225.00,3.7
TRP01913,01/06/2025,Sunday,Yes,Evening Peak (4-7Pm),18:22:00,18:43:00,11,96,9,21,No,No,Low (<50%),Clear,Vehicle Breakdown,158.00,2.0
TRP00524,08/06/2025,Sunday,Yes,Midday (9Am-4Pm),09:57:00,09:51:00,10,55,1,-6,Yes,No,Low (<50%),Clear,None,70.00,1.6
TRP01690,02/03/2025,Sunday,Yes,Evening Peak (4-7Pm),16:38:00,17:05:00,4,75,9,27,No,No,,Clear,Vehicle Breakdown,98.00,3.3
TRP01521,25/06/2025,Wednesday,No,Midday (9Am-4Pm),10:57:00,10:52:00,2,73,5,-5,Yes,No,  Moderate (50-80%)  ,Clear,None,90.00,4.6
TRP03161,09/05/2025,Friday,No,Night (7-10Pm),20:30:00,20:56:00,12,24,9,26,No,No,,Light Rain,Vehicle Breakdown,189.00,3.4
TRP00513,03/02/2025,Monday,No,Midday (9Am-4Pm),10:33:00,10:50:00,1,104,7,17,No,No,Full (80-100%),Clear,Road Accident Nearby,100.00,1.9
TRP03373,15/01/2025,Wednesday,No,Midday (9Am-4Pm),13:13:00,13:10:00,5,79,8,-3,Yes,No,Full (80-100%),Clear,Overloading Delay,70.00,3.5
TRP01658,13/02/2025,Thursday,No,Morning Peak (7-9Am),08:02:00,08:03:00,6,96,6,1,No,No,Full (80-100%),Clear,None,145.00,
TRP02988,14/01/2025,Tuesday,No,Early Morning (5-7Am),05:11:00,05:07:00,5,58,5,-4,Yes,No,,,None,70.00,9.0
TRP01395,14/03/2025,Friday,No,Early Morning (5-7Am),06:50:00,06:45:00,5,75,2,-5,Yes,No,Low (<50%),Clear,None,70.00,4.4
TRP00522,10/05/2025,Saturday,Yes,Midday (9Am-4Pm),12:49:00,12:43:00,6,80,3,-6,Yes,No,,Clear,None,100.00,2.2
TRP00086,16/07/2025,Wednesday,No,Morning Peak (7-9Am),08:35:00,08:42:00,10,108,4,7,No,No,Full (80-100%),Light Rain,Police Checkpoint,103.00,
TRP00570,12/01/2025,Sunday,Yes,Midday (9Am-4Pm),10:57:00,10:52:00,9,49,7,-5,Yes,No,Moderate (50-80%),Clear,None,80.00,2.7
TRP02997,22/07/2025,Tuesday,No,Early Morning (5-7Am),05:28:00,05:35:00,3,112,3,7,No,No,Moderate (50-80%),Heavy Rain,None,150.00,2.4
TRP02038,09/07/2025,Wednesday,No,Morning Peak (7-9Am),07:19:00,07:17:00,10,110,6,-2,Yes,No,Overloaded (>100%),Overcast,Police Checkpoint,105.00,4.6
TRP03371,22/07/2025,Tuesday,No,Midday (9Am-4Pm),14:49:00,14:47:00,3,62,1,-2,Yes,No,Full (80-100%),Overcast,None,120.00,4.1
TRP02539,27/05/2025,Tuesday,No,Evening Peak (4-7Pm),17:49:00,17:49:00,2,78,10,0,Yes,No,Full (80-100%),Overcast,None,115.00,4.5
TRP00494,05/07/2025,Saturday,Yes,Evening Peak (4-7Pm),18:14:00,18:12:00,5,23,10,-2,Yes,No,Moderate (50-80%),Clear,None,104.00,4.5
TRP03445,14/02/2025,Friday,No,Early Morning (5-7Am),05:54:00,05:57:00,5,74,10,3,No,No,Low (<50%),Light Rain,None,78.00,3.9
TRP00663,03/01/2025,Friday,No,Midday (9Am-4Pm),11:38:00,11:45:00,12,16,6,7,No,No,Low (<50%),Clear,None,160.00,1.3
TRP03489,12/04/2025,Saturday,Yes,Morning Peak (7-9Am),07:25:00,07:19:00,10,28,2,-6,Yes,No,Moderate (50-80%),Clear,None,100.00,3.0
TRP02362,18/01/2025,Saturday,Yes,Evening Peak (4-7Pm),17:15:00,17:19:00,5,40,11,4,No,No,Full (80-100%),Overcast,None,99.00,3.4
TRP03083,16/03/2025,Sunday,Yes,Morning Peak (7-9Am),07:38:00,07:39:00,9,11,9,1,No,No,Moderate (50-80%),Clear,None,,3.7
TRP01519,25/03/2025,Tuesday,No,Morning Peak (7-9Am),07:04:00,07:13:00,4,99,7,9,No,No,Moderate (50-80%),Light Rain,None,153.00,1.7
TRP03319,21/07/2025,Monday,No,Night (7-10Pm),20:27:00,20:35:00,1,26,7,8,No,No,Full (80-100%),Heavy Rain,Police Checkpoint,127.00,1.9
TRP00720,28/02/2025,Friday,No,Midday (9Am-4Pm),09:36:00,09:47:00,7,54,5,11,No,No,Moderate (50-80%),Heavy Rain,Traffic Jam,183.00,3.6
TRP02369,06/01/2025,Monday,No,Evening Peak (4-7Pm),18:00:00,17:55:00,5,115,5,-5,Yes,No,Moderate (50-80%),Clear,None,99.00,3.8
TRP02580,31/05/2025,Saturday,Yes,Morning Peak (7-9Am),07:19:00,07:34:00,11,54,1,15,No,No,Moderate (50-80%),,Police Checkpoint,,
TRP03427,15/06/2025,Sunday,Yes,Evening Peak (4-7Pm),16:46:00,16:53:00,9,93,4,7,No,No,Moderate (50-80%),Clear,Police Checkpoint,105.00,3.1
TRP02247,11/08/2025,Monday,No,Evening Peak (4-7Pm),17:28:00,17:34:00,5,49,6,6,No,No,Overloaded (>100%),Clear,Overloading Delay,84.00,2.9
TRP02703,23/01/2025,Thursday,No,Midday (9Am-4Pm),15:12:00,15:37:00,5,18,9,25,No,No,Low (<50%),Heavy Rain,Road Accident Nearby,74.00,2.9
TRP01322,01/08/2025,Friday,No,Morning Peak (7-9Am),07:56:00,08:09:00,1,104,2,13,No,No,Low (<50%),Clear,Traffic Jam,124.00,1.9
TRP01167,22/05/2025,Thursday,No,Evening Peak (4-7Pm),16:36:00,16:41:00,7,51,5,5,No,No,Low (<50%),Clear,Police Checkpoint,,2.6
TRP02584,09/07/2025,Wednesday,No,Night (7-10Pm),20:47:00,20:52:00,3,113,7,5,No,No,Full (80-100%),Light Rain,Overloading Delay,136.00,3.3
TRP03169,15/08/2025,Friday,No,Morning Peak (7-9Am),08:05:00,08:02:00,12,8,11,-3,Yes,No,Full (80-100%),Clear,None,202.00,3.0
TRP00090,26/01/2025,Sunday,Yes,Midday (9Am-4Pm),14:53:00,14:54:00,3,48,3,1,No,No,Moderate (50-80%),Light Rain,None,127.00,2.8
TRP01949,06/04/2025,Sunday,Yes,Midday (9Am-4Pm),09:54:00,09:49:00,8,100,11,-5,Yes,No,Moderate (50-80%),Clear,None,60.00,3.4
TRP02801,29/01/2025,Wednesday,No,Evening Peak (4-7Pm),18:03:00,18:13:00,12,31,10,10,No,No,Moderate (50-80%),,Overloading Delay,180.00,2.9
TRP03160,16/02/2025,Sunday,Yes,Midday (9Am-4Pm),12:41:00,12:55:00,9,61,2,14,No,No,Full (80-100%),Light Rain,Road Construction,98.00,3.5
TRP03218,30/01/2025,Thursday,No,Morning Peak (7-9Am),08:41:00,08:49:00,12,99,1,8,No,No,Full (80-100%),Clear,Overloading Delay,187.00,4.5
TRP03031,06/04/2025,Sunday,Yes,Morning Peak (7-9Am),07:25:00,07:20:00,6,49,4,-5,Yes,No,Moderate (50-80%),,None,112.00,4.5
TRP03124,10/01/2025,Friday,No,Night (7-10Pm),19:23:00,19:29:00,10,13,11,6,No,No,  Moderate (50-80%)  ,Overcast,Overloading Delay,70.00,3.8
TRP00006,18/04/2025,Friday,No,Morning Peak (7-9Am),08:15:00,08:18:00,1,50,3,3,No,No,Full (80-100%),Overcast,None,136.00,3.7
TRP00628,07/06/2025,Saturday,Yes,Night (7-10Pm),19:29:00,19:46:00,6,38,6,17,No,No,Full (80-100%),Light Rain,Road Accident Nearby,122.00,1.7
TRP00274,01/01/2025,Wednesday,No,Evening Peak (4-7Pm),18:27:00,18:33:00,8,12,5,6,No,No,Overloaded (>100%),Overcast,None,69.00,1.9
TRP00108,06/08/2025,Wednesday,No,Evening Peak (4-7Pm),16:34:00,16:46:00,9,64,6,12,No,No,Low (<50%),Overcast,Road Accident Nearby,121.00,1.9
TRP03131,06/02/2025,Thursday,No,Morning Peak (7-9Am),07:36:00,07:49:00,12,108,1,13,No,No,Full (80-100%),,Traffic Jam,240.00,3.3
TRP02263,28/01/2025,Tuesday,No,Evening Peak (4-7Pm),17:42:00,17:42:00,11,77,6,0,Yes,No,Full (80-100%),Clear,None,122.00,3.3
TRP01829,01/03/2025,Saturday,Yes,Evening Peak (4-7Pm),18:34:00,18:33:00,7,105,4,-1,Yes,No,Full (80-100%),Clear,None,175.00,3.3
TRP00733,09/07/2025,Wednesday,No,Night (7-10Pm),21:26:00,21:28:00,2,62,1,2,No,No,Full (80-100%),Clear,Traffic Jam,90.00,4.9
TRP00651,25/02/2025,Tuesday,No,Morning Peak (7-9Am),08:44:00,08:45:00,6,26,8,1,No,No,Overloaded (>100%),,None,153.00,3.3
TRP01201,15/05/2025,Thursday,No,Evening Peak (4-7Pm),16:02:00,16:28:00,11,34,6,26,No,No,Full (80-100%),Light Rain,Vehicle Breakdown,173.00,3.7
TRP02138,26/05/2025,Monday,No,Midday (9Am-4Pm),11:57:00,12:04:00,2,40,8,7,No,No,Full (80-100%),Clear,Police Checkpoint,90.00,2.7
TRP01242,29/06/2025,Sunday,Yes,Evening Peak (4-7Pm),18:47:00,19:02:00,4,114,5,15,No,No,Moderate (50-80%),Heavy Rain,None,158.00,3.0
TRP02900,28/01/2025,Tuesday,No,Morning Peak (7-9Am),07:18:00,07:38:00,10,70,7,20,No,No,Low (<50%),Heavy Rain,Road Construction,,
TRP01787,01/06/2025,Sunday,Yes,Early Morning (5-7Am),06:11:00,06:09:00,8,89,6,-2,Yes,No,Low (<50%),Overcast,None,60.00,3.1
TRP01387,25/08/2025,Monday,No,Morning Peak (7-9Am),07:06:00,07:13:00,4,59,6,7,No,No,Full (80-100%),,None,160.00,1.9
TRP03080,27/02/2025,Thursday,No,Midday (9Am-4Pm),10:37:00,10:37:00,2,97,3,0,Yes,No,Overloaded (>100%),Clear,None,90.00,3.7
TRP02199,13/01/2025,Monday,No,Evening Peak (4-7Pm),18:27:00,18:26:00,5,55,8,-1,Yes,No,Full (80-100%),Light Rain,None,127.00,4.4
TRP00654,27/04/2025,Sunday,Yes,Midday (9Am-4Pm),14:29:00,14:23:00,11,92,4,-6,Yes,No,Low (<50%),Clear,None,110.00,1.0
TRP02599,26/01/2025,Sunday,Yes,Evening Peak (4-7Pm),16:34:00,16:28:00,3,18,10,-6,Yes,No,Low (<50%),Clear,None,142.00,2.6
TRP00366,19/07/2025,Saturday,Yes,Evening Peak (4-7Pm),16:20:00,16:25:00,12,32,10,5,No,No,Full (80-100%),Clear,Police Checkpoint,192.00,1.1
TRP02143,20/03/2025,Thursday,No,Midday (9Am-4Pm),09:07:00,09:07:00,10,2,2,0,Yes,No,Low (<50%),Light Rain,None,87.00,3.9
TRP01368,16/01/2025,Thursday,No,Evening Peak (4-7Pm),17:47:00,17:52:00,5,49,5,5,No,No,Overloaded (>100%),Light Rain,None,121.00,3.6
TRP01088,02/03/2025,Sunday,Yes,Midday (9Am-4Pm),12:45:00,12:48:00,10,114,9,3,No,No,Moderate (50-80%),Clear,Road Construction,70.00,2.6
TRP03464,18/01/2025,Saturday,Yes,Morning Peak (7-9Am),07:05:00,07:05:00,4,70,4,0,Yes,No,Moderate (50-80%),Overcast,None,112.00,3.7
TRP00052,10/01/2025,Friday,No,Morning Peak (7-9Am),07:53:00,08:16:00,12,31,8,23,No,No,Moderate (50-80%),Heavy Rain,None,211.00,4.1
TRP00701,18/03/2025,Tuesday,No,Night (7-10Pm),20:21:00,20:26:00,4,31,9,5,No,No,Full (80-100%),Clear,None,80.00,1.9
TRP00347,20/01/2025,Monday,No,Midday (9Am-4Pm),13:02:00,13:15:00,7,47,3,13,No,No,Moderate (50-80%),Clear,Traffic Jam,150.00,1.0
TRP00103,22/01/2025,Wednesday,No,Early Morning (5-7Am),06:40:00,06:42:00,11,106,1,2,No,No,Moderate (50-80%),Clear,Police Checkpoint,110.00,3.7
TRP01992,22/02/2025,Saturday,Yes,Night (7-10Pm),19:05:00,19:05:00,7,83,1,0,Yes,No,Low (<50%),Clear,None,150.00,2.7
TRP02305,14/07/2025,Monday,No,Midday (9Am-4Pm),11:33:00,11:32:00,10,47,1,-1,Yes,No,Low (<50%),Clear,None,70.00,4.6
TRP02610,25/06/2025,Wednesday,No,Night (7-10Pm),20:45:00,20:41:00,9,26,1,-4,Yes,No,Overloaded (>100%),Clear,None,80.00,
TRP02053,29/04/2025,Tuesday,No,Night (7-10Pm),19:43:00,19:40:00,1,62,3,-3,Yes,No,Moderate (50-80%),Clear,None,100.00,4.6
TRP00133,05/07/2025,Saturday,Yes,Early Morning (5-7Am),05:29:00,05:30:00,12,23,2,1,No,No,,Clear,None,160.00,3.5
TRP00288,07/08/2025,Thursday,No,Night (7-10Pm),21:05:00,21:18:00,2,52,1,13,No,Yes,Low (<50%),Light Rain,Road Accident Nearby,97.00,3.6
TRP03122,03/03/2025,Monday,No,Morning Peak (7-9Am),07:33:00,07:42:00,8,102,10,9,No,No,Full (80-100%),Light Rain,None,98.00,2.2
TRP01974,18/05/2025,Sunday,Yes,Evening Peak (4-7Pm),18:50:00,18:44:00,2,23,8,-6,Yes,No,Moderate (50-80%),Clear,None,129.00,2.9
TRP00609,12/07/2025,Saturday,Yes,Midday (9Am-4Pm),14:50:00,14:51:00,4,63,1,1,No,No,Full (80-100%),,None,80.00,4.2
TRP00187,20/05/2025,Tuesday,No,Midday (9Am-4Pm),14:43:00,14:42:00,11,97,8,-1,Yes,No,Moderate (50-80%),Clear,None,110.00,5.0
TRP01338,08/03/2025,Saturday,Yes,Morning Peak (7-9Am),08:47:00,09:10:00,2,20,4,23,No,No,Overloaded (>100%),Heavy Rain,None,145.00,3.3
TRP01210,08/08/2025,Friday,No,Midday (9Am-4Pm),10:49:00,10:49:00,5,24,7,0,Yes,No,Full (80-100%),Clear,Overloading Delay,,4.8
TRP00168,07/01/2025,Tuesday,No,Evening Peak (4-7Pm),18:55:00,19:04:00,6,114,8,9,No,No,Full (80-100%),Clear,Overloading Delay,158.00,3.8
TRP00001,03/06/2025,Tuesday,No,Early Morning (5-7Am),06:17:00,06:18:00,8,82,8,1,No,No,Moderate (50-80%),Light Rain,None,77.00,2.8
TRP00566,13/05/2025,Tuesday,No,Early Morning (5-7Am),06:30:00,06:49:00,10,73,10,19,No,No,,Light Rain,Road Accident Nearby,89.00,2.3
TRP03452,03/01/2025,Friday,No,Evening Peak (4-7Pm),16:02:00,16:27:00,2,5,5,25,No,No,Overloaded (>100%),Overcast,Vehicle Breakdown,138.00,2.8
TRP00950,04/04/2025,Friday,No,Midday (9Am-4Pm),13:00:00,13:03:00,11,69,11,3,No,No,Full (80-100%),Overcast,None,110.00,6.8
TRP03166,26/01/2025,Sunday,Yes,Midday (9Am-4Pm),12:44:00,12:44:00,2,112,3,0,Yes,No,Low (<50%),Light Rain,None,,4.3
TRP02881,28/03/2025,Friday,No,Midday (9Am-4Pm),14:22:00,14:24:00,7,99,1,2,No,No,Moderate (50-80%),Clear,Overloading Delay,150.00,3.6
TRP01680,30/05/2025,Friday,No,Early Morning (5-7Am),05:33:00,05:34:00,12,73,1,1,No,No,Full (80-100%),Clear,None,160.00,3.9
TRP01468,05/08/2025,Tuesday,No,Midday (9Am-4Pm),11:19:00,11:20:00,2,41,8,1,No,No,Full (80-100%),Clear,None,90.00,4.2
TRP02466,18/05/2025,Sunday,Yes,Midday (9Am-4Pm),09:01:00,09:02:00,4,105,10,1,No,No,Moderate (50-80%),Clear,Overloading Delay,80.00,3.8
TRP03178,04/08/2025,Monday,No,Evening Peak (4-7Pm),16:25:00,16:30:00,5,96,11,5,No,No,Moderate (50-80%),Clear,None,109.00,1.9
TRP01131,14/01/2025,Tuesday,No,Evening Peak (4-7Pm),18:15:00,18:26:00,11,52,2,11,No,No,Low (<50%),Clear,Road Accident Nearby,157.00,3.0
TRP01208,14/03/2025,Friday,No,Midday (9Am-4Pm),13:16:00,13:37:00,10,56,10,21,No,No,Moderate (50-80%),Clear,Vehicle Breakdown,70.00,
TRP02614,22/05/2025,Thursday,No,Night (7-10Pm),21:04:00,21:02:00,7,36,7,-2,Yes,No,Low (<50%),Clear,None,150.00,3.4
TRP01135,05/08/2025,Tuesday,No,Evening Peak (4-7Pm),17:30:00,17:41:00,9,29,5,11,No,No,Moderate (50-80%),Clear,None,113.00,2.8
TRP01066,09/04/2025,Wednesday,No,Midday (9Am-4Pm),13:57:00,14:10:00,5,20,,13,No,No,Low (<50%),Heavy Rain,None,86.00,3.2
TRP00721,07/08/2025,Thursday,No,Evening Peak (4-7Pm),17:38:00,17:45:00,4,47,11,7,No,No,Full (80-100%),Overcast,Road Construction,125.00,3.4
TRP01383,14/01/2025,Tuesday,No,Morning Peak (7-9Am),08:43:00,08:58:00,4,6,4,15,No,No,Low (<50%),Clear,Traffic Jam,88.00,
TRP01139,04/07/2025,Friday,No,Midday (9Am-4Pm),14:42:00,14:55:00,7,101,5,13,No,No,Overloaded (>100%),Light Rain,Road Construction,184.00,3.2
TRP00743,01/07/2025,Tuesday,No,Evening Peak (4-7Pm),18:41:00,18:51:00,1,42,3,10,No,No,Full (80-100%),Clear,Police Checkpoint,144.00,2.7
TRP02109,16/06/2025,Monday,No,Midday (9Am-4Pm),10:34:00,10:38:00,10,53,4,4,No,No,Low (<50%),Clear,None,70.00,4.0
TRP03482,17/05/2025,Saturday,Yes,Midday (9Am-4Pm),14:53:00,14:55:00,10,66,10,2,No,No,Low (<50%),Clear,Police Checkpoint,70.00,4.0
TRP02546,20/02/2025,Thursday,No,Morning Peak (7-9Am),07:56:00,08:01:00,5,20,9,5,No,No,Full (80-100%),Clear,Road Construction,102.00,3.6
TRP02630,12/03/2025,Wednesday,No,Midday (9Am-4Pm),15:58:00,16:23:00,12,59,9,25,No,No,Full (80-100%),Light Rain,Vehicle Breakdown,186.00,
TRP01248,06/04/2025,Sunday,Yes,Midday (9Am-4Pm),12:52:00,12:50:00,9,4,5,-2,Yes,No,Moderate (50-80%),,None,100.00,4.1
TRP01129,07/08/2025,Thursday,No,Early Morning (5-7Am),06:02:00,05:58:00,5,104,7,-4,Yes,No,Moderate (50-80%),Clear,None,70.00,3.5
TRP00010,28/07/2025,Monday,No,Midday (9Am-4Pm),10:22:00,10:34:00,5,77,1,12,No,No,Low (<50%),Clear,,70.00,2.6
TRP01897,29/04/2025,Tuesday,No,Morning Peak (7-9Am),07:54:00,08:04:00,2,49,3,10,No,No,Full (80-100%),Clear,Road Construction,121.00,3.0
TRP03398,03/06/2025,Tuesday,No,Midday (9Am-4Pm),13:33:00,13:42:00,11,47,9,9,No,No,Low (<50%),Heavy Rain,None,132.00,3.1
TRP00550,19/07/2025,Saturday,Yes,Evening Peak (4-7Pm),16:58:00,17:00:00,3,51,9,2,No,No,Overloaded (>100%),Clear,None,149.00,4.7